{
    "clashofclans_base_already_claimed": "Denna bas är redan tagen eller förstörd.",
    "clashofclans_base_already_destroyed": "Denna bas är redan förstörd.",
    "clashofclans_base_already_unclaimed": "Denna bas är inte tagen.",
    "clashofclans_base_destroyed": "**FÖRSTÖRD** bas #{0} i krig mot {1}",
    "clashofclans_base_unclaimed": "{0} har **TAGIT BORT SITT ANSPRÅK PÅ** bas #{1} i krig mot {2}",
    "clashofclans_claimed_base": "{0} har gjort anspråk på en bas #{1} i ett krig mot {2}",
    "clashofclans_claimed_other": "@{0} Du har redan gjort anspråk på bas #{1}. Du kan inte göra ett anspråk på en ny bas.",
    "clashofclans_claim_expired": "Anspråk från @{0} för ett krig mot {1} har gått ut.",
    "clashofclans_enemy": "Fiende",
    "clashofclans_info_about_war": "Information om krig mot {0}",
    "clashofclans_invalid_base_number": "Ogiltigt basnummer.",
    "clashofclans_invalid_size": "Ogiltig krigsstorlek.",
    "clashofclans_list_active_wars": "Lista över aktiva krig",
    "clashofclans_not_claimed": "Inte gjort anspråk på",
    "clashofclans_not_partic": "Du är inte med i det kriget.",
    "clashofclans_not_partic_or_destroyed": "@{0} Du är antingen inte med i det kriget eller så är basen redan förstörd.",
    "clashofclans_no_active_wars": "Inga aktiva krig.",
    "clashofclans_size": "Storlek",
    "clashofclans_war_already_started": "Krig mot {0} har redan börjat.",
    "clashofclans_war_created": "Krig mot {0} skapat.",
    "clashofclans_war_ended": "Krig mot {0} har tagit slut.",
    "clashofclans_war_not_exist": "Det kriget existerar inte.",
    "clashofclans_war_started": "Krig mot {0} har börjat!",
    "customreactions_all_stats_cleared": "Alla anpassade emojis uppgifter borttagna.",
    "customreactions_deleted": "Anpassad emoji har blivit raderad",
    "customreactions_insuff_perms": "Otillräckliga behörigheter. Kräver Bot ägande för globala anpassade reaktioner, och administratör för server anpassade reaktioner.",
    "customreactions_list_all": "Lista av alla egengjorda reaktioner",
    "customreactions_name": "Egengjorda Reaktioner",
    "customreactions_new_cust_react": "Nya egengjorda Reaktioner",
    "customreactions_no_found": "Inga custom reaktioner hittades.",
    "customreactions_no_found_id": "Ingen egengjord reaktion funnen med det id.",
    "customreactions_response": "Svar",
    "customreactions_stats": "Egengjord reaktion statistiker",
    "customreactions_stats_cleared": "Statistiker rensade för {0} egengjorda reaktioner.",
    "customreactions_stats_not_found": "Inga statistik för den triggern funnen, inget återgärd gjord.",
    "customreactions_trigger": "Trigger",
    "nsfw_autohentai_stopped": "Automatisk hentai stoppad.",
    "nsfw_not_found": "Inga resultat hittades.",
    "pokemon_already_fainted": "{0} har redan svimmat.",
    "pokemon_already_full": "{0} har redan full hälsa.",
    "pokemon_already_that_type": "din typ är redan {0}",
    "pokemon_attack": "har använt {0}{1} på {2}{3} för {4} skada.",
    "pokemon_cant_attack_again": "Du kan inte attackera igen utan motståndarens drag!",
    "pokemon_cant_attack_yourself": "du kan inte attackera dig själv",
    "pokemon_fainted": "{0} har svimmat!",
    "pokemon_healed": "helade {0} med en {1}\n",
    "pokemon_hp_remaining": "{0} har {1} hälsa kvar",
    "pokemon_invalid_move": "Du kan inte använda {0}. Skriv `{1}ml` för att se en lista av attacker du kan använda.",
    "pokemon_moves": "Attacker för {0} typer",
    "pokemon_not_effective": "Detta var inte så effektivt.",
    "pokemon_no_currency": "Du har inte nog {0}",
    "pokemon_revive_other": "återupplivade {0} med en {1}",
    "pokemon_revive_yourself": "Du återupplivade dig själv med en {0}",
    "pokemon_settype_success": "Din typ har blivit ändrad till {0} för en {1}",
    "pokemon_somewhat_effective": "Det är någorlunda effektivt.",
    "pokemon_super_effective": "Det är super effektivt!",
    "pokemon_too_many_moves": "Du använde för många attacker på raken, så du kan inte attackera!",
    "pokemon_type_of_user": "Typ av {0} är {1}",
    "pokemon_user_not_found": "Användaren hittades inte.",
    "pokemon_you_fainted": "Du svimmade, så du kan inte attackera!",
    "administration_aar_disabled": "**Auto tilldela roll** på användare som ansluter sig är nu **inaktiverad**.",
    "administration_aar_enabled": "**Auto tildela roll** på användare som ansluter sig är nu **aktiverad**.",
    "administration_attachments": "Tillbehör",
    "administration_avatar_changed": "Avatar byttes",
    "administration_bandm": "Du har blivit bannad från {0} server. anledning: {1}",
    "administration_banned_pl": "bannad",
    "administration_banned_user": "Användare bannad",
    "administration_bot_name": "Bot namn byttes till {0}",
    "administration_bot_status": "Bot status byttes till {0}",
    "administration_byedel_off": "Automastisk radering av avskeds meddelanden har blivit avaktiverat.",
    "administration_byedel_on": "Avskeds meddelanden kommer bli raderade efter {0} sekunder.",
    "administration_byemsg_cur": "Nuvarande avskeds meddelande: {0}",
    "administration_byemsg_enable": "Aktivera avskeds meddelanden genom att skriva {0}",
    "administration_byemsg_new": "Nytt avskeds meddelande satt.",
    "administration_bye_off": "Avskeds meddelande inaktiverat.",
    "administration_bye_on": "Avskeds meddelanden aktiverad på denna kanal.",
    "administration_ch_name_change": "Kanal namn har byts.",
    "administration_ch_old_name": "Gammalt Namn",
    "administration_ch_topic_change": "Kanal ämne har byts.",
    "administration_cleaned_up": "Städats upp.",
    "administration_content": "Innehåll",
    "administration_cr": "Lyckats skapa roll {0}",
    "administration_createtextchan": "Text kanal {0} skapad.",
    "administration_createvoich": "Röstkanal {0} skapad.",
    "administration_deafen": "Dövning lyckats.",
    "administration_deleted_server": "Raderad server {0}",
    "administration_delmsg_off": "Stoppad automatisk borttagning av lyckade kommando åkallanden.",
    "administration_delmsg_on": "Raderar nu lyckade kommando åkallanden.",
    "administration_deltextchan": "Text kanal {0} raderad.",
    "administration_delvoich": "Röstkanal {0} raderad.",
    "administration_dm_from": "Meddelande från",
    "administration_donadd": "Lyckats lägga till en ny donator. Totalt donerat från denna användare: {0} 👑",
    "administration_donators": "Tack alla personer listade som har hjälpt oss skapa detta projekt!",
    "administration_fwall_start": "Jag kommer skicka vidare meddelanden till alla ägare.",
    "administration_fwall_stop": "Jag kommer bara skicka vidare meddelanden till den första ägaren.",
    "administration_fwdm_start": "Jag kommer skicka vidare meddelanden från och med nu.",
    "administration_fwdm_stop": "Jag kommer sluta skicka vidare meddelande från och med nu.",
    "administration_greetdel_off": "Automatisk radering av hälsnings meddelanden har blivit avaktiverat.",
    "administration_greetdel_on": "hälsnings meddelanden kommer bli raderade efter {0} sekunder",
    "administration_greetdmmsg_cur": "Nuvarande direkt meddelande hälsning: {0}",
    "administration_greetdmmsg_enable": "Aktivera hälsnings direkt meddelande genom att skriva {0}",
    "administration_greetdmmsg_new": "Ny direkt meddenlande vid hälsning har gjorts.",
    "administration_greetdm_off": "Direkt meddelande för hälsning har avaktiverats.",
    "administration_greetdm_on": "Direkt meddelande för hälsning har aktiverats.",
    "administration_greetmsg_cur": "Nuvarande hälsning: {0}",
    "administration_greetmsg_enable": "Aktivera hälsning genom att skriva {0}",
    "administration_greetmsg_new": "Ny hälsning skapad.",
    "administration_greet_off": "Hälsningar har blivit avaktiverade.",
    "administration_greet_on": "Hälsningar har blivit aktiverade på denna kanal.",
    "administration_hierarchy": "Du kan inte använda detta kommando på användare med högre eller likastående rank till din egna enligt rankerna.",
    "administration_images_loaded": "Bilder laddade efter {0} sekunder!",
    "administration_invalid_format": "Ogiltig inmatnings format.",
    "administration_invalid_params": "Ogiltiga parametrar.",
    "administration_joined": "{0} har gått med {1}",
    "administration_kickdm": "Du har blivit kickad från {0} server.\nAnledning: {1}",
    "administration_kicked_user": "Användare sparkad",
    "administration_lang_list": "Lista över språk",
    "administration_lang_set": "Din servers lokal är nu {0} - {1}",
    "administration_lang_set_bot": "Bottens standard lokal är nu {0} - {1}",
    "administration_lang_set_bot_show": "Bottens språk är nu gjord till {0} - {1}",
    "administration_lang_set_fail": "Misslyckades att ställa lokal. Se över kommandots hjälp.",
    "administration_lang_set_show": "Denna servers språk är nu gjord till {0} - {1}",
    "administration_left": "{0} har lämnat {1}",
    "administration_left_server": "Lämnat server {0}",
    "administration_log": "Loggar {0} händelser i denna kanal.",
    "administration_log_all": "Loggar alla händelser i denna kanal.",
    "administration_log_disabled": "Loggning avaktiverad.",
    "administration_log_events": "Loggade event du kan prenumerera till:",
    "administration_log_ignore": "Loggning kommer ignorera {0}",
    "administration_log_not_ignore": "Loggning kommer inte ignorera {0}",
    "administration_log_stop": "Stoppade loggning {0} händelser.",
    "administration_menrole": "{0} har åkallat ett omnämnande på följande roller",
    "administration_message_from_bo": "Meddelande från {0} `[Bot Ägare]`:",
    "administration_message_sent": "Meddelande skickat.",
    "administration_moved": "{0} flyttad från {1} till {2}",
    "administration_msg_del": "Meddelande raderat i #{0}",
    "administration_msg_update": "Meddelande uppdaterat i #{0}",
    "administration_muted_pl": "Mutade",
    "administration_muted_sn": "Mutad",
    "administration_mute_error": "Jag har sannolikt inte de flesta tillstånd för detta.",
    "administration_mute_role_set": "Ny mute roll gjord.",
    "administration_need_admin": "Jag behöver **Administration** tillåtelse för att göra det där.",
    "administration_new_msg": "Nytt meddelande",
    "administration_new_nick": "Nytt smeknamn",
    "administration_new_topic": "Nytt ämne",
    "administration_nick_change": "Smeknamn ändrat",
    "administration_no_server": "Kan inte hitta den servern",
    "administration_no_shard_id": "Ingen shard med den ID funnen",
    "administration_old_msg": "Gammal meddelande",
    "administration_old_nick": "Gammal smeknamn",
    "administration_old_topic": "Gammal ämne",
    "administration_perms": "Fel. Troligtvis så har jag inte tillräcklig behörighet.",
    "administration_perms_reset": "Tillstånd för denna server har blivit återställt.",
    "administration_prot_active": "Aktiva skydd",
    "administration_prot_disable": "{0} har blivit **avaktiverat** på denna server.",
    "administration_prot_enable": "{0} Aktiverad",
    "administration_prot_error": "Fel. Jag behöver tillstånd att hantera roller.\n\n",
    "administration_prot_none": "Inga skydd är aktiverade.",
    "administration_raid_cnt": "Användartröskel måste vara mellan {0} och {1}.",
    "administration_raid_stats": "Om {0} eller mer användare går med inom {1} sekunder, kommer jag {2} dom.",
    "administration_raid_time": "Tiden måste vara inom {0} och {1} sekunder.",
    "administration_rar": "Lyckats ta bort alla roller från användare {0}",
    "administration_rar_err": "Misslyckades att ta bort roller. Jag har inte nog med behörighet.",
    "administration_rc": "Färger av {0} roll har blivit ändrad.",
    "administration_rc_not_exist": "Den rollen existerar inte.",
    "administration_rc_params": "Dom angivna parametrarna är ogiltiga.",
    "administration_rc_perms": "Ett fel uppstod på grund av ogiltig färg eller otillräckliga behörigheter.",
    "administration_remrole": "Lyckats ta bort roll {0} från användare {1}",
    "administration_remrole_err": "Misslyckades att ta bort roll. Jag har inte tillräckligt med behörighet.",
    "administration_renrole": "Roll omdöpt.",
    "administration_renrole_err": "Det gick inte att byta namn på roll. Jag har inte tillräckligt  behörighet.",
    "administration_renrole_perms": "Du kan inte redigera roller högre än din högsta roll.",
    "administration_reprm": "Tog bort spelande meddelande: {0}",
    "administration_role_added": "Roll {0} har blivit tillagd till listan.",
    "administration_role_clean": "{0} inte funnen. Städar upp.",
    "administration_role_in_list": "Roll {0} finns redan i listan.",
    "administration_ropl_added": "Tillagd.",
    "administration_ropl_disabled": "Rotering av spelar status avaktiverad.",
    "administration_ropl_enabled": "Rotering av spelar status aktiverad.",
    "administration_ropl_list": "Här är en lista av roterande statusar:\n{0}",
    "administration_ropl_not_set": "Inga roterande spel statusar aktiverade.",
    "administration_self_assign_already": "Du har redan {0} roll.",
    "administration_self_assign_already_excl": "Du har redan {0} exklusiv egentilldelad roll",
    "administration_self_assign_excl": "Egentilldelade roller är nu exklusiva!",
    "administration_self_assign_list": "Det finns {0} egentilldelade roller",
    "administration_self_assign_not": "Den rollen är inte möjlig att egentilldela.",
    "administration_self_assign_not_have": "Du har inte {0} roll.",
    "administration_self_assign_no_excl": "Egentilldelade roller är nu inte exklusiva!",
    "administration_self_assign_perms": "Jag är oförmögen att lägga den rollen för dig. 'Jag kan inte lägga till roller till ägare eller andra roller högre än min roll i roll hierarkin.` \n\n",
    "administration_self_assign_rem": "{0} har tagits bort från listan av egentilldelade roller.",
    "administration_self_assign_remove": "Du har inte längre {0} roll.",
    "administration_self_assign_success": "Du har nu {0} roll.",
    "administration_setrole": "Lyckats lägga till roll {0} till användare {1}",
    "administration_setrole_err": "Misslyckades att lägga till roll. Jag har inte nog behörighet.",
    "administration_set_avatar": "Ny avatar satt!",
    "administration_set_channel_name": "Nytt kanal namn satt.",
    "administration_set_game": "Nytt spel satt!",
    "administration_set_stream": "Nytt stream satt!",
    "administration_set_topic": "Nytt kanal ämne satt!",
    "administration_shard_reconnected": "Shard {0} har återansluts.",
    "administration_shard_reconnecting": "Shard {0} håller på att återansluta.",
    "administration_shutting_down": "Stänger ner.",
    "administration_slowmode_desc": "Användare kan inte skicka mer än {0} meddelanden varje {1} sekunder.",
    "administration_slowmode_disabled": "Långsamt läge avaktiverat.",
    "administration_slowmode_init": "Långsamt läge initierad",
    "administration_soft_banned_pl": "mjukt-bannad (kickad)",
    "administration_spam_ignore": "{0} kommer ignorera denna kanal.",
    "administration_spam_not_ignore": "{0} kommer inte längre att ignorera denna kanal.",
    "administration_spam_stats": "Om en användare skriver {0} samma meddelanden på en gång so kommer jag {1} dom.\n__IgnoreradeKannaler_: {2}",
    "administration_text_chan_created": "Textkanal skapad.",
    "administration_text_chan_destroyed": "Text kanal förstörd.",
    "administration_undeafen": "Borttagning av dövning lyckats.",
    "administration_unmuted_sn": "Omutad",
    "administration_username": "Användarnamn",
    "administration_username_changed": "Användarnamn ändrats",
    "administration_users": "Användare",
    "administration_user_banned": "Användare Bannad",
    "administration_user_chat_mute": "{0} har blivit **mutad** från att chatta.",
    "administration_user_chat_unmute": "{0} har blivit **omutad** från att chatta.",
    "administration_user_joined": "Användare har gått med.",
    "administration_user_left": "Användare har lämnat.",
    "administration_user_muted": "{0} har blivit **mutad** från text och röst kanal.",
    "administration_user_role_add": "Användarens roll har blivit tillagd.",
    "administration_user_role_rem": "Användarens roll har blivit borttagen.",
    "administration_user_status_change": "{0} är nu {1}",
    "administration_user_unmuted": "{0} har nu blivit **omutad** från text och röst kanal.",
    "administration_user_vjoined": "{0} har gått med {1} röst kanal.",
    "administration_user_vleft": "{0} har lämnat {1} röst kanal.",
    "administration_user_vmoved": "{0} flyttade från {1} till {2} röst kanal.",
    "administration_user_voice_mute": "{0} har blivit **röst mutad**.",
    "administration_user_voice_unmute": "{0} har blivit **röst omutad**-",
    "administration_voice_chan_created": "Röstkanal Skapad",
    "administration_voice_chan_destroyed": "Röstkanal Förstörd",
    "administration_vt_disabled": "Avaktiverat röst + text funktion.",
    "administration_vt_enabled": "Aktiverat röst + text funktion.",
    "administration_vt_exit": "Jag har inte **hantera roller** och / eller **hantera kanaler** tillstånd, så jag kan inte köra `röst + text` på {0} server.",
    "administration_vt_no_admin": "Du aktiverar / inaktiverar funktionen och **Jag har inte administratörsbehörighet**. Detta kan orsaka vissa problem, och du kommer själv att behöva städa upp textkanaler efteråt.",
    "administration_vt_perms": "Jag behöver minst **hantera roller** och **hantera kanaler** behörighet att aktivera den här funktionen. (Föredrar Administration tillåtelse)",
    "administration_xmuted_text": "Användare {0} från text chat",
    "administration_xmuted_text_and_voice": "Användare {0} från text och röst chat.",
    "administration_xmuted_voice": "Användare {0} från röst kanal",
    "administration_sbdm": "Du har blivit mjuk-bannad från {0} server.\nAnledning: {1}",
    "administration_user_unbanned": "Användare inte längre bannad.",
    "administration_migration_done": "Migration gjort!",
    "administration_migration_error": "Fel vid migrering, kontrollera botens konsol för mer information.",
    "administration_presence_updates": "Närvaro Uppdateringar.",
    "administration_sb_user": "Användare mjuk-bannad.",
    "gambling_awarded": "har tilldelat {0} till {1}",
    "gambling_better_luck": "Bättre lycka nästa gång ^_^",
    "gambling_br_win": "Grattis! Du vann {0} för att ha rullat över {1}",
    "gambling_deck_reshuffled": "Kortlek omblandat.",
    "gambling_flipped": "Vänt {0}.",
    "gambling_flip_guess": "Du gissade rätt! Du vann {0}",
    "gambling_flip_invalid": "Ogiltigt nummer anged. Du kan vända 1 till {0} mynt. ",
    "gambling_flowerreaction_desc": "Lägg till {0} reaktion till detta meddelande för att få {1}␣ ",
    "gambling_flowerreaction_footer": "Denna händelse är aktiv upptill {0} timmar.",
    "gambling_flowerreaction_title": "Blomm reaktions händelse igång!",
    "gambling_gifted": "har begåvat {0} till {1}",
    "gambling_has": "{0} har {1}",
    "gambling_heads": "Krona",
    "gambling_leaderboard": "Topplista",
    "gambling_mass_award": "Tilldelat {0} till {1} ​​användare från {2} roll.",
    "gambling_max_bet_limit": "Du kan inte satsa mer än {0}",
    "gambling_min_bet_limit": "Du kan inte satsa mindre än {0}",
    "gambling_not_enough": "Du har inte nog med {0}",
    "gambling_no_more_cards": "Inga fler kort i kortleken.",
    "gambling_raffled_user": "Lotto användare",
    "gambling_roll": "Du rullade {0}",
    "gambling_slot_bet": "Satsa",
    "gambling_slot_jackpot": "WOAAHHHHHH!!! Grattis!!! x{0}",
    "gambling_slot_single": "En enda {0}, x {1}",
    "gambling_slot_three": "Wow! Tur! Tre av en sort! x {0}",
    "gambling_slot_two": "Bra jobbat! Två {0} - insats x {1}",
    "gambling_slot_won": "Vann",
    "gambling_sneakygamestatus_desc": "Användare måste ange en hemlig kod för att få {0}.\nVarar {1} sekunder. Berätta inte för någon. Shhh.",
    "gambling_sneakygamestatus_end": "Hemlig spel händelse har tagit slut. {0} användare fick belöningen.",
    "gambling_sneakygamestatus_title": "Hemlig spel status händelse har börjat",
    "gambling_tails": "Klave",
    "gambling_take": "Lyckats ta {0} från {1}",
    "gambling_take_fail": "Lyckades inte ta {0} från {1} för att användaren inte har så mycket {2}!",
    "help_back_to_toc": "Tillback till ToC",
    "help_bot_owner_only": "Bara Bot ägare",
    "help_channel_permission": "Kräver {0} kanal tillstånd.",
    "help_cmdlist_donate": "Du kan stödja projektet på patreon: <{0}> eööer paypal: <{1}>",
    "help_cmd_and_alias": "Kommando och alias",
    "help_commandlist_regen": "Kommando lista regenereras.",
    "help_commands_instr": "Skriv `{0}h CommandName` för att se hjälp för det specifika kommandot. t.ex. `{0}h >8ball`",
    "help_command_not_found": "Jag kan inte hitta det  kommandot. Var snäll och verifiera om det kommandot existerar innan du provar igen.",
    "help_desc": "Beskrivning",
    "help_donate": "Du kan stödja NadekoBot projektet på\nPatreon <{0}> eller\nPaypal <{1}>\nGlömm inte att lämna ditt discord namn eller id i meddelandet.\n\n**Tack så mycket** ♥️ ",
    "help_guide": "**Lista av kommandon**. <{0}>\n**Värd guider och dokument kan bli hittade här*':  <{1}>",
    "help_list_of_commands": "Kommandolista",
    "help_list_of_modules": "Modullista",
    "help_modules_footer": "Skriv `{0}cmds ModuleName` för att få en lista av kommandon i den modulen. t.ex.  `{0}cmds games` ",
    "help_module_not_found": "Modulen existerar inte.",
    "help_server_permission": "Kräver {0} server tillåtelse.",
    "help_table_of_contents": "Innehållsförteckning",
    "help_usage": "Användning",
    "nsfw_autohentai_started": "Auto hentai startad. Svarar varje {0}s med en av följande taggar:\n{1}",
    "nsfw_tag": "Tagg",
    "gambling_animal_race": "Djur Lopp",
    "gambling_animal_race_failed": "Det gick inte att starta eftersom det inte fanns tillräckligt många deltagare.",
    "gambling_animal_race_full": "Loppet är full! Startar omedelbart.",
    "gambling_animal_race_join": "{0} gick med som en {1}",
    "gambling_animal_race_join_bet": "{0} gick med som en {1} och satsa {2}!",
    "gambling_animal_race_join_instr": "Skriv {0}jr för att ansluta dig till loppet.",
    "gambling_animal_race_starting": "Börjar från inom 20 sekunder eller när rummet är fullt.",
    "gambling_animal_race_starting_with_x": "Startar från och med {0} deltagare.",
    "gambling_animal_race_won": "{0} som {1} Vann loppet!",
    "gambling_animal_race_won_money": "{0} som {1} Vann loppet och {2}!",
    "gambling_dice_invalid_number": "Ogiltigt nummer specificerat. Du kan rulla {0}-{1} tärningar på en gång.",
    "gambling_dice_rolled": "rullade {0}",
    "gambling_dice_rolled_num": "Tärningar rullade: {0}",
    "gambling_race_failed_starting": "Misslyckades att starta loppet. Ett annat lopp är förmodligen igång.",
    "gambling_race_not_exist": "Inget lopp finns på denna server",
    "gambling_second_larger_than_first": "Andra numret måste vara större än den första.",
    "gambling_changes_of_heart": "Ändring av hjärta",
    "gambling_claimed_by": "Anspråk av",
    "gambling_divorces": "Skilsmässor",
    "gambling_likes": "Gillar",
    "gambling_price": "Pris",
    "gambling_waifus_none": "Inga waifus har blivit tagna hittls.",
    "gambling_waifus_top_waifus": "Top Waifus",
    "gambling_waifu_affinity_already": "din affinitet är redan inställd på den waifun eller så försöker du att ta bort din affinitet utan att ha en.",
    "gambling_waifu_affinity_changed": "ändrat sin affinitet från {0} till {1}.\n\n* Detta är moraliskt tveksamt. * 🤔",
    "gambling_waifu_affinity_cooldown": "Du måste vänta {0} timmar och {1} minuter för att byta affinitet igen.",
    "gambling_waifu_affinity_reset": "Din affinitet återställs. Du har inte en person som du gillar längre.",
    "gambling_waifu_affinity_set": "vill vara {0}s waifu. Aww <3 ",
    "gambling_waifu_claimed": "har tagit {0} som deras waifu för {1}!",
    "gambling_waifu_divorced_like": "Du har skilt dig från en waifu som gillar dig. Ditt hjärtlösa monster.\n{0} har fått {1} som kompensation.",
    "gambling_waifu_egomaniac": "du kan inte ställa affinitet till dig själv, din egoist.",
    "gambling_waifu_fulfilled": "🎉 Deras kärlek är uppfyllt! 🎉\n{0} s nya värdet är {1}!",
    "gambling_waifu_isnt_cheap": "Ingen waifu är så billig. Du måste betala minst {0} för att få en waifu, även om deras riktiga värde är lägre.",
    "gambling_waifu_not_enough": "Du måste betala {0} eller mer för att ta den waifun!",
    "gambling_waifu_not_yours": "Denna waifun är inte din.",
    "gambling_waifu_not_yourself": "Du kan inte göra anspråk på sig själv.",
    "gambling_waifu_recent_divorce": "Du blev frånskild nyligen. Du måste vänta {0} timmar och {1} minuter att skilja sig igen.",
    "gambling_nobody": "Ingen",
    "gambling_waifu_divorced_notlike": "Du har frånskild en waifu som inte gillar dig. Du har fått {0} tillbaka.",
    "games_8ball": "8boll",
    "games_acrophobia": "Acrophobia",
    "games_acro_ended_no_sub": "Spelet slutade utan några synpunkter.",
    "games_acro_no_votes_cast": "Inga röster. Spelet slutade med ingen vinnare.",
    "games_acro_nym_was": "Acronym var {0}.",
    "games_acro_running": "Acrophobia spel är redan igång i denna kanal.",
    "games_acro_started": "Spelet började. Skapa en mening med följande akronym: {0}.",
    "games_acro_started_footer": "Du har {0} sekunder för att göra en inlaga.",
    "games_acro_submit": "{0} lämnat sitt straff. ({1} totalt)",
    "games_acro_vote": "Rösta genom att skriva ett number av det du inlämnar",
    "games_acro_vote_cast": "{0} lägger sin röst!",
    "games_acro_winner": "Vinnaren är {0} med {1} poäng.",
    "games_acro_winner_only": "{0} är vinnaren för att vara den enda användaren som gjorde ett förslag!",
    "games_question": "Fråga",
    "games_rps_draw": "Det är lika! Båda valde {0}",
    "games_rps_win": "{0} vann! {1} slår {2}",
    "games_submissions_closed": "Förslag Stängda ",
    "gambling_animal_race_already_started": "Djur lopp körs redan.",
    "gambling_total_average": "Totalt: {0} Genomsnitt: {1} ",
    "games_category": "Kategori",
    "games_cleverbot_disabled": "Avaktiverade cleverbot på denna server.",
    "games_cleverbot_enabled": "Aktiverat cleverbot på denna server. ",
    "games_curgen_disabled": "Valuta skapande har inaktiverats på denna kanal.",
    "games_curgen_enabled": "Valuta skapande har aktiverats på denna kanal.",
    "games_curgen_pl": "{0} slumpmässig {1} dök up!",
    "games_curgen_sn": "En slumpmässig {0} dök upp!",
    "games_failed_loading_question": "Misslyckades ladda en fråga.",
    "games_game_started": "Spel börjat",
    "games_hangman_game_started": "Hänga gubbe har börjat",
    "games_hangman_running": "Hänga gubbe spelas redan i denna kanal.",
    "games_hangman_start_errored": "Startar hänga gubbe errored.",
    "games_hangman_types": "Lista över \"{0} hängagubbe\" term typer:",
    "games_leaderboard": "Ledartavla",
    "games_not_enough": "Du har inte nog med {0}",
    "games_no_results": "Inga resultat",
    "games_picked": "plockade {0}",
    "games_planted": "{0} planterade {1}",
    "games_trivia_already_running": "Trivia spel pågår redan i denna server.",
    "games_trivia_game": "Trivia spel",
    "games_trivia_guess": "{0} gissade rätt! Svaret var: {1}",
    "games_trivia_none": "Inget trivia spel pågår just nu.",
    "games_trivia_points": "{0} har {1} poäng",
    "games_trivia_stopping": "Stoppar efter denna fråga.",
    "games_trivia_times_up": "Tiden är slut! Det korrekta svaret var {0}",
    "games_trivia_win": "{0} gissade rätt och VANN spelet! Svaret var: {1} ",
    "games_ttt_against_yourself": "Du kan inte spela mot dig själv.",
    "games_ttt_already_running": "Tre I Rad spelet pågår redan i denna kanal.",
    "games_ttt_a_draw": "Oavgjort!",
    "games_ttt_created": "har skapat ett spel av Tre I Rad.",
    "games_ttt_has_won": "{0} har Vunnit! ",
    "games_ttt_matched_three": "Matchade Tre",
    "games_ttt_no_moves": "Inga drag kvar!",
    "games_ttt_time_expired": "Tiden är Slut!",
    "games_ttt_users_move": "{0}s drag",
    "games_vs": "{0} mot {1}",
    "music_attempting_to_queue": "Försöker köa {0} låtar...",
    "music_autoplay_disabled": "Auto spelning avaktiverad.",
    "music_autoplay_enabled": "Auto spelning aktiverad.",
    "music_defvol_set": "Standard volym satt till {0}%",
    "music_dir_queue_complete": "Katalog kö komplett.",
    "music_fairplay": "rent spel",
    "music_finished_song": "Sång Avslutad",
    "music_fp_disabled": "Rent spel avaktiverat",
    "music_fp_enabled": "Rent spel aktiverat",
    "music_from_position": "Från position",
    "music_id": "Id",
    "music_invalid_input": "Ogiltig inmatning.",
    "music_max_playtime_none": "Max speltid har ingen gräns nu.",
    "music_max_playtime_set": "Max speltid satt till {0} sekund(er).",
    "music_max_queue_unlimited": "Max musik köns storleken inställd på obegränsad.",
    "music_max_queue_x": "Max musik köns storleken inställd på {0} spår.",
    "music_must_be_in_voice": "Du måste vara i röst kanalen på den här servern.",
    "music_name": "Namn",
    "music_now_playing": "Nu Spelas",
    "music_no_player": "Ingen aktiv musikspelare.",
    "music_no_search_results": "Inga sök resultat.",
    "music_paused": "Musikuppspelning pausas.",
    "music_player_queue": "Spelar Kö - Sida {0}/{1}",
    "music_playing_song": "Spelar låt",
    "music_playlists": " `#{0}` - **{1}** by *{2}* ({3} låtar)",
    "music_playlists_page": "Sida {0} av Sparade Spellistor",
    "music_playlist_deleted": "Spelllista borttagen.",
    "music_playlist_delete_fail": "Kunde ej ta bort den låtlistan. Antingen finns den ej eller så är det inte du som skapat den.",
    "music_playlist_id_not_found": "Spellista med det ID existerar inte.",
    "music_playlist_queue_complete": "Spellista komplett.",
    "music_playlist_saved": "Spellista Sparad",
    "music_play_limit": "{0}s gräns",
    "music_queue": "Kö",
    "music_queued_song": "Köad sång",
    "music_queue_cleared": "Musik kön rensad.",
    "music_queue_full": "Kön är full på {0}/{0}.",
    "music_removed_song": "Tog bort låt",
    "music_repeating_cur_song": "Repeterar Nuvarande Låt",
    "music_repeating_playlist": "Repeterar Spellistan",
    "music_repeating_track": "Repeterar Låt",
    "music_repeating_track_stopped": "Nuvarande låt repetering stoppad.",
    "music_resumed": "Musikuppspelning återupptas.",
    "music_rpl_disabled": "Upprepning av spellista inaktiverad.",
    "music_rpl_enabled": "Upprepning av spellista aktiverad.",
    "music_set_music_channel": "Jag kommer nu att utgångs spela, färdig pausad och borttagna låtar i denna kanal.",
    "music_skipped_to": "Skippat till `{0}:{1}`",
    "music_songs_shuffled": "Sånger blandade.",
    "music_song_moved": "Sång flyttad",
    "music_time_format": "{0}h {1}m {2}s",
    "music_to_position": "Till position",
    "music_unlimited": "obegränsad",
    "music_volume_input_invalid": "Volym måste vara mellan 0 och 100",
    "music_volume_set": "Volym satt till {0}%",
    "permissions_acm_disable": "Avaktiverat användning av alla MODULER på kanalen {0}.",
    "permissions_acm_enable": "Aktiverat användning av alla MODULER på kanalen {0}.",
    "permissions_allowed": "Tillåtet",
    "permissions_arm_disable": "Avaktiverat användning av alla MODULER för roll {0}.",
    "permissions_arm_enable": "Aktiverat användning av alla MODULER för roll {0}.",
    "permissions_asm_disable": "Avaktiverat användning av alla MODULER på denna server.",
    "permissions_asm_enable": "Aktiverat användning av alla MODULER på denna server.",
    "permissions_aum_disable": "Avaktiverat användning av alla MODULER för användare {0}.",
    "permissions_aum_enable": "Aktiverat användning av alla MODULER för användare {0}.",
    "permissions_blacklisted": "Svartlistat {0} med ID {1}",
    "permissions_cmdcd_add": "Kommando {0} har nu {1}s väntetid.",
    "permissions_cmdcd_cleared": "Kommando {0} har nu ingen väntetid och alla existerande väntetider har blivit rensade.",
    "permissions_cmdcd_none": "Inga kommando väntetider satta.",
    "permissions_command_costs": "Kommando kostar",
    "permissions_cx_disable": "Avaktiverade användning av {0} {1} på kanal {2}.",
    "permissions_cx_enable": "Aktiverade användning av {0} {1} på kanal {2}.",
    "permissions_denied": "Nekad",
    "permissions_filter_word_add": "La till ordet {0} till listan över filtrerade ord.",
    "permissions_filter_word_list": "Lista av filtrerade ord",
    "permissions_filter_word_remove": "Tog bort ord {0} från listan av filtrerade ord.",
    "permissions_invalid_second_param_between": "Ogiltig andra parameter.(Måste vara ett nummer mellan {0} och {1})",
    "permissions_invite_filter_channel_off": "Inbjuds filtrering avaktiverad på denna kanal.",
    "permissions_invite_filter_channel_on": "Inbjuds filtrering aktiverad på denna kanal.",
    "permissions_invite_filter_server_off": "Inbjuds filtrering avaktiverad på denna server.",
    "permissions_invite_filter_server_on": "Inbjuds filtrering aktiverad på denna server.",
    "permissions_moved_permission": "Flyttade behörighet {0} från #{1} till #{2}",
    "permissions_not_found": "Kan inte kitta behörighet på index #{0}",
    "permissions_no_costs": "Inga kostnader satta.",
    "permissions_of_command": "kommando",
    "permissions_of_module": "modul",
    "permissions_page": "Behörighets sida {0}",
    "permissions_permrole": "Nuvarade behörighets roll är {0}",
    "permissions_permrole_changed": "Användare behöver nu {0} rollen för att kunna ändra behörigheter.",
    "permissions_perm_out_of_range": "Inga behörigheter funna i den indexen.",
    "permissions_removed": "Tog bort behörighet #{0} - {1}",
    "permissions_rx_disable": "Avaktiverat användning av {0} {1} för {2} rollen.",
    "permissions_rx_enable": "Aktiverat användning av {0} {1} för {2} rollen.",
    "permissions_sec": "sek.",
    "permissions_sx_disable": "Avaktiverat användning av {0} {1} på denna server.",
    "permissions_sx_enable": "Aktiverat användning av {0} {1} på denna server.",
    "permissions_unblacklisted": "Togbort {0} från svartlistan med ID {1}",
    "permissions_uneditable": "oredigerbar",
    "permissions_ux_disable": "Avaktiverat användning av {0} {1} för {2} användare.",
    "permissions_ux_enable": "Aktiverat användning av {0} {1} för {2} användare.",
    "permissions_verbose_false": "Jag kommer inte länga visa behörighets varningar.",
    "permissions_verbose_true": "Jag kommer nu visa behörighets varningar.",
    "permissions_word_filter_channel_off": "Ord filtrering avaktiverat i denna kanal.",
    "permissions_word_filter_channel_on": "Ord filtrering aktiverat i denna kanal.",
    "permissions_word_filter_server_off": "Ord filtrering avaktiverat på denna server.",
    "permissions_word_filter_server_on": "Ord filtrering aktiverat på denna server.",
    "searches_abilities": "Förmågor",
    "searches_anime_no_fav": "Ingen favoritanime än",
    "searches_atl_ad_started": "Började automatisk översättning av meddelanden på denna kanal. Användarmeddelanden kommer att automatiskt tas bort.",
    "searches_atl_removed": "ditt automatiska översätta-språk har tagits bort.",
    "searches_atl_set": "ditt automatiska översätta-språk har blivit satt till {0}>{1} ",
    "searches_atl_started": "Började automatisk översättning av meddelanden på denna kanal.",
    "searches_atl_stopped": "Stoppat automatisk översättning av meddelanden på denna kanal.",
    "searches_bad_input_format": "Dålig inmatnings format, eller så gick något fel.",
    "searches_card_not_found": "Kunde ej hitta det kortet.",
    "searches_catfact": "fakta",
    "searches_chapters": "Kapitel",
    "searches_comic_number": "Serie #",
    "searches_compet_loses": "Kompetitiva Förluster",
    "searches_compet_played": "Kompetitiva Spelade",
    "searches_compet_rank": "Kompetitiv Rank",
    "searches_compet_wins": "Kompetitiva Vinster",
    "searches_completed": "Avslutade",
    "searches_condition": "Kondition",
    "searches_cost": "Kostnad",
    "searches_date": "Datum",
    "searches_define": "Definera:",
    "searches_dropped": "Övergivna",
    "searches_episodes": "Avsnitt",
    "searches_error_occured": "Ett fel inträffade.",
    "searches_example": "Exempel",
    "searches_failed_finding_anime": "Kunde ej hitta den animun.",
    "searches_failed_finding_manga": "Kunde ej hitta den mangon.",
    "searches_genres": "Genres",
    "searches_hashtag_error": "Misslyckades att hitta en definition för den taggen.",
    "searches_height_weight": "Längd/Vikt",
    "searches_height_weight_val": "{0}m/{1}kg",
    "searches_humidity": "Fuktighet",
    "searches_image_search_for": "Bild sökning för:",
    "searches_imdb_fail": "Kunde ej hitta den filmen.",
    "searches_invalid_lang": "Ogiltig källa eller mål språk. ",
    "searches_jokes_not_loaded": "Skämt ej laddade.",
    "searches_latlong": "Lat/Long",
    "searches_level": "Nivå",
    "searches_list_of_place_tags": "Lista av {0} plats taggar",
    "searches_location": "Plats",
    "searches_magicitems_not_loaded": "Magiska föremål inte laddade. ",
    "searches_mal_profile": "{0}:s MAL profil",
    "searches_mashape_api_missing": "Bot ägare specificerade  inte MashapeApiKey. Du kan inte använda den här funktionen.",
    "searches_min_max": "Min/Max",
    "searches_no_channel_found": "Inga kanaler hittades.",
    "searches_no_results": "Inga resultat hittades.",
    "searches_on_hold": "Placerad i kö",
    "searches_original_url": "Original url",
    "searches_osu_api_key": "En osu! API nyckel krävs.",
    "searches_osu_failed": "Misslyckades att hämta osu! signatur.",
    "searches_over_x": "Hittade över {0} bilder. Visar slumpmässig {0}.",
    "searches_ow_user_not_found": "Användare inte funnen! Snälla kolla Regionen och BattleTag innan du försöker igen.",
    "searches_plan_to_watch": "Planerar att kolla",
    "searches_platform": "Plattform",
    "searches_pokemon_ability_none": "Ingen förmåga hittad.",
    "searches_pokemon_none": "Ingen pokemon funnen.",
    "searches_profile_link": "Profil link:",
    "searches_quality": "Kvalitet:",
    "searches_quick_playtime": "Snabb speltid",
    "searches_quick_wins": "Snabba vinster",
    "searches_rating": "Betyg",
    "searches_score": "Poäng:",
    "searches_search_for": "Leta efter:",
    "searches_shorten_fail": "Misslyckades att förkorta den url.",
    "searches_short_url": "Kort utl",
    "searches_something_went_wrong": "Något gick fel.",
    "searches_specify_search_params": "Var snäll och specificera sök parametrar.",
    "searches_status": "Status",
    "searches_store_url": "Butik url",
    "searches_streamer_offline": "Streamer {0} är offline.",
    "searches_streamer_online": "Streamer {0} är online med {1} tittare.",
    "searches_streams_following": "Du följer {0} streams på denna server.",
    "searches_streams_none": "Du följer inga streams på denna server.",
    "searches_stream_no": "Finns ingen sådan stream.",
    "searches_stream_not_exist": "Stream existerar förmodligen inte.",
    "searches_stream_removed": "Tog bort {0}'s stream ({1}) från notiser.",
    "searches_stream_tracked": "Jag kommer notifikera denna kanal när status ändras.",
    "searches_sunrise": "Soluppgång",
    "searches_sunset": "Solnedgång",
    "searches_temperature": "Temperatur",
    "searches_title": "Titel:",
    "searches_top_3_fav_anime": "Top 3 favorit anime:",
    "searches_translation": "Översättning:",
    "searches_types": "Typer",
    "searches_ud_error": "Misslyckades att hitta definitionen för den termen.",
    "searches_url": "Url",
    "searches_viewers": "Tittare",
    "searches_watching": "Tittar",
    "searches_wikia_error": "Misslyckades att hitta term på den specificerade wikia.",
    "searches_wikia_input_error": "Snälla skriv en wikia, följd av sökfråga.",
    "searches_wiki_page_not_found": "Sidan kunde ej hittas.",
    "searches_wind_speed": "vindhastighet",
    "searches_x_most_banned_champs": "De {0} mest bannade mästare",
    "searches_yodify_error": "Misslyckades att yodifiera din mening.",
    "utiliity_joined": "Gick med",
    "utility_activity_line": "`{0}.` {1} [{2:F2}/s] - {3} total ",
    "utility_activity_page": "Aktivitets sida #{0}",
    "utility_activity_users_total": "{0} användare totalt.",
    "utility_author": "Författare",
    "utility_botid": "Bot ID",
    "utility_calcops": "Lista av funktioner i {0}calc kommando",
    "utility_channelid": "Kanalens {0} är {1}",
    "utility_channel_topic": "Kanal ämne",
    "utility_commands_ran": "Kommandon Körda",
    "utility_convert": "{0} {1} är samma som {2} {3}",
    "utility_convertlist": "Enheter som kan användas av konverteraren",
    "utility_convert_not_found": "Kan inte konvertera {0} till {1}: enheter inte funna.",
    "utility_convert_type_error": "Kan inte konvertera {0} till {1}: typer av enheter är inte lika värda.",
    "utility_created_at": "Skapad vid",
    "utility_csc_join": "Gå med kanal för att prata över servrar.",
    "utility_csc_leave": "Lämnade kanal för att prata över servrar.",
    "utility_csc_token": "Detta är din CSC token",
    "utility_custom_emojis": "Egengjorda emojis",
    "utility_error": "Fel",
    "utility_features": "Funktioner",
    "utility_id": "ID",
    "utility_index_out_of_range": "Index utom räckhåll",
    "utility_inrole_list": "Lista över användare i {0}-rollen",
    "utility_inrole_not_allowed": "Du är inte tillåten att använda detta kommando på roller med många användare i dem för att förhindra missbruk.",
    "utility_invalid_value": "Ogiltigt {0} värde.",
    "utility_joined_discord": "Gick med Discord",
    "utility_joined_server": "Gick med Server",
    "utility_listservers": "ID: {0}\nMedlemmar: {1}\nÄgarID: {2}",
    "utility_listservers_none": "Inga servrar funna på den sidan.",
    "utility_list_of_repeaters": "List över repeterare",
    "utility_members": "Medlemmar",
    "utility_memory": "Minne",
    "utility_messages": "Meddelanden",
    "utility_message_repeater": "Meddelande repeterare",
    "utility_name": "Namn",
    "utility_nickname": "Smeknamn",
    "utility_nobody_playing_game": "Ingen spelar det spelet.",
    "utility_no_active_repeaters": "Inga aktiva repeterare.",
    "utility_no_roles_on_page": "Inga roller på denna sida.",
    "utility_no_shards_on_page": "Inga shards på denna sida.",
    "utility_no_topic_set": "Inget ämne satt",
    "utility_owner": "Ägare",
    "utility_owner_ids": "Ägar IDs",
    "utility_presence": "Närvaro",
    "utility_presence_txt": "{0} Servrar\n{1} Textkanaler\n{2} Röstkanaler",
    "utility_quotes_deleted": "Tog bort alla citat med nyckelordet {0}.",
    "utility_quotes_page": "Sida {0} av citat",
    "utility_quotes_page_none": "Inga citat på denna sida.",
    "utility_quotes_remove_none": "Inga citat hittades som du kan ta bort.",
    "utility_quote_added": "Citat tillagt",
    "utility_quote_deleted": "Citat #{0} borttaget.",
    "utility_region": "Region",
    "utility_registered_on": "Registrerad på",
    "utility_remind": "Jag kommer påminna {0} att {1} om {2} `({3:d.M.yyyy.} klockan {4:HH:mm})`",
    "utility_remind_invalid_format": "Inte en giltig tids format. Kolla kommandolistan.",
    "utility_remind_template": "Ny påminnelse mall satt. ",
    "utility_repeater": "Repeterar {0} varje {1} dag(ar), {2} timme(ar) and {3} minut(er).",
    "utility_repeaters_list": "Lista av repeterare",
    "utility_repeaters_none": "Ingen repeterare körs på denna server.",
    "utility_repeater_stopped": "#{0} slutade.",
    "utility_repeat_invoke_none": "Inga repeterande medelanden funna på denna server.",
    "utility_result": "Resultat",
    "utility_roles": "Roller",
    "utility_roles_all_page": "Sida #{0} av roller på denna server:",
    "utility_roles_page": "Sida #{0} av roller för {1}",
    "utility_rrc_no_colors": "Inga färger använder rätt format. Använd `#00ff00` som exempel.",
    "utility_rrc_start": "Började rotera {0} rollens färger.",
    "utility_rrc_stop": "Slutade rotera färger för {0} rollen",
    "utility_serverid": "Denna servers {0} är {1}",
    "utility_server_info": "Server Information",
    "utility_shard": "Shard",
    "utility_shard_stats": "Shard status",
    "utility_shard_stats_txt": "Shard **#{0}** är i {1} status med {2} servers",
    "utility_showemojis": "**Namn:** {0} **Länk:** {1}",
    "utility_showemojis_none": "Inga special emojis funna.",
    "utility_stats_songs": "Spelar {0} låtar, {1} köad.",
    "utility_text_channels": "Textkanaler",
    "utility_togtub_room_link": "Här är länken till ditt rum:",
    "utility_uptime": "Upptid",
    "utility_userid": "{0} av användare {1} är {2}",
    "utility_users": "Användare",
    "utility_voice_channels": "Röstkanaler",
    "gambling_animal_race_already_in": "Du har redan gått med detta lopp!",
    "games_current_poll_results": "Nuvarande röstningsresultat",
    "games_no_votes_cast": "Inga röster gjorda.",
    "games_poll_already_running": "Rösten är redan igång på denna server.",
    "games_poll_created": "📃 {0} har skapat en röst som kräver din uppmärksamhet:",
    "games_poll_result": "`{0}.` {1} med {2} röster.",
    "games_poll_voted": "{0} röstade.",
    "games_poll_vote_private": "Privat Meddela mig det nummer som stämmer överens med svaret.",
    "games_poll_vote_public": "Skicka ett Meddelande här med det nummer som stämmer överens med svaret.",
    "games_thanks_for_voting": "Tack för att du röstade, {0}",
    "games_x_votes_cast": "{0} antal röster gjorda.",
    "games_pick_pl": "Plocka upp de genom att skriva `{0}pick`",
    "games_pick_sn": "Plocka upp den genom att skriva `{0}pick`",
    "gambling_no_users_found": "Inga användare funna.",
    "gambling_page": "sida {0}",
    "administration_must_be_in_voice": "Du måste vara i en röstkanal på denna server.",
    "administration_no_vcroles": "Det finns inga röstkanalsroller.",
    "administration_user_muted_time": "{0} har blivit **mutad** från text och röstchatt i {1} minuter.",
    "administration_vcrole_added": "Användare som går in i röstkanalen {0} får rollen {1}.",
    "administration_vcrole_removed": "Användare som går med {0} röstkanalen kommer inte längre få en roll.",
    "administration_vc_role_list": "Röstkanalsroller",
    "customreactions_crad_disabled": "Meddelande som triggrar den egengjorda reaktion med id {0} kommer inte bli automatiskt raderad.",
    "customreactions_crad_enabled": "Meddelandet som triggrar den egengjorda reaktion med id {0} kommer bli",
    "customreactions_crdm_disabled": "Svar meddelande för den egengjorda reaktion med id {0} kommer inte att skickas som ett DM.",
    "customreactions_crdm_enabled": "Svar meddelande för den egengjoda reaktion med id {0} kommer att skickas som ett DM.",
    "utility_aliases_none": "Ingen alias hittad",
    "utility_alias_added": "Skriver {0} kommer nu vara en alias av {1}.",
    "utility_alias_list": "Lista av aliaser",
    "utility_alias_removed": "Aktivering {0} har inte längre någon alias. ",
    "utility_alias_remove_fail": "Trigger {0} hade ingen alias.",
    "searches_compet_playtime": "Kompetitiv speltid",
    "administration_channel": "Kanal",
    "administration_command_text": "Kommando Text",
    "administration_kicked_pl": "Sparkad",
    "administration_moderator": "Moderator",
    "administration_page": "Sida {0}",
    "administration_reason": "Anledning",
    "administration_scadd": "Ny uppstart kommando tillagd.",
    "administration_scrm": "Uppstart kommando har blivit avtagen.",
    "administration_scrm_fail": "Uppstart kommando hittas inte.",
    "administration_server": "Server",
    "administration_startcmdlist_none": "Ingen uppstart kommando har hittats på denna sidan.",
    "administration_startcmds_cleared": "Rensat alla uppstart kommando.",
    "administration_unbanned_user": "Användaren {0} har blivit icke avstängd.",
    "administration_user_not_found": "Användaren hittades inte. ",
    "administration_user_warned": "Användaren {0} har blivit varnad.",
    "administration_user_warned_and_punished": "Användaren {0} har blivit varnad och {1} straff har blivit tillämpat.",
    "administration_warned_on": "Varning på {0} server",
    "administration_warned_on_by": "På {0} i {1} av {2}",
    "administration_warnings_cleared": "Alla varningar har blivit rensade för {0}.",
    "administration_warnings_none": "Inga varningar på denna sidan.",
    "administration_warnlog_for": "Varning log för {0}",
    "administration_warnpl_none": "Ingen straff ställt.",
    "administration_warn_cleared_by": "rensad av {0}",
    "administration_warn_punish_list": "Varning straff lista",
    "administration_warn_punish_rem": "Har {0} varningar kommer inte längre aktivera ett straff.",
    "administration_warn_punish_set": "Jag kommer att tillägga {0} straff till användare med {1} varningar.",
    "administration_slowmodewl_role_start": "Långsam läge kommer nu att bli ignorerad {0} roll.",
    "administration_slowmodewl_role_stop": "Långsam läge kommer inte längre att bli ignorerad {0} roll.",
    "administration_slowmodewl_user_start": "Långsam läge kommer nu ignorera användaren {0}",
    "administration_slowmodewl_user_stop": "Långsam läge kommer inte längre ignorera användaren {0}",
    "utility_clpa_fail": "Misslyckad anpråk av pris på grund av följande anledningar:",
    "utility_clpa_fail_already": "Du har kanske redan mottagit din pris för denna månaden. Du kan bara motta priser en gång per månad om inte du ökar din pledge.",
    "utility_clpa_fail_already_title": "Redan belönat",
    "utility_clpa_fail_conn": "Din discord konto är kanske inte ansluten till Patreon. Om du inte är säker om vad det betyder, eller inte vet hur du skall ansluta det - du måse då gå till [Patreon account settings page]\n(https://patreon.com/settings/account) och klicka på 'Connect to discord' knappen.",
    "utility_clpa_fail_conn_title": "Discord konto är icke ansluten.",
    "utility_clpa_fail_sup": "För att vara berättigad till priset så måste du stödja projektet på patreon. Du kan använda {0} kommandot för att få länken.",
    "utility_clpa_fail_sup_title": "Ingen stöd",
    "utility_clpa_fail_wait": "Du måste vänta några timmer efter din pledge, om du inte har gjort det, prova igen senare.",
    "utility_clpa_fail_wait_title": "Vänta en stund",
    "utility_clpa_success": "Du har mottagit {0} Tack för att du har stödjat projektet! ",
    "utility_clpa_too_early": "Pris kan bli hävdad på eller efter femte av varje månad.",
    "searches_time": "Tid i {0} är {1} - {2}",
    "administration_rh": "Ställ display av guild roll {0} till {1}",
    "gambling_name": "Namn",
    "gambling_shop": "Affär",
    "gambling_shop_item_add": "Affär föremål tillagd",
    "gambling_shop_none": "Ingen shop föremål kan hittas på denna sidan.",
    "gambling_shop_role": "Du kommer att få {0} roll.",
    "gambling_type": "Typ",
    "utility_clpa_next_update": "Nästa uppdatering i {0}",
    "administration_global_perms_reset": "Global tillåtelse har blivit återställt. ",
    "administration_gvc_disabled": "Spel Röst Kanal funktion har blivit inaktiverad på denna servern. ",
    "administration_gvc_enabled": "{0} är ett Spel Röst Kanal nu.\n",
    "administration_not_in_voice": "Du är inte i röst kanalen på denna server. ",
    "gambling_item": "Föremål",
    "gambling_out_of_stock": "Tillfälligt slut.",
    "gambling_random_unique_item": "Slumpmässig unik föremål.",
    "gambling_shop_buy_error": "Fel DMing föremål. Du har blivit återbetalad. ",
    "gambling_shop_item_not_found": "Ingen föremål på den Index har hittats.",
    "gambling_shop_item_purchase": "Föremål inköp är lyckad.",
    "gambling_shop_item_rm": "Shop föremål borttagen.",
    "gambling_shop_item_wrong_type": "Den shop artikeln stödjer ej föremål tilläggning.",
    "gambling_shop_list_item_added": "Föremål har blivit tillagd. ",
    "gambling_shop_list_item_not_unique": "Den där föremålet har redan blivit tillagd. ",
    "gambling_shop_purchase": "Inköp på {0} server",
    "gambling_shop_role_not_found": "Roll som säljs existerar inte längre.",
    "gambling_shop_role_purchase": "Du har köpt {0} roll.",
    "gambling_shop_role_purchase_error": "Fel tilldelning av roll. Din inköp har blivit återbetalt.",
    "gambling_unique_items_left": "{0} unika föremål kvar. ",
    "permissions_blocked_commands": "Blockerad Kommandos",
    "permissions_blocked_modules": "Blockerad Moduller",
    "permissions_gcmd_add": "Kommando {0} har blivit avaktiverad på alla server. ",
    "permissions_gcmd_remove": "Kommando {0} har blivit aktiverad på alla server.",
    "permissions_gmod_add": "Modull {0} har blivit avaktiverad på alla server.",
    "permissions_gmod_remove": "Modull {0} har blivit aktiverad på alla server. ",
    "permissions_lgp_none": "Ingen blockerad kommando eller moduller. ",
    "gambling_animal_race_no_race": "Detta djur lopp är fullt!",
    "utility_cant_read_or_send": "Du kan inte läsa eller skicka medelanden till den kanalen.",
    "utility_quotes_notfound": "Inget citat hittades som matchade det specifierade citat ID:t"
}