{
    "clashofclans_base_already_claimed": "Denne base er enten blevet ødelagt, eller der en anden, som allerede har gjort krav på den.",
    "clashofclans_base_already_destroyed": "Denne base er allerede ødelagt.",
    "clashofclans_base_already_unclaimed": "Der er ikke blevet gjort krav på denne base.",
    "clashofclans_base_destroyed": "**ØDELAGT** base #{0} i en krig mod {1}",
    "clashofclans_base_unclaimed": "{0} har **OPGIVET DERES KRAV PÅ** base#{1} i krig i mod {2}",
    "clashofclans_claimed_base": "{0} har gjort krav på base #{1} i en krig mod {2}",
    "clashofclans_claimed_other": "@{0} Du har allerede gjort krav på base #{1}. du kan ikke gøre krav på en ny en.",
    "clashofclans_claim_expired": "Kravet fra @{0} på basen i krigen mod {1} er udløbet.",
    "clashofclans_enemy": "Modstander",
    "clashofclans_info_about_war": "Information omkring krigen mod {0}",
    "clashofclans_invalid_base_number": "Ugyldigt base nummer.",
    "clashofclans_invalid_size": "Ugyldig krigsstørrelse.",
    "clashofclans_list_active_wars": "Liste af aktive krige.",
    "clashofclans_not_claimed": "Intet krav",
    "clashofclans_not_partic": "Du er ikke med i denne krig.",
    "clashofclans_not_partic_or_destroyed": "@{0} Du er enten ikke med i krigen, eller basen er allerede ødelagt.",
    "clashofclans_no_active_wars": "Ingen aktive krige.",
    "clashofclans_size": "Størrelse",
    "clashofclans_war_already_started": "Krig mod {0} er allerede begyndt.",
    "clashofclans_war_created": "Krig mod {0} oprettet.",
    "clashofclans_war_ended": "Krig mod {0} sluttet.",
    "clashofclans_war_not_exist": "Denne krig eksisterer ikke.",
    "clashofclans_war_started": "Krigen mod {0} er startet!",
    "customreactions_all_stats_cleared": "Alle statistikerne på brugerdefinerede reaktioner er blevet nulstillet.",
    "customreactions_deleted": "Brugerdefineret reaktion slettet.",
    "customreactions_insuff_perms": "Ikke nogle rettigheder. Kræver Bot ejerskab for globale bruger lavede reaktioner, og Administrator for server reaktioner.",
    "customreactions_list_all": "Liste på alle brugerdefinerede reaktioner.",
    "customreactions_name": "Brugerdefinerede reaktioner",
    "customreactions_new_cust_react": "Ny brugerdefineret reaktion",
    "customreactions_no_found": "Ingen brugedefineret reaktion blev fundet.",
    "customreactions_no_found_id": "Ingen brugerdefineret reaktion blev fundet med dette id.",
    "customreactions_response": "Svar",
    "customreactions_stats": "Bruger lavet reaktion statistik.",
    "customreactions_stats_cleared": "statistik nulstillet for {0} bruger lavet reaktion.",
    "customreactions_stats_not_found": "Ingen statistik for den udløser blev fundet, har ikke udført nogen handling.",
    "customreactions_trigger": "Udløser",
    "nsfw_autohentai_stopped": "AutoHentai stoppet.",
    "nsfw_not_found": "Ingen resultater fundet.",
    "pokemon_already_fainted": "{0} er allerede besvimet.",
    "pokemon_already_full": "{0} har allerede fuld HP.",
    "pokemon_already_that_type": "Du er allerede typen {0}",
    "pokemon_attack": "Brugte {0}{1} i mod {2}{3} for {4} skade.",
    "pokemon_cant_attack_again": "Du kan ikke angribe igen uden et hævnangreb!",
    "pokemon_cant_attack_yourself": "Du kan ikke angribe dig selv.",
    "pokemon_fainted": "{0} besvimede!",
    "pokemon_healed": "Kurerede {0} med en {1}",
    "pokemon_hp_remaining": "{0} har {1} HP tilbage.",
    "pokemon_invalid_move": "Du kan ikke bruge {0}. Skriv '{1}ml' for at se  en liste af angreb du kan lave.",
    "pokemon_moves": "Angrebsliste for {0} typen.",
    "pokemon_not_effective": "Det er ikke effektivt.",
    "pokemon_no_currency": "Du er ikke nok {0}",
    "pokemon_revive_other": "Genoplivede {0} med en {1}",
    "pokemon_revive_yourself": "Du genoplivede dig selv med en {0}",
    "pokemon_settype_success": "Din type er blevet skiftet til {0} for en {1}",
    "pokemon_somewhat_effective": "Det er nogenlunde effektivt.",
    "pokemon_super_effective": "Det er super effektivt!",
    "pokemon_too_many_moves": "Du brugte for mange angreb efter hinanden, så du kan ikke bevæge dig!",
    "pokemon_type_of_user": "typen af {0} er {1}",
    "pokemon_user_not_found": "Bruger blev ikke fundet.",
    "pokemon_you_fainted": "Du besvimede, så du kan ikke bevæge dig!",
    "administration_aar_disabled": "**Automatisk angiv rolle** ved en ny bruger forbinder er nu **Slået fra**.",
    "administration_aar_enabled": "**Automatisk angiv rolle** ved en ny bruger forbinder er nu **Slået til**. ",
    "administration_attachments": "Bilag",
    "administration_avatar_changed": "Avatar skiftet",
    "administration_bandm": "Du er blevet bandlyst fra {0} serveren. På grund af: {1}",
    "administration_banned_pl": "bandlyst",
    "administration_banned_user": "Bruger bandlyst",
    "administration_bot_name": "Bot navn skiftet til {0}",
    "administration_bot_status": "Bot status skiftet til {0}",
    "administration_byedel_off": "Automatisk sletning af farvel beskeder er slået fra.",
    "administration_byedel_on": "Farvel beskeder vil blive slettet efter {0} sekunder.",
    "administration_byemsg_cur": "Nuværende farvel besked: {0}",
    "administration_byemsg_enable": "Slå farvel beskeder til ved at skrive {0}",
    "administration_byemsg_new": "Ny farvel besked indstillet.",
    "administration_bye_off": "Farvel meddelelse slået fra.",
    "administration_bye_on": "Farvel meddelelse er slået til på denne kanal.",
    "administration_ch_name_change": "Kanalnavn skiftet",
    "administration_ch_old_name": "Gamle navn",
    "administration_ch_topic_change": "Kanal emne skiftet",
    "administration_cleaned_up": "Ryddet op.",
    "administration_content": "Indhold",
    "administration_cr": "sucessrigt lavet en ny rolle {0}",
    "administration_createtextchan": "Tekst kanal {0} oprettet.",
    "administration_createvoich": "Stemme kanal {0} oprettet",
    "administration_deafen": "Døvet lykkedes",
    "administration_deleted_server": "Slettet server {0}",
    "administration_delmsg_off": "Soppet automatisk sletning af vellykkede kommandoer påkaldelse.",
    "administration_delmsg_on": "Sletter nu automatisk vellykkede påkaldelses kommandoer.",
    "administration_deltextchan": "Tekst kanal {0} slettet.",
    "administration_delvoich": "Stemmekanalen {0} blev slettet",
    "administration_dm_from": "Privat besked fra ",
    "administration_donadd": "",
    "administration_donators": "Tak til dem som er listet nedenfor fordi i gjorde dette projekt kunne blive lavet!",
    "administration_fwall_start": "Jeg vil videresende alle pirvatbeskeder til alle ejere.",
    "administration_fwall_stop": "Jeg vil kun videresende privatbeskeder til den første ejer.",
    "administration_fwdm_start": "Jeg vil videresende fra nu af.",
    "administration_fwdm_stop": "Jeg vil stoppe med at viderersende fra nu af.",
    "administration_greetdel_off": "Automatisk sletning af velkomst beskeder er blevet slået fra",
    "administration_greetdel_on": "Velkomst beskeder vil blive slettet efter {0} sekunder",
    "administration_greetdmmsg_cur": "Nuværende DB velkommen besked: {0}",
    "administration_greetdmmsg_enable": "Slå velkomst beskeder i privat besked til ved at skrive {0}",
    "administration_greetdmmsg_new": "Ny velkomst besked i privat besked slået til",
    "administration_greetdm_off": "Velkomst beskeder i privat besked slået fra",
    "administration_greetdm_on": "Velkomst besked i privat besked slået til",
    "administration_greetmsg_cur": "Nuværende velkomst besked: {0}",
    "administration_greetmsg_enable": "Slå velkomst beskeder til ved at skrive {0}",
    "administration_greetmsg_new": "Ny velkomst besked sat",
    "administration_greet_off": "Velkomst beskeder slået fra",
    "administration_greet_on": "Velkomst beskeder slået til i denne kanal",
    "administration_hierarchy": "Du kan ikke bruge denne kommando på brugere der har en rolle, der er højere eller lige med din egen",
    "administration_images_loaded": "Billederne blev indlæst på {0} sekunder",
    "administration_invalid_format": "Forkert input format",
    "administration_invalid_params": "Forkerte parametre",
    "administration_joined": "{0} har sluttede sig til {1} ",
    "administration_kickdm": "Du er blevet fjernet fra følgende server: {0}\nBegrundelse: {1}",
    "administration_kicked_user": "Brugeren blev fjernet",
    "administration_lang_list": "Liste af sprog",
    "administration_lang_set": "Din servers sprog er nu {0} - {1}",
    "administration_lang_set_bot": "Bottens normale sprog er nu {0} - {1}",
    "administration_lang_set_bot_show": "Bottens sprog er {0} - {1}",
    "administration_lang_set_fail": "Fejlede sprog ændring. Tjek denne kommandos hjælp",
    "administration_lang_set_show": "Denne servers sprog er sat til {0} - {1}",
    "administration_left": "{0} har forladt {1}",
    "administration_left_server": "Forlod server {0}",
    "administration_log": "Logger {0} begivenhed i denne kanal",
    "administration_log_all": "Logger alle begivenheder i denne kanal",
    "administration_log_disabled": "Log funktionen er blevet slået fra",
    "administration_log_events": "Logger følgende begivenheder:",
    "administration_log_ignore": "Log funktionen vil nu ignorere {0}",
    "administration_log_not_ignore": "Log funktionen ignorerer ikke længere {0}",
    "administration_log_stop": "Stoppede med at logge {0} begivenheden",
    "administration_menrole": "{0} har bedt om en underretning for de følgende roller",
    "administration_message_from_bo": "Besked fra {0} `[Bot Ejer]`:",
    "administration_message_sent": "Besked sendt.",
    "administration_moved": "{0} blev flyttet fra {1} til {2}",
    "administration_msg_del": "Besked slettet i #{0}",
    "administration_msg_update": "Besked opdateret i #{0}",
    "administration_muted_pl": "Stumme",
    "administration_muted_sn": "Stum",
    "administration_mute_error": "Jeg har formentlig ikke tilladelse til at gøre dette.",
    "administration_mute_role_set": "Ny stum rolle sat.",
    "administration_need_admin": "Jeg har brug for **Administrator** tilladelse for at kunne gøre dette.",
    "administration_new_msg": "Ny besked",
    "administration_new_nick": "Nyt kaldenavn",
    "administration_new_topic": "Nyt emne",
    "administration_nick_change": "Kaldenavn ændret",
    "administration_no_server": "Kan ikke finde den server",
    "administration_no_shard_id": "Der blev ikke fundet et shard med dette ID.",
    "administration_old_msg": "Gammel besked",
    "administration_old_nick": "Gammelt kaldenavn",
    "administration_old_topic": "Gammelt emne",
    "administration_perms": "Fejl. Jeg har formentlig ikke de rigtige tilladelser",
    "administration_prot_active": "Aktive beskyttelser",
    "administration_prot_disable": "{0} er blevet **slået fra** på denne server.",
    "administration_prot_enable": "{0} slået til",
    "administration_prot_error": "Fejl. Jeg har brug for AdministrerRoller tilladelse",
    "administration_prot_none": "Ingen beskyttelse slået til.",
    "administration_raid_cnt": "Bruger grænseværdien skal være mellem {0} og {1}",
    "administration_raid_stats": "Hvis {0} eller flere brugere slutter sig til serveren indenfor {1} sekunder, vil jeg {2} dem.",
    "administration_raid_time": "Tiden skal være mellem {0} og {1} sekunder",
    "administration_rar": "Fjernede alle roller fra brugeren {0}",
    "administration_rar_err": "Kunne ikke fjerne roller. Jeg har ikke nok tilladelser.",
    "administration_rc": "Rollen {0} farve er blevet ændret",
    "administration_rc_not_exist": "Denne rolle eksisterer ikke.",
    "administration_rc_params": "De opgivede parametre passer ikke",
    "administration_rc_perms": "Der skete en fejl grundet forkert farve eller forkerte tilladelser.",
    "administration_remrole": "Fjernede rolle {0} fra bruger {1}",
    "administration_remrole_err": "Kunne ikke fjerne rolle. Jeg har ikke nok tilladelser.",
    "administration_renrole": "Rollen er blevet omdøbt.",
    "administration_renrole_err": "Kunne ikke omdøbe rollen. Jeg har ikke nok tilladelser.",
    "administration_renrole_perms": "Du kan ikke ændre roller højere end din højeste rolle.",
    "administration_reprm": "Fjernede spilstatussen: {0}",
    "administration_role_added": "Rollen {0} er blevet tilføjet til listen.",
    "administration_role_clean": "{0} kunne ikke findes. Fjernet.",
    "administration_role_in_list": "Rollen {0}er allerede på listen.",
    "administration_ropl_added": "Tilføjet.",
    "administration_ropl_disabled": "Roterende spil status er blevet slået fra",
    "administration_ropl_enabled": "Roterende spil status er slået til.",
    "administration_ropl_list": "Her er en liste over roterende spilstatusser:\n{0}",
    "administration_ropl_not_set": "Ingen roterende spil statusser er blevet specificeret",
    "administration_self_assign_already": "Du har allerede {0} rollen",
    "administration_self_assign_already_excl": "Du har allerede {0} eksklusive selv overdragelige rolle.",
    "administration_self_assign_excl": "Selvoverdragelige roller er nu eksklusive!",
    "administration_self_assign_list": "Der er {0} selv overdragelige roller",
    "administration_self_assign_not": "Denne rolle er ikke selv overdragelig.",
    "administration_self_assign_not_have": "Du har ikke {0} rollen",
    "administration_self_assign_no_excl": "Selv overdragelige roller er ikke længere eksklusive!",
    "administration_self_assign_perms": "Jeg kan ikke give denne rolle til dig. `Jeg kan ikke give roller til ejeren eller andre roller højere end min i rolle hierakiet.`",
    "administration_self_assign_rem": "{0} er blevet fjernet fra listen over selv overdragelige roller.",
    "administration_self_assign_remove": "Du har ikke længere {0} rollen",
    "administration_self_assign_success": "Du har nu {0} rollen.",
    "administration_setrole": "Tilføjede rolle {0} til bruger {1}",
    "administration_setrole_err": "Kunne ikke tilføje rolle. Jeg har ikke nok tilladelser.",
    "administration_set_avatar": "Ny avatar sat!",
    "administration_set_channel_name": "Nyt kanalnavn sat.",
    "administration_set_game": "Ny spilstatus sat!",
    "administration_set_stream": "Ny stream sat!",
    "administration_set_topic": "Nyt kanalemne sat.",
    "administration_shard_reconnected": "Shard {0} tilsluttet.",
    "administration_shard_reconnecting": "Shard {0} er ved at tilslutte sig igen.",
    "administration_shutting_down": "Lukker ned",
    "administration_slowmode_desc": "Brugere kan ikke sende mere end {0} beskeder hvert {1} sekunder",
    "administration_slowmode_disabled": "Lansom tilstand deaktiveret",
    "administration_slowmode_init": "Lansom tilstand aktiveret.",
    "administration_soft_banned_pl": "blød-bandlyst",
    "administration_spam_ignore": "{0} vil ignorere denne kanal.",
    "administration_spam_not_ignore": "{0} vil ikke længere ignorere denne kanal.",
    "administration_spam_stats": "Hvis en bruger sender mere end {0} ens beskeder i træk, vil jeg {1} dem.",
    "administration_text_chan_created": "Tekstkanal lavet.",
    "administration_text_chan_destroyed": "Tekstkanal slettet.",
    "administration_undeafen": "",
    "administration_unmuted_sn": "",
    "administration_username": "Brugernavn",
    "administration_username_changed": "Brugernavn ændret",
    "administration_users": "Brugere",
    "administration_user_banned": "Bruger banned",
    "administration_user_chat_mute": "{0} er blevet **dæmpet** fra at chatte.",
    "administration_user_chat_unmute": "{0} er blevet **frataget retten til at chatte*'.",
    "administration_user_joined": "Bruger joinede serveren",
    "administration_user_left": "Bruger forlod serveren",
    "administration_user_muted": "{0} er blevet **dæmpet** fra text og voice chat.",
    "administration_user_role_add": "Brugers rolle tilføjet",
    "administration_user_role_rem": "Brugers rolle fjernet",
    "administration_user_status_change": "{0} er nu {1}",
    "administration_user_unmuted": "{0} er blevet **frataget retten til at chatte med tekst og i stemmekanalerne**.",
    "administration_user_vjoined": "{0} har tilsluttet {1} stemmekanalen.",
    "administration_user_vleft": "{0} har forladt {1} stemmekanalen.",
    "administration_user_vmoved": "{0} flyttet fra {1} til {2} stemmekanalen.",
    "administration_user_voice_mute": "{0} er blevet **dæmpet fra samtalen**.",
    "administration_user_voice_unmute": "{0} har fået **rettigheden til at tale i stemmekanalerne** igen.",
    "administration_voice_chan_created": "Stemmekanal lavet",
    "administration_voice_chan_destroyed": "Stemmekanal slettet",
    "administration_vt_disabled": "Stemme + tekst funktionen er blevet slået fra.",
    "administration_vt_enabled": "Stemme + tekst funktionen er blevet slået til.",
    "administration_vt_exit": "Jeg har hverken **administrér roller** og/eller **administrér kanaler** tilladelserne, så jeg kan ikke køre `.voice+text` på {0} serveren.",
    "administration_vt_no_admin": "Du er i gang med at slå denne funktion til eller fra, og **jeg har ikke ADMINISTRATOR tilladelser**. Dette kan give nogle problemer, og du vil blive bødt til at slette tekstkanaler selv.",
    "administration_vt_perms": "Jeg har brug for minimum **administrer roller** eller **administrer kanaler** for at kunne slå denne funktion til (Administrator tilladelser ville være bedst)",
    "administration_xmuted_text": "Bruger {0} fra tekst chat",
    "administration_xmuted_text_and_voice": "Bruger {0} fra tekst og stemme chat",
    "administration_xmuted_voice": "Bruger {0} fra stemme chat",
    "administration_sbdm": "Du er blevet soft-bannet fra {0} serveren.\nBegrundelse: {1}",
    "administration_user_unbanned": "Brugers udelukkelse ophævet",
    "administration_migration_done": "Migrasjon gjort!",
    "administration_presence_updates": "Tilstedeværelses opdateringer",
    "administration_sb_user": "Brugeren blev soft-bannet",
    "gambling_awarded": "har givet {0} til {1}",
    "gambling_better_luck": "Bedre held næste gang ^_^",
    "gambling_br_win": "Tillykke! Du vandt {0} for at slå mere end {1}",
    "gambling_deck_reshuffled": "Genblandede decket.",
    "gambling_flipped": "vendte {0}",
    "gambling_flip_guess": "Du gættede det! Du vandt {0}",
    "gambling_flip_invalid": "Ugyldigt nummer angivet. Du kan flippe 1 til {0} mønter.",
    "gambling_flowerreaction_desc": "Tilføj {0} reaktionen til denne besked for at få {1}␣",
    "gambling_flowerreaction_footer": "Denne begivenhed er aktiv i op til {0} timer.",
    "gambling_flowerreaction_title": "Blomster begivenhed startet!",
    "gambling_gifted": "har givet {0} til {1}",
    "gambling_has": "{0} har {1}",
    "gambling_heads": "Hoved",
    "gambling_leaderboard": "Leaderboard",
    "gambling_mass_award": "Gav {0} til {1} brugere fra rollen {2}.",
    "gambling_max_bet_limit": "Du kan ikke satse mere end {0}",
    "gambling_min_bet_limit": "Du kan ikke satse mindre end {0}",
    "gambling_not_enough": "Du har ikke nok {0}",
    "gambling_no_more_cards": "Der er ikke flere kort i decket.",
    "gambling_raffled_user": "",
    "gambling_roll": "Du slog {0}",
    "gambling_slot_bet": "Væddemål",
    "gambling_slot_jackpot": "WOAAHHHHHH!!! Tillykkeee!!! x{0}",
    "gambling_slot_single": "En enkelt {0}, x{1}",
    "gambling_slot_three": "Wow! Heldigt! Tre ens! x{0}",
    "gambling_slot_two": "Tillykke! To {0} - væddet x{1}",
    "gambling_slot_won": "Vandt",
    "gambling_sneakygamestatus_desc": "Man skal skrive en hemmelig kode for at få {0}. Varer i {1} sekunder. Lad være med at sige det videre. Shhh.",
    "gambling_sneakygamestatus_end": "SneakyGame event færdiggjort. {0} bruger(e) fik belønningen.",
    "gambling_sneakygamestatus_title": "SneakyGameStatus event påbegyndt",
    "gambling_tails": "Hale",
    "gambling_take": "tog {0} fra {1}",
    "gambling_take_fail": "kunne ikke tage {0} fra {1}, da brugeren ikke har så mange {2}!",
    "help_back_to_toc": "Tilbage til ToC",
    "help_bot_owner_only": "Kan kun bruges af bot ejeren",
    "help_channel_permission": "Kræver {0} kanal tilladelse.",
    "help_cmdlist_donate": "Du kan støtte projektet på patreon: <{0}> eller paypal: <{1}>",
    "help_cmd_and_alias": "Kommandoer og aliaser",
    "help_commandlist_regen": "Kommandoliste regeneret.",
    "help_commands_instr": "Tast `{0}h KommandoNavn` for at se hvordan man bruger den specificerede kommando, f.eks. `{0}h >8ball`",
    "help_command_not_found": "Jeg kan ikke finde den kommando. Tjek at kommandoen eksisterer før du prøver igen.",
    "help_desc": "Beskrivelse",
    "help_donate": "Du kan støtte NadekoBot projektet på\nPatreon <{0}> eller\nPaypal <{1}>\nHusk at tilføje dit Discord navn eller ID i beskeden\n\n**Tak** ♥️ ",
    "help_guide": "**Kommando liste**: <{0}>\n**Hosting guides og dokumenter kan findes her:** <{1}>",
    "help_list_of_commands": "Kommandoliste",
    "help_list_of_modules": "Modulliste",
    "help_modules_footer": "Tast `{0}cmds ModulNavn` for at få en liste af kommandoerne i det modul, f.eks. `{0}cmds games`",
    "help_module_not_found": "Det modul findes ikke.",
    "help_server_permission": "Kræver {0} server tilladelse.",
    "help_table_of_contents": "Indholdsfortegnelse",
    "help_usage": "Brug",
    "nsfw_autohentai_started": "Autohentai startet. Poster med {0} sekunders intervaller, med et af de følgende tags: {1}",
    "nsfw_tag": "Tag",
    "gambling_animal_race": "Dyre kapløb",
    "gambling_animal_race_failed": "Kunne ikke starte, da der ikke var nok deltagere.",
    "gambling_animal_race_full": "Kapløbet er fuldt! Starter snarest.",
    "gambling_animal_race_join": "{0} tilsluttede sig som en {1}",
    "gambling_animal_race_join_bet": "{0} tilsluttede sig som en {1} og satsede {2}!",
    "gambling_animal_race_join_instr": "Tast {0}jr for at tilslutte dig kapløbet.",
    "gambling_animal_race_starting": "Starter om 20 sekunder eller når kapløbet er fuldt.",
    "gambling_animal_race_starting_with_x": "Starter med {0} deltagere.",
    "gambling_animal_race_won": "{0} som {1} vandt løbet!",
    "gambling_animal_race_won_money": "{0} som {1} vandt kapløbet og {2}!",
    "gambling_dice_invalid_number": "Ugyldigt tal specificeret. Du kan rulle {0}-{1} terninger på en gang",
    "gambling_dice_rolled": "rullede {0}",
    "gambling_dice_rolled_num": "Terning rullet: {0}",
    "gambling_race_failed_starting": "Kunne ikke starte kapløbet. Et andet kapløb er formentlig i gang.",
    "gambling_race_not_exist": "Der eksisterer ikke noget kapløb på denne server",
    "gambling_second_larger_than_first": "Det andet nummer, skal være større end det første.",
    "gambling_changes_of_heart": "",
    "gambling_claimed_by": "Gjort krav på af",
    "gambling_divorces": "Skilsmisser",
    "gambling_likes": "Lider",
    "gambling_price": "Pris",
    "gambling_waifus_none": "Der er ikke blevet gjort krav på nogen waifus endnu.",
    "gambling_waifus_top_waifus": "Top Waifus",
    "gambling_waifu_affinity_already": "",
    "gambling_waifu_affinity_changed": "ændrede deres tilhørsforhold fra {0} til {1}.\n\n*Dette er moralsk tvivlsomt* 🤔",
    "gambling_waifu_affinity_cooldown": "Du skal vente {0} timer og {1} minutter for at kunne ændre dit tilhørsforhold igen.",
    "gambling_waifu_affinity_reset": "Dit tilhørsforhold er blevet nulstillet. Du har ikke længere en person du kan lide.",
    "gambling_waifu_affinity_set": "vil gerne være {0}s waifu. Aww <3",
    "gambling_waifu_claimed": "gjorde grav på {0} som deres waifu for {1}!",
    "gambling_waifu_divorced_like": "Du er blevet skilt fra en waifu der kan lide dig. Dit hjerteløse monster. {0} fik {1} som kompensation.",
    "gambling_waifu_egomaniac": "",
    "gambling_waifu_fulfilled": "🎉 Deres kærlighed er fuldbyrdet! 🎉\n{0}s nye værdi er {1}!",
    "gambling_waifu_isnt_cheap": "Ingen waifu er så billig. Du bliver nødt til at betale i hvert fald {0}for at få en waifu, også selvom deres værdi er mindre.",
    "gambling_waifu_not_enough": "Du skal betale {0} eller mere for at gøre krav på denne waifu!",
    "gambling_waifu_not_yours": "Det er ikke din waifu.",
    "gambling_waifu_not_yourself": "Du kan ikke gøre krav på dig selv.",
    "gambling_waifu_recent_divorce": "Du er nyskilt. Du skal vente {0} timer og {1} minutter for at blive skilt igen.",
    "gambling_nobody": "Ingen",
    "gambling_waifu_divorced_notlike": "Du er blevet skilt fra en waifu der ikke kan lide dig. Du har fået {0} tilbage.",
    "games_8ball": "8ball",
    "games_acrophobia": "Højdeskræk",
    "games_acro_ended_no_sub": "Spillet sluttede uden tilmeldinger.",
    "games_acro_no_votes_cast": "Ingen stemmer blev sendt. Spillet sluttede uden en vinder.",
    "games_acro_nym_was": "Akronymet var {0}.",
    "games_acro_running": "",
    "games_acro_started": "Spillet er begyndt. Lav en sætning med det følgende akronym: {0}.",
    "games_acro_started_footer": "Du har {0} sekunder til at komme med en tilmelding.",
    "games_acro_submit": "{0} indsendte deres sætning. ({1} i alt)",
    "games_acro_vote": "Stem ved at skrive det tilsvarende nummer til tilmeldingen",
    "games_acro_vote_cast": "{0} har stemt!",
    "games_acro_winner": "Vinderen er {0} med {1} point.",
    "games_acro_winner_only": "{0} er vinderen, da de var den eneste der lavede en sætning!",
    "games_question": "Spørgsmål",
    "games_rps_draw": "Det blev uafgjort! Begge valgte {0}",
    "games_rps_win": "{0} vandt! {1} slår {2}",
    "games_submissions_closed": "Tilmeldinger lukket.",
    "gambling_animal_race_already_started": "Dyre kapløb er allerede i gang.",
    "gambling_total_average": "Total: {0} Gennemsnit: {1}",
    "games_category": "Kategori",
    "games_cleverbot_disabled": "Slog cleverbot fra på denne server.",
    "games_cleverbot_enabled": "Slog cleverbot til på denne server.",
    "games_curgen_disabled": "Valutagenerering er blevet slået fra i denne kanal.",
    "games_curgen_enabled": "Valutagenerering er blevet slået til i denne kanal.",
    "games_curgen_pl": "{0} tilfældig {1} er dukket op!",
    "games_curgen_sn": "En tilfældig {0} dukkede op!",
    "games_failed_loading_question": "Kunne ikke indlæse et spørgsmål.",
    "games_game_started": "Spil startet.",
    "games_hangman_game_started": "Hængemands spil startet",
    "games_hangman_running": "Hængemand kører allerede i denne kanal.",
    "games_hangman_start_errored": "Kunne ikke starte hængemand",
    "games_hangman_types": "Liste over \"{0}hangman\" ord typer:",
    "games_leaderboard": "",
    "games_not_enough": "Du har ikke nok {0}",
    "games_no_results": "Ingen resultater",
    "games_picked": "plukkede {0}",
    "games_planted": "{0} plantede {1}",
    "games_trivia_already_running": "",
    "games_trivia_game": "",
    "games_trivia_guess": "{0} gættede det! Svaret var: {1}",
    "games_trivia_none": "",
    "games_trivia_points": "{0} har {1} point",
    "games_trivia_stopping": "Stopper efter dette spørgsmål.",
    "games_trivia_times_up": "Tiden er ovre! Det rigtige svar var {0}",
    "games_trivia_win": "{0} gættede det og vandt spillet! Svaret var: {1}",
    "games_ttt_against_yourself": "Du kan ikke spille mod dig selv.",
    "games_ttt_already_running": "Der er allerede et TicTacToe spil i gang i denne kanal.",
    "games_ttt_a_draw": "Det blev uafgjort!",
    "games_ttt_created": "har lavet et spil Kryds og Bolle",
    "games_ttt_has_won": "{0} har vundet!",
    "games_ttt_matched_three": "",
    "games_ttt_no_moves": "Ingen træk tilbage!",
    "games_ttt_time_expired": "Tiden er udløbet!",
    "games_ttt_users_move": "{0}s tur",
    "games_vs": "{0} mod {1}",
    "music_attempting_to_queue": "Prøver at sætte {0} sange i kø...",
    "music_autoplay_disabled": "Autospil slået fra.",
    "music_autoplay_enabled": "Autospil slået til.",
    "music_defvol_set": "Standard volumen blev sat til {0}%",
    "music_dir_queue_complete": "",
    "music_fairplay": "fairplay",
    "music_finished_song": "Afspilning af sang færdiggort",
    "music_fp_disabled": "Fair play slået fra.",
    "music_fp_enabled": "Fair play slået til.",
    "music_from_position": "Fra plads",
    "music_id": "Id",
    "music_invalid_input": "Ugyldigt input.",
    "music_max_playtime_none": "Der er ikke længere en begrænsning på sang-tiden.",
    "music_max_playtime_set": "Højeste spilletid sat til {0} sekund(er).",
    "music_max_queue_unlimited": "Der er ikke længere nogen begrænsning på musik-køens længde,",
    "music_max_queue_x": "Største musik kø sat til {0} sange",
    "music_must_be_in_voice": "Du skal være i en stemmekanal på denne server.",
    "music_name": "Navn",
    "music_now_playing": "Afspiller",
    "music_no_player": "Ingen aktiv musik afspiller.",
    "music_no_search_results": "Ingen søgeresultater",
    "music_paused": "Musikafspilning pauset.",
    "music_player_queue": "Afspilningskø - Side {0}/{1}",
    "music_playing_song": "Afspiller sang",
    "music_playlists": "`#{0}` - **{1}** af *{2}* ({3} sange)",
    "music_playlists_page": "Side {0} af gemte spillelister",
    "music_playlist_deleted": "Afspilningsliste slettet.",
    "music_playlist_delete_fail": "Kunne ikke slette denne afspilningsliste. Enten eksisterer den ikke, eller du er ikke dens indehaver.",
    "music_playlist_id_not_found": "Der findes ikke en afspilningsliste med det ID.",
    "music_playlist_queue_complete": "Afspilningslistens kø færdigspillet.",
    "music_playlist_saved": "Afspilningsliste gemt",
    "music_play_limit": "{0}s grænse",
    "music_queue": "Kø",
    "music_queued_song": "Sang sat i kø",
    "music_queue_cleared": "Musik køen blev tømt.",
    "music_queue_full": "Køen er fuld ved {0}/{0}",
    "music_removed_song": "Fjernede sang",
    "music_repeating_cur_song": "Gentager den nuværende sang",
    "music_repeating_playlist": "Gentager afspilningslisten",
    "music_repeating_track": "Gentager sangen",
    "music_repeating_track_stopped": "Nuværende sang gentagelse stoppet.",
    "music_resumed": "",
    "music_rpl_disabled": "Gentagelse af afspilningslisten slået fra.",
    "music_rpl_enabled": "Gentagelse af afspilningslisten slået til.",
    "music_set_music_channel": "Jeg vil nu sende afspillende, færdiggjorte, pausede og fjernede sand i denne kanal.",
    "music_skipped_to": "Sprang hen til `{0}:{1}`",
    "music_song_moved": "Sang flyttet",
    "music_time_format": "{0}t {1}m {2}s",
    "music_to_position": "Til position",
    "music_unlimited": "ubegrænset",
    "music_volume_input_invalid": "Lydstyrken skal være mellem 0 og 100",
    "music_volume_set": "Lydstyrke sat til {0}%",
    "permissions_acm_disable": "Slog brugen af ALLE MODULER fra i kanalen {0}.",
    "permissions_acm_enable": "Slog brugen af ALLE MODULER til i kanalen {0}.",
    "permissions_allowed": "Tilladt",
    "permissions_arm_disable": "Slog brugen af ALLE MODULER fra for rollen {0}",
    "permissions_arm_enable": "Slog brugen af ALLE MODULER til for rollen {0}",
    "permissions_asm_disable": "Slog brugen af ALLE MODULER fra på denne server",
    "permissions_asm_enable": "Slog brugen af ALLE MODULER til på denne server",
    "permissions_aum_disable": "Slog brugen af ALLE MODULER fra for brugeren {0}",
    "permissions_aum_enable": "Slog brugen af ALLE MODULER til for brugeren {0}",
    "permissions_blacklisted": "Sortlistede {0} med ID {1}",
    "permissions_cmdcd_add": "Kommandoen {0} har nu en {1}s afkølings periode.",
    "permissions_cmdcd_cleared": "Kommandoen {0} har nu ingen afkølings periode, og alle eksisterende afkølings perioder er blevet slettet.",
    "permissions_cmdcd_none": "Ingen afkølings perioder for kommandoer er blevet sat.",
    "permissions_command_costs": "Kommando pris",
    "permissions_cx_disable": "Slog brugen af {0} {1} fra i kanalen {2}",
    "permissions_cx_enable": "Slog brugen af {0} {1} til i kanalen {2}",
    "permissions_denied": "Afvist",
    "permissions_filter_word_add": "Tilføjede {0} til listen af filtrede ord.",
    "permissions_filter_word_list": "Liste af filtrerede ord",
    "permissions_filter_word_remove": "Fjernede {0} fra listen af filtrerede ord.",
    "permissions_invalid_second_param_between": "Ugyldtigt andet parameter. (Skal være et nummer mellem {0} og {1})",
    "permissions_invite_filter_channel_off": "Slog invitations filter fra i denne kanal.",
    "permissions_invite_filter_channel_on": "Invitationsfilter slået til i denne kanal.",
    "permissions_invite_filter_server_off": "Invitationsfilter slået fra i denne kanal.",
    "permissions_invite_filter_server_on": "Invitationsfilter slået til på denne server.",
    "permissions_moved_permission": "Flyttede tilladelse {0} fra #{1} til #{2}",
    "permissions_not_found": "",
    "permissions_no_costs": "Ingen pris specificeret.",
    "permissions_of_command": "kommando",
    "permissions_of_module": "modul",
    "permissions_page": "Tilladelses side {0}",
    "permissions_permrole": "Den nuværende tilladelsesrolle er {0}",
    "permissions_permrole_changed": "Man skal nu have {0} rollen for at kunne ændre tilladelser.",
    "permissions_perm_out_of_range": "",
    "permissions_removed": "Fjernede tilladelse #{0} - {1}",
    "permissions_rx_disable": "Slog brugen af {0} {1} fra for {2} rollen.",
    "permissions_rx_enable": "Slog brugen af {0} {1} til for {2} rollen.",
    "permissions_sec": "sek.",
    "permissions_sx_disable": "Slog brugen af {0} {1} fra på denne server.",
    "permissions_sx_enable": "Slog brugen af {0} {1} til på denne server.",
    "permissions_unblacklisted": "Unblacklistede {0} med ID {1}",
    "permissions_uneditable": "uredigerbart",
    "permissions_ux_disable": "Slog brugen af {0} {1} fra for {2}.",
    "permissions_ux_enable": "Slog brugen af {0} {1} til for {2}.",
    "permissions_verbose_false": "Jeg vil ikke længere sende tilladelsesadvarsler.",
    "permissions_verbose_true": "Jeg vil nu sende tilladelsesadvarsler.",
    "permissions_word_filter_channel_off": "Ord filter slået fra i denne kanal.",
    "permissions_word_filter_channel_on": "Ord filter slået til i denne kanal.",
    "permissions_word_filter_server_off": "Ord filter slået fra på denne server.",
    "permissions_word_filter_server_on": "Ord filter slået til på denne server.",
    "searches_abilities": "Evner",
    "searches_anime_no_fav": "Ingen yndlingsanime endnu",
    "searches_atl_ad_started": "Startede automatisk oversættelse af beskeder i denne kanal. Brugernes beskeder vil automatisk blive slettet.",
    "searches_atl_removed": "dit sprog til automatisk oversættelse er blevet fjernet.",
    "searches_atl_set": "Dit auto-oversæt sprog er blevet sat til {0}>{1}",
    "searches_atl_started": "Påbegyndte automatisk oversættelse af beskeder i denne kanal.",
    "searches_atl_stopped": "Stoppede automatisk oversættelse af beskeder i denne kanal.",
    "searches_bad_input_format": "",
    "searches_card_not_found": "Kunne ikke finde det kort.",
    "searches_catfact": "fakta",
    "searches_chapters": "Kapitler",
    "searches_comic_number": "Tegneserie #",
    "searches_compet_loses": "",
    "searches_compet_played": "",
    "searches_compet_rank": "",
    "searches_compet_wins": "",
    "searches_completed": "Færdiggjort",
    "searches_condition": "Betingelse",
    "searches_cost": "Pris",
    "searches_date": "Dato",
    "searches_define": "Definer:",
    "searches_dropped": "Tabt",
    "searches_episodes": "Episoder",
    "searches_error_occured": "Der skete en fejl.",
    "searches_example": "Eksempel",
    "searches_failed_finding_anime": "Kunne ikke finde den animu.",
    "searches_failed_finding_manga": "Kunne ikke finde den mango.",
    "searches_genres": "Genrer",
    "searches_hashtag_error": "Fejl i at finde en definition for det tag.",
    "searches_height_weight": "Højde/Vægt",
    "searches_height_weight_val": "{0}m/{1}kg",
    "searches_humidity": "Luftfugtighed",
    "searches_image_search_for": "Billedesøgning for:",
    "searches_imdb_fail": "Kunne ikke finde den film.",
    "searches_invalid_lang": "Ugyldtigt originalt eller ønsket sprog.",
    "searches_jokes_not_loaded": "Vittighederne kunne ikke indlæses.",
    "searches_latlong": "Bredde/Længde",
    "searches_level": "Level",
    "searches_list_of_place_tags": "Liste med {0}place tags",
    "searches_location": "Lokation",
    "searches_magicitems_not_loaded": "De magiske ting kunne ikke indlæses.",
    "searches_mal_profile": "{0}s MAL profil",
    "searches_mashape_api_missing": "Ejeren af botten specificerede ikke en MashapeApiKey. Du kan ikke bruge denne funktion.",
    "searches_min_max": "Min/Max",
    "searches_no_channel_found": "Ingen kanal kunne findes",
    "searches_no_results": "Ingen resultater kunne findes",
    "searches_on_hold": "På standby",
    "searches_original_url": "Original url",
    "searches_osu_api_key": "En osu! API-nøgle kræves.",
    "searches_osu_failed": "Fejl i at få fat i osu! signatur.",
    "searches_over_x": "Fandt over {0} billeder. Viser tilfældigt {0}",
    "searches_ow_user_not_found": "Bruger ikke fundet. Tjek regionen og BattleTagget og prøv igen",
    "searches_plan_to_watch": "Planlægger at se",
    "searches_platform": "Platform",
    "searches_pokemon_ability_none": "Ingen evne fundet.",
    "searches_pokemon_none": "Ingen pokemon fundet.",
    "searches_profile_link": "Profil link:",
    "searches_quality": "Kvalitet:",
    "searches_quick_playtime": "",
    "searches_quick_wins": "",
    "searches_rating": "Bedømmelse",
    "searches_score": "Score:",
    "searches_search_for": "Søg efter:",
    "searches_shorten_fail": "Det mislykkedes at forkorte denne URL.",
    "searches_short_url": "Kort url",
    "searches_something_went_wrong": "Noget gik galt.",
    "searches_specify_search_params": "Specificer søge parametrene",
    "searches_status": "Status",
    "searches_store_url": "Gem url",
    "searches_streamer_offline": "Streameren {0} er offline.",
    "searches_streamer_online": "Streameren {0} er online med {1} seere.",
    "searches_streams_following": "Du følger {0} streams på denne server.",
    "searches_streams_none": "Du følger ikke nogen streams på denne server.",
    "searches_stream_no": "Streamet findes ikke.",
    "searches_stream_not_exist": "Streamet finds højest sansynligt ikke.",
    "searches_stream_removed": "Fjernede {0}s stream ({1}) fra notifikationerne.",
    "searches_stream_tracked": "Jeg vil notificere denne kanal når statussen ændres.",
    "searches_sunrise": "Solopgang",
    "searches_sunset": "Solnedgang",
    "searches_temperature": "Temperatur",
    "searches_title": "Titel:",
    "searches_top_3_fav_anime": "Top 3 favorit anime:",
    "searches_translation": "Oversættelse:",
    "searches_types": "Typer:",
    "searches_ud_error": "Kunne ikke finde en definition for det ord.",
    "searches_url": "URL",
    "searches_viewers": "Seere",
    "searches_watching": "Ser",
    "searches_wikia_error": "Kunne ikke finde det ord/sætning på den specificerede wikia side.",
    "searches_wikia_input_error": "Indtast et wikia, fulgt af et søgeord",
    "searches_wiki_page_not_found": "Siden blev ikke fundet",
    "searches_wind_speed": "Vind hastighed",
    "searches_x_most_banned_champs": "De {0} mest bannede champions",
    "searches_yodify_error": "Kunne ikke yodaficere din sætning.",
    "utiliity_joined": "",
    "utility_activity_line": "`{0}.` {1} [{2:F2}/s] - {3} totalt",
    "utility_activity_page": "Aktivitetsside #{0}",
    "utility_activity_users_total": "{0} brugere i alt.",
    "utility_author": "Forfatter",
    "utility_botid": "Bot ID",
    "utility_calcops": "Funktioner i {0}calc kommandoen",
    "utility_channelid": "{0} i denne kanal er {1}",
    "utility_channel_topic": "Kanalens emne",
    "utility_commands_ran": "Kommandoer udført",
    "utility_convert": "{0} {1} er lig med {2} {3}",
    "utility_convertlist": "Enheder der kan bruges af omregneren",
    "utility_convert_not_found": "Kan ikke konvertere {0} til {1}: enhederne kunne ikke findes",
    "utility_convert_type_error": "Kan ikke konvertere {0} til {1}: Enhederne er ikke samme type",
    "utility_created_at": "Lavet den",
    "utility_custom_emojis": "Brugerdefinerede emojis",
    "utility_error": "Fejl",
    "utility_features": "Funktioner",
    "utility_id": "ID",
    "utility_index_out_of_range": "",
    "utility_inrole_list": "Brugere i {0} rollen",
    "utility_inrole_not_allowed": "Du må ikke bruge denne kommando på roller med mange brugere, for at forhindre misbrug.",
    "utility_invalid_value": "Ugyldig {0} værdi.",
    "utility_joined_discord": "Fik Discord",
    "utility_joined_server": "Tilsluttede sig serveren",
    "utility_listservers": "ID: {0}\nMedlemmer: {1}\nEjer ID: {2}",
    "utility_listservers_none": "Der kunne ikke findes nogle servere på den side.",
    "utility_list_of_repeaters": "",
    "utility_members": "Medlemmer",
    "utility_memory": "Hukommelse",
    "utility_messages": "Beskeder",
    "utility_message_repeater": "",
    "utility_name": "Navn",
    "utility_nickname": "Kælenavn",
    "utility_nobody_playing_game": "Der er ingen der spiller det spil.",
    "utility_no_active_repeaters": "",
    "utility_no_roles_on_page": "Ingen roller på denne side.",
    "utility_no_shards_on_page": "",
    "utility_no_topic_set": "Intet emne specificeret.",
    "utility_owner": "Ejer",
    "utility_owner_ids": "Ejer ID'er",
    "utility_presence": "Tilstedeværelse",
    "utility_presence_txt": "{0} Servere\n{1} Tekstkanaler\n{2} Stemmekanaler",
    "utility_quotes_deleted": "Slettede alle citater med {0} søgeord.",
    "utility_quotes_page": "Side {0} af citater",
    "utility_quotes_page_none": "Ingen citater kunne findes på den side.",
    "utility_quotes_remove_none": "Der blev ikke fundet nogle citater du kan fjerne.",
    "utility_quote_added": "Citat tilføjet",
    "utility_quote_deleted": "Citat #{0} blev slettet.",
    "utility_region": "Region",
    "utility_registered_on": "Registreret den",
    "utility_remind": "Jeg vil minde {0} om at {1} om {2} `({3:d.M.yyyy.} klokken {4:HH:mm})`",
    "utility_remind_invalid_format": "Dette er ikke et gyldigt tidsformat. Tjek kommandolisten.",
    "utility_remind_template": "Ny påmindelsesskabelon tilføjet.",
    "utility_repeater": "Gentager {0} hver {1} dag(e), {2} time(r) og {3} minut(ter)",
    "utility_repeaters_list": "Gentagende beskeder",
    "utility_repeaters_none": "Ingen gentagende beskeder i gang på denne server.",
    "utility_repeater_stopped": "#{0} stoppet",
    "utility_repeat_invoke_none": "Ingen gentagende beskeder kunne findes på denne server.",
    "utility_result": "Resultat",
    "utility_roles": "Roller",
    "utility_roles_all_page": "Side #{0} over alle roller på serveren:",
    "utility_roles_page": "Side #{0} over roller for {1}",
    "utility_rrc_no_colors": "Ingen farver er i det rigtige format. Brug for eksempel `#00ff00`.",
    "utility_rrc_start": "Begyndte at rotere {0} rollens farve.",
    "utility_rrc_stop": "Stoppede med at rotere {0} rollens farve",
    "utility_serverid": "{0} af denne server er {1}",
    "utility_server_info": "Server information",
    "utility_shard": "",
    "utility_shard_stats": "",
    "utility_shard_stats_txt": "",
    "utility_showemojis": "**Navn:** {0} **Link:** {1}",
    "utility_showemojis_none": "Der blev ikke fundet nogle specielle emojis.",
    "utility_stats_songs": "Afspiller {0} sange, og {1} er i kø.",
    "utility_text_channels": "Tekstkanaler",
    "utility_togtub_room_link": "Dette er linket til dit rum:",
    "utility_uptime": "Oppetid",
    "utility_userid": "Brugeren {1}s {0} er {2}",
    "utility_users": "Brugere",
    "utility_voice_channels": "Stemmekanaler",
    "gambling_animal_race_already_in": "Du har allerede tilsluttet dig dette ræs!",
    "games_current_poll_results": "Nuværende undersøgelsesresultater",
    "games_no_votes_cast": "Der blev ikke afgivet nogle stemmer.",
    "games_poll_already_running": "Der er allerede en afstemning i gang på denne server.",
    "games_poll_created": "📃 {0} har startet en afstemning der kræver din opmærksomhed:",
    "games_poll_result": "`{0}.` {1} med {2} stemmer.",
    "games_poll_voted": "{0} stemte.",
    "games_poll_vote_private": "Send mig en PM med det tilsvarende tal til dit svar.",
    "games_poll_vote_public": "Send en besked her med det tilsvarende tal til dit svar.",
    "games_thanks_for_voting": "Tak fordi du stemte, {0}",
    "games_x_votes_cast": "{0} stemmer afgivet i alt.",
    "games_pick_pl": "Saml dem op ved at skrive `{0}pick`",
    "games_pick_sn": "Saml den op ved at skrive `{0}pick`",
    "gambling_no_users_found": "Ingen bruger fundet.",
    "gambling_page": "side {0}",
    "administration_must_be_in_voice": "Du skal være i en stemmekanal på denne server.",
    "administration_no_vcroles": "Der er ikke nogle stemmekanalroller.",
    "administration_user_muted_time": "{0} er blevet stum i tekst og stemmekanaler i {1} minutter",
    "administration_vcrole_added": "Brugere der tilslutter sig stemmekanalen {0} vil få {1} rollen.",
    "administration_vcrole_removed": "Brugere der tilslutter sig stemmekanalen {0} vil ikke længere få en rolle.",
    "administration_vc_role_list": "Stemmekanal roller",
    "customreactions_crad_disabled": "",
    "customreactions_crad_enabled": "",
    "customreactions_crdm_disabled": "",
    "customreactions_crdm_enabled": "",
    "utility_aliases_none": "Intet alias fundet.",
    "utility_alias_added": "{0} vil nu være et alias af {1}",
    "utility_alias_list": "Alias liste",
    "utility_alias_removed": "",
    "utility_alias_remove_fail": "",
    "searches_compet_playtime": "",
    "administration_channel": "Kanal",
    "administration_command_text": "Kommandotekst",
    "administration_kicked_pl": "Smidt ud",
    "administration_moderator": "Moderator",
    "administration_page": "side {0}",
    "administration_reason": "Grund",
    "administration_scadd": "Ny Opstartskommando tilføjet.",
    "administration_scrm": "Opstartskommando fjernet.",
    "administration_scrm_fail": "Opstartskommando blev ikke fundet.",
    "administration_server": "Server",
    "administration_startcmdlist_none": "Ingen start-op kommandoer på denne side.",
    "administration_startcmds_cleared": "Fjernede alle opstartskommandoer",
    "administration_unbanned_user": "Brugeren {0} er ikke længere bandlyst",
    "administration_user_not_found": "Brugeren blev ikke fundet.",
    "administration_user_warned": "Brugeren {0} er blevet advaret.",
    "administration_user_warned_and_punished": "Brugeren {0} er blevet advaret og straffen {1} er blevet anvendt.",
    "administration_warned_on": "Advaret på {0} server",
    "administration_warned_on_by": "på {0} d. {1} af {2}",
    "administration_warnings_cleared": "Alle advarsler blev fjernet for {0}.",
    "administration_warnings_none": "Ingen advasler på denne side.",
    "administration_warnlog_for": "Advarselslog for {0}",
    "administration_warnpl_none": "Ingen straffe er blevet sat.",
    "administration_warn_cleared_by": "fjernet af {0}",
    "administration_warn_punish_list": "",
    "administration_warn_punish_rem": "",
    "administration_warn_punish_set": "",
    "administration_slowmodewl_role_start": "",
    "administration_slowmodewl_role_stop": "",
    "administration_slowmodewl_user_start": "",
    "administration_slowmodewl_user_stop": "",
    "utility_clpa_fail": "",
    "utility_clpa_fail_already": "",
    "utility_clpa_fail_already_title": "",
    "utility_clpa_fail_conn": "",
    "utility_clpa_fail_conn_title": "",
    "utility_clpa_fail_sup": "",
    "utility_clpa_fail_sup_title": "Ikke understøttende",
    "utility_clpa_fail_wait": "",
    "utility_clpa_fail_wait_title": "",
    "utility_clpa_success": "Du har fået {0} Tak for at støtte projektet!",
    "utility_clpa_too_early": "",
    "searches_time": "Klokken i {0} er {1} - {2}",
    "administration_rh": "",
    "gambling_name": "",
    "gambling_shop": "",
    "gambling_shop_item_add": "",
    "gambling_shop_none": "",
    "gambling_shop_role": "Du får {0} rollen.",
    "gambling_type": "",
    "utility_clpa_next_update": "Næste opdatering om {0}",
    "administration_gvc_disabled": "",
    "administration_gvc_enabled": "",
    "administration_not_in_voice": "",
    "gambling_item": "",
    "gambling_out_of_stock": "Udsolgt",
    "gambling_random_unique_item": "Tilfældig enestående vare\n",
    "gambling_shop_buy_error": "",
    "gambling_shop_item_not_found": "",
    "gambling_shop_item_purchase": "",
    "gambling_shop_item_rm": "Butiks vare fjernet\n",
    "gambling_shop_item_wrong_type": "",
    "gambling_shop_list_item_added": "Vare vellykket tilføjet ",
    "gambling_shop_list_item_not_unique": "",
    "gambling_shop_purchase": "Købt på {0} server",
    "gambling_shop_role_not_found": "Rollen der bliver solgt eksisterer ikke længere.",
    "gambling_shop_role_purchase": "Du har købt {0} rollen.",
    "gambling_shop_role_purchase_error": "Kunne ikke give dig din rolle. Dit køb er blevet refunderet.",
    "gambling_unique_items_left": "{0} unikke ting tilbage.",
    "permissions_blocked_commands": "Blokerede kommandoer",
    "permissions_blocked_modules": "Blokerede moduler",
    "permissions_gcmd_add": "Kommandoen {0} er blevet slået fra på alle servere.",
    "permissions_gcmd_remove": "Kommandoen {0} er blevet slået til på alle servere.",
    "permissions_gmod_add": "Modulet {0} er blevet slået fra på alle servere.",
    "permissions_gmod_remove": "Modulet {0} er blevet slået til på alle servere.",
    "permissions_lgp_none": "Ingen blokerede kommandoer eller moduler.",
    "gambling_animal_race_no_race": "Dette dyre ræs er fuldt.",
    "utility_cant_read_or_send": "Du kan hverken læse eller sende beskeder til den kanal.",
    "utility_quotes_notfound": "Ingen citater med det tilsvarende citat ID kunne findes.",
    "administration_prefix_current": "",
    "administration_prefix_new": "",
    "administration_defprefix_current": "",
    "administration_defprefix_new": "",
    "administration_bot_nick": "",
    "administration_user_nick": "",
    "administration_timezone_guild": "",
    "administration_timezone_not_found": "",
    "administration_timezones_available": "",
    "music_song_not_found": "",
    "searches_define_unknown": "",
    "utility_repeater_initial": "",
    "utility_verbose_errors_enabled": "",
    "utility_verbose_errors_disabled": "",
    "permissions_perms_reset": "",
    "permissions_trigger": "",
    "administration_migration_error": "",
    "searches_hex_invalid": "",
    "permissions_global_perms_reset": "",
    "help_module": "",
    "games_hangman_stopped": "",
    "music_autoplaying": "",
    "music_queue_stopped": "",
    "music_removed_song_error": "",
    "music_shuffling_playlist": "",
    "music_songs_shuffle_enable": "",
    "music_songs_shuffle_disable": "",
    "music_song_skips_after": "",
    "administration_warnings_list": ""
}