{
    "clashofclans_base_already_claimed": "Эта база уже захвачена или разрушена.",
    "clashofclans_base_already_destroyed": "Эта база уже разрушена",
    "clashofclans_base_already_unclaimed": "Эта база не захвачена.",
    "clashofclans_base_destroyed": "**РАЗРУШЕННАЯ** база #{0} ведёт войну против {1}.",
    "clashofclans_base_unclaimed": "У {0} есть **НЕ ЗАХВАЧЕННАЯ** база #{1}, ведущая войну против {2}",
    "clashofclans_claimed_base": "{0} захватил базу #{1}, ведя войну против {2}",
    "clashofclans_claimed_other": "@{0} Вы уже захватили базу #{1}. Вы не можете захватить новую базу.",
    "clashofclans_claim_expired": "Время действия запроса от @{0} на войну против {1} истекло.",
    "clashofclans_enemy": "Враг",
    "clashofclans_info_about_war": "Информация о войне против {0}",
    "clashofclans_invalid_base_number": "Неправильный номер базы.",
    "clashofclans_invalid_size": "Неправильный размер войны.",
    "clashofclans_list_active_wars": "Список активных войн",
    "clashofclans_not_claimed": "не захвачена",
    "clashofclans_not_partic": "Вы не участвуете в этой войне.",
    "clashofclans_not_partic_or_destroyed": "@{0} Вы либо не участвуете в этой войне, либо эта база уже разрушена.",
    "clashofclans_no_active_wars": "Нет активных войн.",
    "clashofclans_size": "Размер",
    "clashofclans_war_already_started": "Война против {0} уже началась.",
    "clashofclans_war_created": "Война против {0} начата.",
    "clashofclans_war_ended": "Война против {0} закончилась.",
    "clashofclans_war_not_exist": "Этой войны не существует.",
    "clashofclans_war_started": "Война против {0} началась!",
    "customreactions_all_stats_cleared": "Вся статистика пользовательских реакций стёрта.",
    "customreactions_deleted": "Пользовательская реакция удалена",
    "customreactions_insuff_perms": "Недостаточно разрешений. Необходимо иметь разрешение владельца бота для глобальных пользовательских реакций, и разрешение Администратора для реакций на сервере.",
    "customreactions_list_all": "Список всех пользовательских реакций",
    "customreactions_name": "Пользовательские реакции",
    "customreactions_new_cust_react": "Новая пользовательская реакция",
    "customreactions_no_found": "Не найдено пользовательских реакций.",
    "customreactions_no_found_id": "Не найдено пользовательских реакций с таким номером.",
    "customreactions_response": "Ответ",
    "customreactions_stats": "Статистика пользовательских реакций",
    "customreactions_stats_cleared": "Статистика для пользовательской реакции {0} очищена.",
    "customreactions_stats_not_found": "Статистики для этого активатора не было найдено, никаких действий не применено.",
    "customreactions_trigger": "Активатор",
    "nsfw_autohentai_stopped": "Авто-хентай остановлен.",
    "nsfw_not_found": "Результатов не найдено.",
    "pokemon_already_fainted": "{0} уже потерял сознание.",
    "pokemon_already_full": "{0} уже имеет полное здоровье.",
    "pokemon_already_that_type": "Ваш тип уже {0}",
    "pokemon_attack": "использовал {0}{1} против {2}{3} и нанёс {4} урона.",
    "pokemon_cant_attack_again": "Вы не можете атаковать два раза подряд.",
    "pokemon_cant_attack_yourself": "Вы не можете атаковать самого себя.",
    "pokemon_fainted": "{0} потерял сознание!",
    "pokemon_healed": "вылечил {0}, использовав {1}",
    "pokemon_hp_remaining": "У {0} осталось {1} здоровья.",
    "pokemon_invalid_move": "Вы не можете использовать {0}. Напишите '{1}ml', чтобы увидеть список доступных Вам приёмов.",
    "pokemon_moves": "Список приёмов {0} типа",
    "pokemon_not_effective": "Эта атака неэффективна.",
    "pokemon_no_currency": "У вас недостаточно {0}",
    "pokemon_revive_other": "воскресил {0}, использовав один {1}",
    "pokemon_revive_yourself": "Вы воскресили себя, использовав один {0}",
    "pokemon_settype_success": "Ваш тип изменён с {0} на {1}",
    "pokemon_somewhat_effective": "Эта атака немного эффективна.",
    "pokemon_super_effective": "Эта атака очень эффективна!",
    "pokemon_too_many_moves": "Вы использовали слишком много приёмов подряд, поэтому вы не можете двигаться!",
    "pokemon_type_of_user": "Тип {0} — {1}",
    "pokemon_user_not_found": "Пользователь не найден.",
    "pokemon_you_fainted": "Вы потеряли сознание, поэтому вы не можете двигаться!",
    "administration_aar_disabled": "***Авто выдача роли*** каждому новому пользователю **отключена**",
    "administration_aar_enabled": "***Авто выдача роли*** каждому новому пользователю **включена**",
    "administration_attachments": "Вложения",
    "administration_avatar_changed": "Аватар изменён",
    "administration_bandm": "Вы были забанены на сервере {0}. Причина бана: {1}.",
    "administration_banned_pl": "забанены",
    "administration_banned_user": "Пользователь забанен.",
    "administration_bot_name": "Имя бота изменено на {0}",
    "administration_bot_status": "Статус бота изменен на {0}",
    "administration_byedel_off": "Автоматическое удаление прощальных сообщений отключено.",
    "administration_byedel_on": "Прощальные сообщения будут удаляться через {0} секунд.",
    "administration_byemsg_cur": "Текущее прощальное сообщение: {0}",
    "administration_byemsg_enable": "Чтобы включить прощальные сообщения введите {0}",
    "administration_byemsg_new": "Новое прощальное сообщение было установлено.",
    "administration_bye_off": "Прощальные сообщения выключены.",
    "administration_bye_on": "Прощальные сообщения включены на этом канале.",
    "administration_ch_name_change": "Имя канала изменено",
    "administration_ch_old_name": "Старое имя.",
    "administration_ch_topic_change": "Тема канала изменена",
    "administration_cleaned_up": "Чат очищен.",
    "administration_content": "Содержание",
    "administration_cr": "Роль {0} создана успешно",
    "administration_createtextchan": "Текстовый канал {0} создан.",
    "administration_createvoich": "Голосовой канал {0} создан.",
    "administration_deafen": "Успешное оглушение.",
    "administration_deleted_server": "Сервер {0} удален.",
    "administration_delmsg_off": "Отключено автоматическое удаление успешно выполненных команд.",
    "administration_delmsg_on": "Включено автоматическое удаление сообщений для успешно выполненных команд.",
    "administration_deltextchan": "Текстовый канал {0} удален.",
    "administration_delvoich": "Голосовой канал {0} удален.",
    "administration_dm_from": "ЛС от",
    "administration_donadd": "Успешно добавлен новый донатор. Общее количество пожертвований от этого пользователя: {0} 👑",
    "administration_donators": "Спасибо ниже перечисленным людям за помощь в развитии этого проекта!",
    "administration_fwall_start": "Я буду перенаправлять личные сообщения всем владельцам.",
    "administration_fwall_stop": "Я буду перенаправлять личные сообщения только первому владельцу.",
    "administration_fwdm_start": "Теперь я буду перенаправлять ЛС.",
    "administration_fwdm_stop": "Теперь я прекращу перенаправлять ЛС.",
    "administration_greetdel_off": "Автоматическое удаление приветственных сообщений выключено.",
    "administration_greetdel_on": "Приветственные сообщения будут удаляться через {0} секунд.",
    "administration_greetdmmsg_cur": "Текущее приветственное ЛС: {0}",
    "administration_greetdmmsg_enable": "Включите приветственные ЛС, написав {0}",
    "administration_greetdmmsg_new": "Новое приветственное ЛС установлено.",
    "administration_greetdm_off": "Приветственые ЛС отключены.",
    "administration_greetdm_on": "Приветственные ЛС включены.",
    "administration_greetmsg_cur": "Текущее приветственное сообщение: {0}",
    "administration_greetmsg_enable": "Чтобы включить приветственные сообщения введите {0}",
    "administration_greetmsg_new": "Новое приветственное сообщение установлено.",
    "administration_greet_off": "Приветственные сообщения выключены.",
    "administration_greet_on": "Приветственные сообщения включены на этом канале.",
    "administration_hierarchy": "Вы не можете использовать эту команду на пользователях равным или более высоким в иерархии ролей.",
    "administration_images_loaded": "Картинки загружены за {0} секунд!",
    "administration_invalid_format": "Неправильный формат ввода.",
    "administration_invalid_params": "Неправильные параметры.",
    "administration_joined": "{0} присоединился к {1}",
    "administration_kickdm": "Вы были выгнаны с сервера {0}.\nПричина: {1}",
    "administration_kicked_user": "Пользователь выгнан",
    "administration_lang_list": "Список языков",
    "administration_lang_set": "Язык вашего сервера теперь {0} - {1}",
    "administration_lang_set_bot": "Язык бота по умолчанию теперь {0} - {1}",
    "administration_lang_set_bot_show": "Язык бота установлен как {0} - {1}",
    "administration_lang_set_fail": "Не удалось выставить язык. Проверьте справку к этой команде.",
    "administration_lang_set_show": "Язык этого сервера установлен как {0} - {1}",
    "administration_left": "{0} покинул {1}",
    "administration_left_server": "Покинул сервер {0}",
    "administration_log": "В этом канале регистрируется событие {0}.",
    "administration_log_all": "В этом канале регистрируются все события.",
    "administration_log_disabled": "Регистрация событий отключена.",
    "administration_log_events": "Регистрируйте события, на которые Вы можете подписаться:",
    "administration_log_ignore": "Регистрация будет игнорировать {0}.",
    "administration_log_not_ignore": "Регистрация не будет игнорировать {0}.",
    "administration_log_stop": "Прекращена регистрация события {0}.",
    "administration_menrole": "{0} вызвал оповещение для следующих ролей",
    "administration_message_from_bo": "Сообщение от {0} '[Владелец бота]':",
    "administration_message_sent": "Сообщение отправлено.",
    "administration_moved": "{0} перемещён из {1} в {2}",
    "administration_msg_del": "Сообщение удалено в #{0}",
    "administration_msg_update": "Сообщение изменено в #{0}",
    "administration_muted_pl": "Заглушены",
    "administration_muted_sn": "Заглушён",
    "administration_mute_error": "Похоже, у меня нет необходимых разрешений.",
    "administration_mute_role_set": "Новая роль заглушения установлена.",
    "administration_need_admin": "Мне нужно право **Администратор**, чтобы это сделать.",
    "administration_new_msg": "Новое сообщение",
    "administration_new_nick": "Новое имя",
    "administration_new_topic": "Новый заголовок",
    "administration_nick_change": "Имя изменено",
    "administration_no_server": "Не могу найти этот сервер",
    "administration_no_shard_id": "Не найдено Shard-а с таким ID.",
    "administration_old_msg": "Старое сообщение",
    "administration_old_nick": "Старое имя",
    "administration_old_topic": "Старый заголовок",
    "administration_perms": "Ошибка. Скорее всего мне не хватает прав.",
    "administration_prot_active": "Активные защиты от рейдов",
    "administration_prot_disable": "{0} был **отключён** на этом сервере.",
    "administration_prot_enable": "{0} включен",
    "administration_prot_error": "Ошибка. Требуется право на управление ролями.",
    "administration_prot_none": "Защита от рейдов отключена.",
    "administration_raid_cnt": "Порог пользователей должен лежать между {0} и {1}.",
    "administration_raid_stats": "Если {0} или больше пользователей присоединяются в течение {1} секунд, Я {2} их.",
    "administration_raid_time": "Время должно быть между {0} и {1} секунд.",
    "administration_rar": "Все роли пользователя {0} были успешно убраны с него",
    "administration_rar_err": "Не удалось убрать роли. Отсутвуют требуемые разрешения.",
    "administration_rc": "Цвет роли {0} был изменён.",
    "administration_rc_not_exist": "Данная роль не существует.",
    "administration_rc_params": "Заданные параметры недействительны.",
    "administration_rc_perms": "Возникла ошибка из-за недействительного цвета или недостаточных прав.",
    "administration_remrole": "Успешно убрана роль {0} пользователя {1}.",
    "administration_remrole_err": "Не удалось убрать роль. Отсутвуют требуемые разрешения.",
    "administration_renrole": "Роль переименована.",
    "administration_renrole_err": "Не получилось переименовать роль. У меня недостаточно прав.",
    "administration_renrole_perms": "Вы не можете редактировать роли, находящиеся выше чем ваша роль.",
    "administration_reprm": "Удалено повторяющееся сообщение: {0}",
    "administration_role_added": "Роль {0} была добавлена в список.",
    "administration_role_clean": "Роль {0} не найдена. Чат очищен.",
    "administration_role_in_list": "Роль {0} уже есть в списке.",
    "administration_ropl_added": "Добавлено.",
    "administration_ropl_disabled": "Чередующиеся статусы отключены.",
    "administration_ropl_enabled": "Чередующиеся статусы включены.",
    "administration_ropl_list": "Список чередующихся статусов:\n{0}",
    "administration_ropl_not_set": "Чередующиеся статусы не установлены.",
    "administration_self_assign_already": "У вас уже есть роль {0}",
    "administration_self_assign_already_excl": "У Вас уже есть исключенная самоназначенная роль {0}.",
    "administration_self_assign_excl": "Самоназначенные роли теперь взаимоисключающие!",
    "administration_self_assign_list": "Существует {0} самоназначенных ролей",
    "administration_self_assign_not": "Эта роль не является самоназначаемой.",
    "administration_self_assign_not_have": "У вас отсуствует роль {0}",
    "administration_self_assign_no_excl": "Самоназначенные роли теперь не взаимоисключающие!",
    "administration_self_assign_perms": "Не удалось добавить Вам эту роль. 'Нельзя добавлять роли владельцам или другим ролям, находящимся выше моей роли в ролевой иерархии'",
    "administration_self_assign_rem": "Роль {0} убрана из списка самоназначаемых ролей.",
    "administration_self_assign_remove": "У вас больше нет роли {0}",
    "administration_self_assign_success": "Теперь у вас есть роль {0}",
    "administration_setrole": "Успешно добавлена роль {0} пользователю {1}",
    "administration_setrole_err": "Не удалось добавить роль. Недостаточно разрешений.",
    "administration_set_avatar": "Новый аватар установлен!",
    "administration_set_channel_name": "Новое имя канала установлено.",
    "administration_set_game": "Новая игра установлена!",
    "administration_set_stream": "Новая трансляция установлена!",
    "administration_set_topic": "Новая тема канала установлена.",
    "administration_shard_reconnected": "Shard {0} переподключён.",
    "administration_shard_reconnecting": "Shard {0} переподключается.",
    "administration_shutting_down": "Выключение",
    "administration_slowmode_desc": "Пользователи не могут писать более {0} сообщений в {1} секунд.",
    "administration_slowmode_disabled": "Медленный режим выключен.",
    "administration_slowmode_init": "Медленный режим включен",
    "administration_soft_banned_pl": "выгнаны",
    "administration_spam_ignore": "{0} будет игнорировать данный канал.",
    "administration_spam_not_ignore": "{0} не будет игнорировать данный канал. ",
    "administration_spam_stats": "Если пользователь пишет {0} одинаковых сообщений подряд, я {1} их. __Игнорируемые каналы__: {2}",
    "administration_text_chan_created": "Создан текстовый канал.",
    "administration_text_chan_destroyed": "Уничтожен текстовый канал.",
    "administration_undeafen": "Отключено заглушение.",
    "administration_unmuted_sn": "Вернут звук",
    "administration_username": "Имя",
    "administration_username_changed": "Имя изменено",
    "administration_users": "Пользователи",
    "administration_user_banned": "Пользователь заблокирован",
    "administration_user_chat_mute": "{0} получил **запрет** на разговор в текстовых каналах.",
    "administration_user_chat_unmute": "{0} получил **разрешение** на разговор в текстовых каналах.",
    "administration_user_joined": "Пользователь присоединился",
    "administration_user_left": "Пользователь вышел",
    "administration_user_muted": "{0} получил **запрет** на разговор в текстовых и голосовых каналах.",
    "administration_user_role_add": "Добавлена роль пользователя",
    "administration_user_role_rem": "Удалена роль пользователя",
    "administration_user_status_change": "{0} теперь {1}",
    "administration_user_unmuted": "{0} получил **разрешение** на разговор в текстовых и голосовых каналах.",
    "administration_user_vjoined": "{0} присоединился к голосовому каналу {1}.",
    "administration_user_vleft": "{0} покинул голосовой канал {1}.",
    "administration_user_vmoved": "{0} переместился из голосового канала {1} в {2}.",
    "administration_user_voice_mute": "**Выключен микрофон** у {0}.",
    "administration_user_voice_unmute": "**Включён микрофон** у {0}.",
    "administration_voice_chan_created": "Голосовой канал создан",
    "administration_voice_chan_destroyed": "Голосовой канал удалён",
    "administration_vt_disabled": "Отключены голосовые + текстовые функции.",
    "administration_vt_enabled": "Включены голосовые + текстовые функции.",
    "administration_vt_exit": "Нет разрешения на **Управление ролями** и/или **Управление каналами**, поэтому нельзя использовать команду 'voice+text' на сервере {0}.",
    "administration_vt_no_admin": "Вы пытаетесь включить/отключить это свойство и **отсутствует разрешение АДМИНИСТРАТОР**. Это может вызвать ошибки, и вам придётся удалять текст в текстовых каналах самостоятельно.",
    "administration_vt_perms": "Для этого свойства требуются как минимум разрешения **управление ролями** и **управление каналами**. (предпочтительно разрешение Администратор)",
    "administration_xmuted_text": "Пользователь {0} в текстовом чате",
    "administration_xmuted_text_and_voice": "Пользователь {0} в текстовом и голосовом чатах",
    "administration_xmuted_voice": "Пользовать {0} в голосовом чате",
    "administration_sbdm": "Вас забанили на сервере {0}. Причина: {1}",
    "administration_user_unbanned": "Пользователь разбанен.",
    "administration_migration_done": "Перемещение закончено!",
    "administration_presence_updates": "История присутвия пользователей",
    "administration_sb_user": "Пользователя выгнали",
    "gambling_awarded": "наградил {0} пользователю {1}",
    "gambling_better_luck": "В следующий раз повезёт ^_^",
    "gambling_br_win": "Поздравляем! Вы выиграли {0}, так как выбросили больше {1}",
    "gambling_deck_reshuffled": "Колода перетасована.",
    "gambling_flipped": "подброшено {0}",
    "gambling_flip_guess": "Вы угадали! Вы выиграли {0}",
    "gambling_flip_invalid": "Указано неверное число. Вы можете подбросить от 1 до {0} монет.",
    "gambling_flowerreaction_desc": "Добавьте {0}, как реакцию к этому сообщению, чтобы получить {1}␣",
    "gambling_flowerreaction_footer": "Это событие активно в течение не более {0} часов.",
    "gambling_flowerreaction_title": "Событие получения цветов началось!",
    "gambling_gifted": "подарил {0} {1}",
    "gambling_has": "У {0} есть {1}",
    "gambling_heads": "Решка",
    "gambling_leaderboard": "Таблица рекордов",
    "gambling_mass_award": "{1} пользователей c ролью {2} награждены {0}.",
    "gambling_max_bet_limit": "Вы не можете поставить больше {0}",
    "gambling_min_bet_limit": "Вы не можете поставить меньше {0}",
    "gambling_not_enough": "У Вас недостаточно {0}",
    "gambling_no_more_cards": "В колоде закончились карты.",
    "gambling_raffled_user": "Победитель лотереи",
    "gambling_roll": "Вам выпало {0}.",
    "gambling_slot_bet": "Ставка",
    "gambling_slot_jackpot": "НИЧЕГО СЕБЕ!!! Поздраляем!!! x{0}",
    "gambling_slot_single": "Один {0}, x{1}",
    "gambling_slot_three": "Вот это повезло! Тройка! x{0}",
    "gambling_slot_two": "Молодец! Две {0} - ставка x{1}",
    "gambling_slot_won": "Выиграл",
    "gambling_sneakygamestatus_desc": "Пользователи могут ввести секретный код, чтобы получить {0}. Длится {1} секунд. Никому не говори!",
    "gambling_sneakygamestatus_end": "Закончилось событие SneakyGame. {0} пользователей получили награду.",
    "gambling_sneakygamestatus_title": "Началось событие SneakyGameStatus",
    "gambling_tails": "Орёл",
    "gambling_take": "успешно забрал {0} у {1}",
    "gambling_take_fail": "не смог забрать {0} у {1}, поскольку у пользователя нет столько {2}!",
    "help_back_to_toc": "Вернуться к оглавлению",
    "help_bot_owner_only": "Только для владельца бота",
    "help_channel_permission": "Требуется разрешение канала {0}.",
    "help_cmdlist_donate": "Вы можете поддержать проект в patreon: <{0}> или через paypal: <{1}>",
    "help_cmd_and_alias": "Команды и альтернативные имена команд",
    "help_commandlist_regen": "Список команд создан.",
    "help_commands_instr": "Напишите `{0}h ИмяКоманды`, чтобы получить справку для этой команды. Например, `{0}h {0}8ball`",
    "help_command_not_found": "Эта команда не найдена. Пожалуйста, убедитесь, что команда существует.",
    "help_desc": "Описание",
    "help_donate": "Вы можете поддержать проект NadekoBot в \nPatreon <{0}> или\nPaypal <{1}>\nНе забудьте оставить ваше имя в Discord или id в Вашем сообщении.\n\n**Спасибо** ♥️",
    "help_guide": "**Список команд**: <{0}>\n**Руководства по установке и документы можно найти здесь**: <{1}>",
    "help_list_of_commands": "Список команд",
    "help_list_of_modules": "Список модулей",
    "help_modules_footer": "Напишите '{0}cmds ИмяМодуля', чтобы получить список команд в этом модуле. Например, '{0}cmds games'",
    "help_module_not_found": "Этот модуль не существует",
    "help_server_permission": "Требуются серверное право {0}",
    "help_table_of_contents": "Оглавление",
    "help_usage": "Использование",
    "nsfw_autohentai_started": "Авто-хентай запущен. Каждые {0}с будут отправляться изображения с одним из следующих тэгов:\n{1}",
    "nsfw_tag": "Тэг",
    "gambling_animal_race": "Гонка зверей",
    "gambling_animal_race_failed": "Не удалось начать гонку, так как не хватает участников.",
    "gambling_animal_race_full": "В гонке не осталось мест! Гонка начинается.",
    "gambling_animal_race_join": "{0} присоединился в роли {1}",
    "gambling_animal_race_join_bet": "{0} присоединился в роли {1} и сделал ставку {2}!",
    "gambling_animal_race_join_instr": "Напишите {0}jr, чтобы присоединиться к гонке.",
    "gambling_animal_race_starting": "Гонка начнётся через 20 секунд или когда все места будут заняты.",
    "gambling_animal_race_starting_with_x": "Гонка началась с {0} участниками.",
    "gambling_animal_race_won": "{0} в роли {1} победил в гонке!",
    "gambling_animal_race_won_money": "{0} в роли {1} победил в гонке и получил {2}!",
    "gambling_dice_invalid_number": "Задано неправильное число. Можно бросить {0}-{1} костей одновременно.",
    "gambling_dice_rolled": "выпало {0}",
    "gambling_dice_rolled_num": "Брошено {0} костей.",
    "gambling_race_failed_starting": "Не удалось начать гонку. Другая гонка уже идёт.",
    "gambling_race_not_exist": "На данном сервере не идёт гонка.",
    "gambling_second_larger_than_first": "Второе число должно быть больше первого.",
    "gambling_changes_of_heart": "Изменения в чувствах",
    "gambling_claimed_by": "Является мужем",
    "gambling_divorces": "Разводы",
    "gambling_likes": "Нравится",
    "gambling_price": "Цена",
    "gambling_waifus_none": "Ни одной вайфу ещё не забрали",
    "gambling_waifus_top_waifus": "Рейтинг вайфу",
    "gambling_waifu_affinity_already": "Ваша предрасположенность уже установлена для этой вайфу или Вы пытаесь убрать предрасположенность к вайфу, которой нет.",
    "gambling_waifu_affinity_changed": "сменил свою предрасположенность с {0} на {1}.\n\n*Это сомнительно с моральной точки зрения.*🤔",
    "gambling_waifu_affinity_cooldown": "Вам нужно подождать {0} часов и {1} минут перед тем, как опять менять Вашу предрасположенность.",
    "gambling_waifu_affinity_reset": "Ваша предрасположенность сброшена. У Вас больше нет человека, который Вам нравится.",
    "gambling_waifu_affinity_set": "хочет быть вайфу {0}. Как мило <3",
    "gambling_waifu_claimed": "объявил {0} своей вайфу за {1}!",
    "gambling_waifu_divorced_like": "Вы развелись с вайфу, которой Вы нравитесь. Вы бессердечный прохиндей! {0} получил {1} в качестве компенсации.",
    "gambling_waifu_egomaniac": "Вы не можете установить предрасположенность к самому себе, это чересчур эгоистичсно.",
    "gambling_waifu_fulfilled": "🎉Их любовь нашла взаимность!🎉\nНовое значение {0} —  {1}.",
    "gambling_waifu_isnt_cheap": "Не бывает таких дешёвых вайфу. Вам нужно заплатить как минимум {0}, чтобы получить вайфу, даже если их фактическая стоимость ниже этого значения.",
    "gambling_waifu_not_enough": "Вам нужно заплатить {0} или больше, чтобы получить эту вайфу!",
    "gambling_waifu_not_yours": "Эта вайфу — не Ваша.",
    "gambling_waifu_not_yourself": "Вы не можете потребовать себя в вайфу.",
    "gambling_waifu_recent_divorce": "Вы недавно развелись. Нужно подождать {0} часов и {1} минут, если хотите снова развестись.",
    "gambling_nobody": "Никто",
    "gambling_waifu_divorced_notlike": "Вы развелись с вайфу, которой Вы не нравились. Вам вернули {0}.",
    "games_8ball": "8ball",
    "games_acrophobia": "Акрофобия.",
    "games_acro_ended_no_sub": "Игра закончилась без ответов.",
    "games_acro_no_votes_cast": "Никто не проголосовал. Игра закончилась без победителся.",
    "games_acro_nym_was": "Акроним был {0}.",
    "games_acro_running": "В этом канале уже идёт игра Акрофобии.",
    "games_acro_started": "Игра начинается. Составьте предложение со следующим акронимом: {0}.",
    "games_acro_started_footer": "У Вас есть {0} секунд, чтобы предложить ответ.",
    "games_acro_submit": "{0} предложил своё предложение. ({1} в общей сложности)",
    "games_acro_vote": "Чтобы проголосовать, напишите номер ответа.",
    "games_acro_vote_cast": "{0} проголосовал!",
    "games_acro_winner": "Победитель — {0} с {1} очками.",
    "games_acro_winner_only": "{0} — победитель, так как только он привёл ответ!",
    "games_question": "Вопрос",
    "games_rps_draw": "Ничья! Оба игрока выбрали {0}",
    "games_rps_win": "{0} выиграл! {1} побеждает {2}",
    "games_submissions_closed": "Приём ответов закончен.",
    "gambling_animal_race_already_started": "Гонка зверей уже идёт.",
    "gambling_total_average": "Итого: {0}  Среднее: {1}",
    "games_category": "Категория",
    "games_cleverbot_disabled": "На этом сервере отключён cleverbot.",
    "games_cleverbot_enabled": "На этом сервере включён cleverbot.",
    "games_curgen_disabled": "В этом канале отключено появление валюты.",
    "games_curgen_enabled": "В этом канале включено появление валюты.",
    "games_curgen_pl": "{0} случайных {1} появились!",
    "games_curgen_sn": "Случайный {0} появился!",
    "games_failed_loading_question": "Не удалось загрузить вопрос.",
    "games_game_started": "Игра началась",
    "games_hangman_game_started": "Игра в Виселицу началась",
    "games_hangman_running": "Игра в Виселицу уже идёт в этом канале.",
    "games_hangman_start_errored": "Не удалось начать игру в Виселицу.",
    "games_hangman_types": "Список типов слов для \"{0}hangman\":",
    "games_leaderboard": "Таблица рекордов",
    "games_not_enough": "У вас не хватает {0}",
    "games_no_results": "Нет результатов",
    "games_picked": "собрал {0}",
    "games_planted": "{0} посадил {1}",
    "games_trivia_already_running": "Викторина уже идёт на этом сервере.",
    "games_trivia_game": "Викторина",
    "games_trivia_guess": "{0} угадал! Ответ: {1}",
    "games_trivia_none": "На этом сервере не идёт викторина.",
    "games_trivia_points": "У {0} {1} очков.",
    "games_trivia_stopping": "Игра закончится после этого вопроса.",
    "games_trivia_times_up": "Время вышло! Правильный ответ — {0}",
    "games_trivia_win": "{0} угадал и ВЫИГРАЛ в игре! Ответ: {1}",
    "games_ttt_against_yourself": "Вы не можете играть против самого себя.",
    "games_ttt_already_running": "В этом канале уже идёт игра в крестики-нолики.",
    "games_ttt_a_draw": "Ничья!",
    "games_ttt_created": "создал игру в крестики-нолики.",
    "games_ttt_has_won": "{0} выиграл!",
    "games_ttt_matched_three": "Выстроил 3 в ряд",
    "games_ttt_no_moves": "Ходов не осталось!",
    "games_ttt_time_expired": "Время вышло!",
    "games_ttt_users_move": "Ход {0}",
    "games_vs": "{0} против {1}",
    "music_attempting_to_queue": "Пытаюсь добавить {0} песен в очередь...",
    "music_autoplay_disabled": "Автовоспроизведение отключено.",
    "music_autoplay_enabled": "Автовоспроизведение включено.",
    "music_defvol_set": "Громкость по умолчанию выставлена на {0}%",
    "music_dir_queue_complete": "Папка успешно добавлена в очередь воспроизведения.",
    "music_fairplay": "Справедливое воспроизведение",
    "music_finished_song": "Песня завершилась.",
    "music_fp_disabled": "Отключено честное воспроизведение.",
    "music_fp_enabled": "Включено честное воспроизведение.",
    "music_from_position": "С момента",
    "music_id": "Имя",
    "music_invalid_input": "Неправильный ввод.",
    "music_max_playtime_none": "Максимальное время воспроизведения теперь неограничено.",
    "music_max_playtime_set": "Максимальное время воспроизведения установлено на {0} секунд.",
    "music_max_queue_unlimited": "Максимальный размер очереди воспроизведения теперь неограничен.",
    "music_max_queue_x": "Максимальный размер очереди воспроизведения установлен на {0} песен.",
    "music_must_be_in_voice": "Вам требуется быть в голосовом канале на этом сервере.",
    "music_name": "Название",
    "music_now_playing": "Сейчас играет",
    "music_no_player": "Нет активного музыкального проигрывателя.",
    "music_no_search_results": "Нет результатов поиска.",
    "music_paused": "Проигрывание музыки приостановлено.",
    "music_player_queue": "Очередь воспроизведения - Страница {0}/{1}",
    "music_playing_song": "Воспроизводится песня #{0}",
    "music_playlists": "'#{0}' - **{1}** *{2}* ({3} песен)",
    "music_playlists_page": "Страница {0} сохранённых плейлистов.",
    "music_playlist_deleted": "Плейлист удалён.",
    "music_playlist_delete_fail": "Не удалось удалить плейлист. Он либо не существует, либо Вы не его автор.",
    "music_playlist_id_not_found": "Плейлист с таким номером не существует.",
    "music_playlist_queue_complete": "Добавление плейлиста в очередь завершено.",
    "music_playlist_saved": "Плейлист сохранён.",
    "music_play_limit": "Ограничение {0}c",
    "music_queue": "Очередь воспроизведения",
    "music_queued_song": "Песня добавлена в очередь воспроизведения.",
    "music_queue_cleared": "Очередь воспроизведения музыки очищена.",
    "music_queue_full": "Очередь воспроизведения полна {0}/{0}.",
    "music_removed_song": "Убрана песня",
    "music_repeating_cur_song": "Повторяется текущая песня.",
    "music_repeating_playlist": "Повторяется плейлист",
    "music_repeating_track": "Повторяется песня",
    "music_repeating_track_stopped": "Повтор текущей песни приостановлен.",
    "music_resumed": "Воспроизведение музыки возобновлено.",
    "music_rpl_disabled": "Отключено повторение плейлиста.",
    "music_rpl_enabled": "Включено повторение плейлиста.",
    "music_set_music_channel": "Проигрываемые, завершённые, приостановленные и удалённые песни будут выводится в этом канале.",
    "music_skipped_to": "Пропускаю до '{0}:{1}'",
    "music_song_moved": "Песня перемещена",
    "music_time_format": "{0}ч {1}м {2}с",
    "music_to_position": "К моменту",
    "music_unlimited": "неограничено",
    "music_volume_input_invalid": "Уровень громкости должен быть от 0 до 100",
    "music_volume_set": "Уровень громкости установлен на {0}%",
    "permissions_acm_disable": "Отключено использование ВСЕХ МОДУЛЕЙ в канале {0}.",
    "permissions_acm_enable": "Включено использование ВСЕХ МОДУЛЕЙ в канале {0}.",
    "permissions_allowed": "Разрешено",
    "permissions_arm_disable": "Отключено использование ВСЕХ МОДУЛЕЙ для роли {0}.",
    "permissions_arm_enable": "Включено использование ВСЕХ МОДУЛЕЙ для роли {0}.",
    "permissions_asm_disable": "Отключено использование ВСЕХ МОДУЛЕЙ на этом сервере.",
    "permissions_asm_enable": "Включено использование ВСЕХ МОДУЛЕЙ на этом сервере.",
    "permissions_aum_disable": "Отключено использование ВСЕХ МОДУЛЕЙ для пользователя {0}.",
    "permissions_aum_enable": "Включено использование ВСЕХ МОДУЛЕЙ для пользователя {0}.",
    "permissions_blacklisted": "{0} добавлено в чёрный список под номером {1}",
    "permissions_cmdcd_add": "У команды {0} теперь есть время перезарядки {1}c",
    "permissions_cmdcd_cleared": "У команды {0} больше нет времени перезарядки и все существующие перезарядки были сброшены.",
    "permissions_cmdcd_none": "У команды не установлено время перезарядки.",
    "permissions_command_costs": "Стоимость команд",
    "permissions_cx_disable": "Отключено использование {0} {1} в канале {2}.",
    "permissions_cx_enable": "Включено использование {0} {1} в канале {2}.",
    "permissions_denied": "Отказано",
    "permissions_filter_word_add": "Слово {0} добавлено в список фильтруемых слов.",
    "permissions_filter_word_list": "Список фильтруемых слов",
    "permissions_filter_word_remove": "Слово {0} убрано из списка фильтруемых слов.",
    "permissions_invalid_second_param_between": "Неправильный второй параметр. (Должно быть числом от {0} до {1})",
    "permissions_invite_filter_channel_off": "Отключена фильтрация приглашений в этом канале.",
    "permissions_invite_filter_channel_on": "Включена фильтрация приглашений в этом канале. ",
    "permissions_invite_filter_server_off": "Отключена фильтрация приглашений в этом сервере.",
    "permissions_invite_filter_server_on": "Включена фильтрация приглашений в этом сервере.",
    "permissions_moved_permission": "Передано разрешение {0} с #{1} в #{2}",
    "permissions_not_found": "Не найдено разрешение с номером #{0}",
    "permissions_no_costs": "Стоимости не установлены.",
    "permissions_of_command": "команда",
    "permissions_of_module": "модуль",
    "permissions_page": "Страница разрешений {0}",
    "permissions_permrole": "Текущая роль разрешений — {0}",
    "permissions_permrole_changed": "Пользователям требуется роль {0} для редактирования разрешений.",
    "permissions_perm_out_of_range": "Не найдено разрешения с таким номером.",
    "permissions_removed": "удалил разрешение #{0} - {1}",
    "permissions_rx_disable": "Отключено использование {0} {1} для роли {2}.",
    "permissions_rx_enable": "Включено использование {0} {1} для роли {2}.",
    "permissions_sec": "сек.",
    "permissions_sx_disable": "Отключено использование {0} {1} для данного сервера.",
    "permissions_sx_enable": "Включено использование {0} {1} для данного сервера.",
    "permissions_unblacklisted": "{0} с номером {1} убраны из черного списка.",
    "permissions_uneditable": "нередактируемое",
    "permissions_ux_disable": "Отключено использование {0} {1} для пользователя {2}.",
    "permissions_ux_enable": "Включено использование {0} {1} для пользователя {2}.",
    "permissions_verbose_false": "Оповещения о разрешениях больше не будут показываться в чате.",
    "permissions_verbose_true": "Оповещения о разрешениях будут показываться в чате.",
    "permissions_word_filter_channel_off": "В данном канале отключена фильтрация слов.",
    "permissions_word_filter_channel_on": "В данном канале включена фильтрация слов.",
    "permissions_word_filter_server_off": "На данном сервере оключена фильтрация слов.",
    "permissions_word_filter_server_on": "На данном сервере включена фильтрация слов.",
    "searches_abilities": "Способности",
    "searches_anime_no_fav": "Нет любимого аниме",
    "searches_atl_ad_started": "Начинается автоматический перевод сообщений в этом канале. Сообщения пользователей будут автоматически удаляться.",
    "searches_atl_removed": "Ваш язык автоперевода был удалён.",
    "searches_atl_set": "Ваш язык автоперевода изменён с {0} на {1}",
    "searches_atl_started": "Начинается автоматический перевод сообщений в этом канале.",
    "searches_atl_stopped": "Остановлен автоматический перевод сообщений в этом канале.",
    "searches_bad_input_format": "Неправильный формат ввода, что-то пошло не так.",
    "searches_card_not_found": "Эта карта не найдена.",
    "searches_catfact": "факт",
    "searches_chapters": "Главы",
    "searches_comic_number": "Комикс #",
    "searches_compet_loses": "Поражений в соревновательном режиме",
    "searches_compet_played": "Матчей в соревновательном режиме",
    "searches_compet_rank": "Соревновательный ранг",
    "searches_compet_wins": "Победы в соревновательном режиме",
    "searches_completed": "Завершено",
    "searches_condition": "Условие",
    "searches_cost": "Стоимость",
    "searches_date": "Дата",
    "searches_define": "Определить:",
    "searches_dropped": "Брошено",
    "searches_episodes": "Эпизоды",
    "searches_error_occured": "Произошла ошибка.",
    "searches_example": "Образец",
    "searches_failed_finding_anime": "Не удалось найти это аниму.",
    "searches_failed_finding_manga": "Не удалось найти это манго.",
    "searches_genres": "Жанры",
    "searches_hashtag_error": "Не удалось найти определение для этого тэга.",
    "searches_height_weight": "Высота/Вес",
    "searches_height_weight_val": "{0}м/{1}кг",
    "searches_humidity": "Влажность",
    "searches_image_search_for": "Поиск изображений:",
    "searches_imdb_fail": "Не удалос найти этот фильм.",
    "searches_invalid_lang": "Неправильный источник или целевой язык.",
    "searches_jokes_not_loaded": "Шутки не были загружены.",
    "searches_latlong": "Шир/Долг",
    "searches_level": "Уровень",
    "searches_list_of_place_tags": "Список тэгов для команды {0}place",
    "searches_location": "Местоположение",
    "searches_magicitems_not_loaded": "Волшебные предметы не были загружены.",
    "searches_mal_profile": "Профиль в MAL {0}",
    "searches_mashape_api_missing": "Владелец бота не задал MashapeApiKey. Вы не можете использовать эту функцию.",
    "searches_min_max": "Мин/Макс",
    "searches_no_channel_found": "Каналов не найдено.",
    "searches_no_results": "Результаты не найдены.",
    "searches_on_hold": "Ожидание",
    "searches_original_url": "Оригинальный URL",
    "searches_osu_api_key": "Требуется ключ osu! API.",
    "searches_osu_failed": "Не удалось получить подпись osu!",
    "searches_over_x": "Найдено больше {0} изображений. Показывается случайные {0} изображений.",
    "searches_ow_user_not_found": "Пользователь не найден! Проверьте регион и BattleTag и попробуйте ещё раз.",
    "searches_plan_to_watch": "Планирует смотреть",
    "searches_platform": "Платформа",
    "searches_pokemon_ability_none": "Способность не найдена",
    "searches_pokemon_none": "Покемон не найден",
    "searches_profile_link": "Ссылка на профиль:",
    "searches_quality": "Качество:",
    "searches_quick_playtime": "Время в Быстрой игре",
    "searches_quick_wins": "Побед в Быстрой Игре",
    "searches_rating": "Рейтинг:",
    "searches_score": "Отметка:",
    "searches_search_for": "Искать:",
    "searches_shorten_fail": "Не удалось укоротить эту ссылку.",
    "searches_short_url": "Короткая ссылка",
    "searches_something_went_wrong": "Что-то пошло не так.",
    "searches_specify_search_params": "Пожалуйста, задайте параметры поиска.",
    "searches_status": "Состояние",
    "searches_store_url": "URL Магазина",
    "searches_streamer_offline": "Стример {0} в оффлане.",
    "searches_streamer_online": "Стример {0} в онлайне с {1} зрителями.",
    "searches_streams_following": "Вы подписаны на {0} стримов на этом сервере.",
    "searches_streams_none": "Вы не подписаны ни на один стрим на этом сервере.",
    "searches_stream_no": "Такого стрима не существует.",
    "searches_stream_not_exist": "Скорее всего, этот стрим не существует.",
    "searches_stream_removed": "Стрим {0} ({1}) убран из оповещений.",
    "searches_stream_tracked": "Этот канал будет оповещён, когда статус стрима изменится.",
    "searches_sunrise": "Рассвет",
    "searches_sunset": "Закат",
    "searches_temperature": "Температура",
    "searches_title": "Название:",
    "searches_top_3_fav_anime": "3 любимых аниме:",
    "searches_translation": "Перевод:",
    "searches_types": "Типы:",
    "searches_ud_error": "Не удалось найти определение для этого запроса.",
    "searches_url": "Url",
    "searches_viewers": "Зрители",
    "searches_watching": "Смотрят",
    "searches_wikia_error": "Не удалось найти этот термин на указаной вики.",
    "searches_wikia_input_error": "Укажите целевую вики и после этого поисковый запрос.",
    "searches_wiki_page_not_found": "Страница не найдена.",
    "searches_wind_speed": "Скорость ветра",
    "searches_x_most_banned_champs": "{0} наиболее часто забаненных чемпионов.",
    "searches_yodify_error": "Предложение, как у Йоды, не получилось сделать.",
    "utiliity_joined": "Присоединился",
    "utility_activity_line": "'{0}.' {1} [{2:F2}/с] - {3} всего",
    "utility_activity_page": "Страница списка активности #{0}",
    "utility_activity_users_total": "Всего {0} пользователей.",
    "utility_author": "Автор",
    "utility_botid": "ID бота",
    "utility_calcops": "Список функций команды {0}calc",
    "utility_channelid": "{0} этого канала — {1}",
    "utility_channel_topic": "Тема канала",
    "utility_commands_ran": "Команд запущено",
    "utility_convert": "{0} {1} равно {2} {3}",
    "utility_convertlist": "Единицы, которые можно использовать в конвертировании",
    "utility_convert_not_found": "Нельзя перевести {0} в {1}: единицы измерения не найдены",
    "utility_convert_type_error": "Нельзя перевести {0} в {1}: единицы измерения не эквивалентны.",
    "utility_created_at": "Создано",
    "utility_custom_emojis": "Серверные emoji",
    "utility_error": "Ошибка",
    "utility_features": "Признаки",
    "utility_id": "Имя",
    "utility_index_out_of_range": "Указатель вышел за пределы диапазона.",
    "utility_inrole_list": "Список пользователей с ролью {0}:",
    "utility_inrole_not_allowed": "Вам запрещено использовать эту комманду в отношении ролей с большим числом пользователей для предотвращения чрезмерного использования.",
    "utility_invalid_value": "Неправильное значение {0}.",
    "utility_joined_discord": "Присоединился к Discord",
    "utility_joined_server": "Присоединился к серверу",
    "utility_listservers": "Имя: {0}\nУчастники: {1}\nID Владельца: {2}",
    "utility_listservers_none": "На этой странице не найдено серверов.",
    "utility_list_of_repeaters": "Список повторяемых сообщений",
    "utility_members": "Участники",
    "utility_memory": "Память",
    "utility_messages": "Сообщения",
    "utility_message_repeater": "Повторяемые сообщения",
    "utility_name": "Имя",
    "utility_nickname": "Имя",
    "utility_nobody_playing_game": "Никто не играет в эту игру",
    "utility_no_active_repeaters": "Нет активных повторяемых сообщений",
    "utility_no_roles_on_page": "На этой странице нет ролей.",
    "utility_no_shards_on_page": "На этой странице нет Shard-ов.",
    "utility_no_topic_set": "Тема не задана",
    "utility_owner": "Владелец",
    "utility_owner_ids": "ID владельца",
    "utility_presence": "Присутствие",
    "utility_presence_txt": "{0} Серверов\n{1} Текстовых каналов\n{2} Голосовых каналов",
    "utility_quotes_deleted": "Удалены все цитаты с ключевым словом {0}.",
    "utility_quotes_page": "Страница {0} цитат",
    "utility_quotes_page_none": "Цитат на этой странице не найдено.",
    "utility_quotes_remove_none": "Не найдено цитат, пригодных для удаления.",
    "utility_quote_added": "Цитата добавлена",
    "utility_quote_deleted": "Цитата #{0} удалена.",
    "utility_region": "Регион",
    "utility_registered_on": "Зарегистрирован",
    "utility_remind": "Я напомню, чтобы {0} сделал {1} через {2} '{3:d.M.yyyy.} в {4:HH:mm}'",
    "utility_remind_invalid_format": "Неправильный формат времени. Проверьте список команд.",
    "utility_remind_template": "Новый образец для напоминаний задан.",
    "utility_repeater": "Повторяю {0} каждые {1} дня(ей), {2} час(а) и {3} минут(у).",
    "utility_repeaters_list": "Список повторяемых сообщений",
    "utility_repeaters_none": "На этом сервере нет повторяемых сообщений.",
    "utility_repeater_stopped": "#{0} остановлен.",
    "utility_repeat_invoke_none": "На этом сервере не найдено повторяемых сообщений",
    "utility_result": "Результат",
    "utility_roles": "Роли",
    "utility_roles_all_page": "Страница #{0} всех ролей на этом сервере:",
    "utility_roles_page": "Страница #{0} ролей для {1}",
    "utility_rrc_no_colors": "Цвета заданы в неправильном формате. Используйте, например '#00ff00'.",
    "utility_rrc_start": "Начато чередование цветов роли {0}.",
    "utility_rrc_stop": "Остановлено чередование цветов роли {0}.",
    "utility_serverid": "{0} этого сервера — {1}",
    "utility_server_info": "Информация о сервере",
    "utility_shard": "Shard",
    "utility_shard_stats": "Статистика Shard-а",
    "utility_shard_stats_txt": "Shard **#{0}** в состоянии {1} на {2} серверах — {3} назад",
    "utility_showemojis": "**Имя:** {0} **Link:** {1}",
    "utility_showemojis_none": "Серверные emoji не найдены.",
    "utility_stats_songs": "Проигрывается {0} песен, {1} в очереди",
    "utility_text_channels": "Текстовые каналы",
    "utility_togtub_room_link": "Ссылка на Вашу комнату:",
    "utility_uptime": "Время работы",
    "utility_userid": "{0} пользователя {1} — {2}",
    "utility_users": "Пользователи",
    "utility_voice_channels": "Голосовые каналы",
    "gambling_animal_race_already_in": "Вы уже участвуете в этой гонке!",
    "games_current_poll_results": "Результаты опроса",
    "games_no_votes_cast": "Не получено ни одного ответа.",
    "games_poll_already_running": "На данном сервере уже идёт опрос.",
    "games_poll_created": "{0} создал опрос, требующий Вашего внимания:",
    "games_poll_result": "'{0}.' У {1} {2} голосов.",
    "games_poll_voted": "{0} проголосовал.",
    "games_poll_vote_private": "Отправьте сообщение в этом текстовом канале с номером, соответствующему Вашему ответу.",
    "games_poll_vote_public": "Отправьте сообщение в этом текстовом канале с номером, соответствующему Вашему ответу.",
    "games_thanks_for_voting": "Спасибо за Ваш ответ, {0}.",
    "games_x_votes_cast": "Всего получено {0} ответов.",
    "games_pick_pl": "Напишите '{0}pick', чтобы собрать их",
    "games_pick_sn": "Напишите '{0}pick', чтобы собрать его",
    "gambling_no_users_found": "Пользователи не найдены.",
    "gambling_page": "Страница {0}",
    "administration_must_be_in_voice": "Вы должны быть в голосовом канале на этом сервере.",
    "administration_no_vcroles": "Нет ролей для голосовых каналов.",
    "administration_user_muted_time": "{0} получил **запрет** на разговор в текстовых и голосовых каналах на {1} минут.",
    "administration_vcrole_added": "Пользователи, присоединяющиеся к голосовому каналу {0}, получат роль {1}.",
    "administration_vcrole_removed": "Пользователи, присоединяющиеся к голосовому каналу {0}, больше не будут получать роль.",
    "administration_vc_role_list": "Роли голосовых каналов",
    "customreactions_crad_disabled": "Сообщение, инициирующее пользовательскую реакцию с номером {0}, не будет автоматически удалено.",
    "customreactions_crad_enabled": "Сообщение, инициирующее пользовательскую реакцию с номером {0}, будет автоматически удалено.",
    "customreactions_crdm_disabled": "Ответное сообщение для пользовательской реакции с номером {0} не будет отправлено в ЛС.",
    "customreactions_crdm_enabled": "Ответное сообщение для пользовательской реакции с номером {0} будет отправлено в ЛС.",
    "utility_aliases_none": "Альтернативная команда не найдена",
    "utility_alias_added": "{0} теперь будет альтернативной командой для {1}.",
    "utility_alias_list": "Список альтернативных команд",
    "utility_alias_removed": "У триггера {0} больше нет альтернативных команд.",
    "utility_alias_remove_fail": "У триггера {0} не было альтернативных команд.",
    "searches_compet_playtime": "Время в игре",
    "administration_channel": "Канал",
    "administration_command_text": "Текст команды",
    "administration_kicked_pl": "Выгнаны",
    "administration_moderator": "Модератор",
    "administration_page": "страница {0}",
    "administration_reason": "Причина",
    "administration_scadd": "Новая команда автозапуска добавлена.",
    "administration_scrm": "Новая команда автозапуска успешно удалена.",
    "administration_scrm_fail": "Команда автозапуска не найдена.",
    "administration_server": "Сервер",
    "administration_startcmdlist_none": "Не найдено команд автозапуска на этой странице.",
    "administration_startcmds_cleared": "Удалены все команды автозапуска.",
    "administration_unbanned_user": "Пользователь {0} был разбанен.",
    "administration_user_not_found": "Пользователь не найден.",
    "administration_user_warned": "Пользователь {0} получил предупреждение.",
    "administration_user_warned_and_punished": "Пользователь {0} получил предупреждение и наказание {1} было применено.",
    "administration_warned_on": "Предупреждение было вынесено на сервере {0}",
    "administration_warned_on_by": "{0} в {1} пользователем {2}",
    "administration_warnings_cleared": "Все предупреждения были удалены для пользователя {0}.",
    "administration_warnings_none": "На этой странице нет предупреждений.",
    "administration_warnlog_for": "Регистрация предупреждений для пользователя {0}",
    "administration_warnpl_none": "Наказания не выставлены.",
    "administration_warn_cleared_by": "очищен пользователем {0}",
    "administration_warn_punish_list": "Список наказаний для предупреждений",
    "administration_warn_punish_rem": "Наказание больше не будет применено после {0} предупреждений.",
    "administration_warn_punish_set": "Для пользователей с {1} предупреждениями будет применено наказание {0}.",
    "administration_slowmodewl_role_start": "Медленный режим больше не распространяется на роль {0}.",
    "administration_slowmodewl_role_stop": "Медленный режим теперь распространяется на роль {0}.",
    "administration_slowmodewl_user_start": "Медленный режим больше не распространяется на пользователя {0}.",
    "administration_slowmodewl_user_stop": "Медленный режим теперь распространяется на пользователя {0}.",
    "utility_clpa_fail": "Не удалось получить награды по одной из следующих причин:",
    "utility_clpa_fail_already": "Возможно, Вы уже получили Ваши награды за этот месяц. Вы можете получать награды только раз в месяц, если Вы не увеличивали Ваше пожертвование.",
    "utility_clpa_fail_already_title": "Уже были получены",
    "utility_clpa_fail_conn": "Ваш аккаунт в Discord, скорее всего, не подключён к Patreon. Если Вы не уверены, что это значит или не знаете, как его подключить, то Вам необходимо перейти на [Страницу настроек аккаунта в Patreon](https://patreon.com/settings/account) и нажать кнопку \"Connect to discord.\"",
    "utility_clpa_fail_conn_title": "Аккаунт Discord не подключён",
    "utility_clpa_fail_sup": "Для получения наград Вам необходимо поддерживать проект в Patreon. Вы можете воспользоваться командой {0}, чтобы получить ссылку.",
    "utility_clpa_fail_sup_title": "Вы не поддерживаете проект",
    "utility_clpa_fail_wait": "Вам необходимо подождать несколько часов после Вашего пожертвования, если Вы не делали этого, попробуйте позже.",
    "utility_clpa_fail_wait_title": "Подождите немного",
    "utility_clpa_success": "Вы получили {0}. Спасибо за поддержку проекта!",
    "utility_clpa_too_early": "Награды могут быть получены только начиная с 5-го числа месяца.",
    "searches_time": "Время в {0} сейчас {1} - {2}",
    "administration_rh": "Изменено отображение роли {0}, отображаемой отдельно от участников онлайн, на {1}.",
    "gambling_name": "Название",
    "gambling_shop": "Магазин",
    "gambling_shop_item_add": "Предмет для покупки был добавлен",
    "gambling_shop_none": "На этой странице нет предметов для покупки.",
    "gambling_shop_role": "Вы получите роль {0}",
    "gambling_type": "Вид",
    "utility_clpa_next_update": "Следующее обновление в {0}",
    "administration_gvc_disabled": "Функция Игрового Голосового Канала отключена на этом сервере.",
    "administration_gvc_enabled": "{0} теперь является Игровым Голосовом Каналом.",
    "administration_not_in_voice": "Вы не находитесь в голосовом канале на этом сервере.",
    "gambling_item": "Предмет",
    "gambling_out_of_stock": "Закончились.",
    "gambling_random_unique_item": "Случайный уникальный предмет.",
    "gambling_shop_buy_error": "Ошибка при отправке сообщения в ЛС. Ваши деньги возвращены.",
    "gambling_shop_item_not_found": "Ни одного предмета с этим номером не было найдено.",
    "gambling_shop_item_purchase": "Покупка предмета прошла успешно.",
    "gambling_shop_item_rm": "Предмет для покупки был удален",
    "gambling_shop_item_wrong_type": "Этот отдел магазина не поддерживает добавление предметов.",
    "gambling_shop_list_item_added": "Предмет успешно добавлен.",
    "gambling_shop_list_item_not_unique": "Этот предмет уже был добавлен.",
    "gambling_shop_purchase": "Покупка на {0} сервере",
    "gambling_shop_role_not_found": "Роль, которая была продана, больше не существует.",
    "gambling_shop_role_purchase": "Вы успешно купили роль {0}.",
    "gambling_shop_role_purchase_error": "Ошибка при выдаче роли. Ваша покупка была сброшена.",
    "gambling_unique_items_left": "Осталось {0} уникальных предметов.",
    "permissions_blocked_commands": "Заблокированные Команды",
    "permissions_blocked_modules": "Заблокированные Модули",
    "permissions_gcmd_add": "Команда {0} была отключена на всех серверах.",
    "permissions_gcmd_remove": "Команда {0} была включена на всех серверах.",
    "permissions_gmod_add": "Модуль {0} был отключен на всех серверах.",
    "permissions_gmod_remove": "Модуль {0} был включен на всех серверах.",
    "permissions_lgp_none": "Нет заблокированных команд или модулей.",
    "gambling_animal_race_no_race": "В этой гонке не осталось мест!",
    "utility_cant_read_or_send": "Вы не можете читать или отправлять сообщения в этом канале.",
    "utility_quotes_notfound": "Не найдено цитат с таким номером.",
    "administration_prefix_current": "Префикс для этого сервера — {0}",
    "administration_prefix_new": "Префикс для этого сервера изменен с {0} на {1}",
    "administration_defprefix_current": "Стандартный префикс для бота — {0}",
    "administration_defprefix_new": "Стандартный префикс изменен с {0} на {1}",
    "administration_bot_nick": "Имя бота было изменено на {0}",
    "administration_user_nick": "Имя пользователя {0} изменено на {1}",
    "administration_timezone_guild": "Часовой пояс для этого сервера — '{0}'",
    "administration_timezone_not_found": "Часовой пояс не найден. Используйте команду \"timezones\", чтобы просмотреть список доступных часовых поясов.",
    "administration_timezones_available": "Доступные часовые пояса",
    "music_song_not_found": "Песен не найдено.",
    "searches_define_unknown": "Не могу найти определение для этого термина.",
    "utility_repeater_initial": "Первоначальное повторяющееся сообщение будет отправлено через {0} часов {1} минут.",
    "utility_verbose_errors_enabled": "Неверно введенные команды теперь будут выводить ошибки.",
    "utility_verbose_errors_disabled": "Неверно введенные команды больше не будут выводить ошибки.",
    "permissions_perms_reset": "Разрешения для этого сервера были сброшены.",
    "permissions_trigger": "Разрешение #{0} {1} запрещает это действие.",
    "administration_migration_error": "Ошибка при переносе данных, проверьте консоль для получения дополнительной информации.",
    "searches_hex_invalid": "Задан неверный цвет.",
    "permissions_global_perms_reset": "Глобальные разрешения были сброшены.",
    "help_module": "Модуль: {0}",
    "games_hangman_stopped": "Игра в Виселицу остановлена.",
    "music_autoplaying": "Автовоспроизведение.",
    "music_queue_stopped": "Воспроизведение приостановлено. Используйте команду {0}, чтобы начать воспроизведение.",
    "music_removed_song_error": "Песни по этому индексу не существует",
    "music_shuffling_playlist": "Воспроизвожу песни в случайном порядке",
    "music_songs_shuffle_enable": "Песни будут воспроизводиться в случайном порядке.",
    "music_songs_shuffle_disable": "Песни больше не будут воспроизводиться в случайном порядке.",
    "music_song_skips_after": "Песни будут пропущены после {0}",
    "administration_warnings_list": "Список всех предупреждённых пользователей на сервере"
}