{
    "clashofclans_base_already_claimed": "הבסיס הזה נתפס או נהרס.",
    "clashofclans_base_already_destroyed": "הבסיס הזה כבר נהרס.",
    "clashofclans_base_already_unclaimed": "הבסיס הזה לא נתפס.",
    "clashofclans_base_destroyed": "הבסיס #{0} **הושמד** במלחמה נגד {1}",
    "clashofclans_base_unclaimed": "{0} **שיחרר** את בסיס #{1} במלחמה נגד {2}",
    "clashofclans_claimed_base": "{0} תפס את בסיס #{1} במלחמה נגד {2}",
    "clashofclans_claimed_other": "@{0} אתה כבר תפסת את בסיס #{1}. אינך יכול לתפוס אחד חדש",
    "clashofclans_claim_expired": "התפיסה מ- @{0} במלחמה נגד {1} פגה.",
    "clashofclans_enemy": "אויב",
    "clashofclans_info_about_war": "מידע על המלחמה נגד {0}",
    "clashofclans_invalid_base_number": "מספר בסיס שגוי",
    "clashofclans_invalid_size": "גודל המלחמה לא נכון.",
    "clashofclans_list_active_wars": "רשימת מלחמות פעילות",
    "clashofclans_not_claimed": "לא תפוס",
    "clashofclans_not_partic": "אתה לא משתתף במלחמה זאת",
    "clashofclans_not_partic_or_destroyed": "@{0} אתה כנראה לא משתתף במלחמה זאת או הבסיס הזה כבר הושמד.",
    "clashofclans_no_active_wars": "אין מלחמות פעילות.",
    "clashofclans_size": "גודל.",
    "clashofclans_war_already_started": "המלחמה נגד {0} כבר התחילה.",
    "clashofclans_war_created": "מלחמה נגד {0} נוצרה.",
    "clashofclans_war_ended": "המלחמה נגד {0} נגמרה.",
    "clashofclans_war_not_exist": "המלחמה הזאת לא קיימת.",
    "clashofclans_war_started": "מלחמה נגד {0} התחילה!",
    "customreactions_all_stats_cleared": "כל הסטטיסטיקות של התגובות המותאמות נמחקו.",
    "customreactions_deleted": "תגובות מותאמות אישית נמחקו",
    "customreactions_insuff_perms": "אין מספיק רשות, מתחייבת בעלות של הבוט בשביל תגובות מתאם גלובליות, ומנהג בשביל תגובות מתאם של הרשת.",
    "customreactions_list_all": "רשימה של כל התגובות מתאם",
    "customreactions_name": "תגובות מתאם",
    "customreactions_new_cust_react": "תגובות מתאם חדשות",
    "customreactions_no_found": "לא נמצאו תגובות מתאם.",
    "customreactions_no_found_id": "לא נמצאו תגובות מתאם אם הזהות הזאת.",
    "customreactions_response": "תגובה",
    "customreactions_stats": "נתוני תגובות מותאמות",
    "customreactions_stats_cleared": "הסטטיסטוקות נמחקו ל{0} תגובות מתאם",
    "customreactions_stats_not_found": "לא נמצאו נתונים סטטיסטיים עבור גורם פעולה זה, לא בוצעה פעולה כלשהי",
    "customreactions_trigger": "הדק",
    "nsfw_autohentai_stopped": "אוטוהנטאי הפסיק",
    "nsfw_not_found": "לא נמצאו תוצאות.",
    "pokemon_already_fainted": "{0} כבר התעלף.",
    "pokemon_already_full": "{0} כבר בחיים מלאים.",
    "pokemon_already_that_type": "הסוג שלך הוא כבר {0}",
    "pokemon_attack": "{0}{1} שומש על {2}{3} שעשה {4} נזק.",
    "pokemon_cant_attack_again": "אתה לא יכול לתקוף שוב שד שיתקפו אותך.",
    "pokemon_cant_attack_yourself": "אתה לא יכול לתקוף את עצמך.",
    "pokemon_fainted": "{0} התעלף.",
    "pokemon_healed": "{0} רופה עם {1} אחד.",
    "pokemon_hp_remaining": "ל{0} נשארו {1} חיים.",
    "pokemon_invalid_move": "אתה לא יכול להשתמש ב{0}. תרשום \"{1}ml\" כדי לראות את רשימת המהלכים שאת יכול להשתמש בהם.",
    "pokemon_moves": "רשימת המהלכים לסוג {0}",
    "pokemon_not_effective": "זה לא אפקטיבי.",
    "pokemon_no_currency": "איך לך מספיק {0}",
    "pokemon_revive_other": "{0} הוחזר לתחייה עם {1} אחד.",
    "pokemon_revive_yourself": "החזרתה את אצמך עם {0} אחד",
    "pokemon_settype_success": "הסוג שלך שונה ל{0} בתמורה ל{1}.",
    "pokemon_somewhat_effective": "זה טיפה אפקטיבי.",
    "pokemon_super_effective": "זה ממש אפקטיבי!",
    "pokemon_too_many_moves": "השתמשת ביותר מדי מהלכים אז אתה לך יכול לזוז.",
    "pokemon_type_of_user": "הסוג של {0} הוא {1}",
    "pokemon_user_not_found": "משתמש לא נמצא.",
    "pokemon_you_fainted": "את\\ה התעלפת אז את\\ה לא יכול לזוז.",
    "administration_aar_disabled": "**נתינת תפקיד אוטומטי** כאשר משתמש מתווסף **הופסקה** כעת.",
    "administration_aar_enabled": "**נתינת תפקיד אוטומטי** כאשר משתמש מתווסף **התחילה** כעת.",
    "administration_attachments": "קבצים מצורפים ",
    "administration_avatar_changed": "תמונת פרופיל שונתה",
    "administration_bandm": "אתה הוסרת משרת {0}.\nסיבה: {1}",
    "administration_banned_pl": "מגורש",
    "administration_banned_user": "משתמש גורש",
    "administration_bot_name": "השם של הבוט השתנה ל{0}",
    "administration_bot_status": "הסטטוס של הבוט השתנה ל{0}",
    "administration_byedel_off": "ההסרה האוטומטית של הודאת השלום לא בשימוש.",
    "administration_byedel_on": "הודאת השלום תמחק בעוד {0} שניות.",
    "administration_byemsg_cur": "הודעת עזיבה נוכחית: {0}",
    "administration_byemsg_enable": "אפשור הודאת שלום דרך כתיבת {0}",
    "administration_byemsg_new": "התראת עזיבה חדשה הוגדרה.",
    "administration_bye_off": "התראת עזיבה לא פעילה.",
    "administration_bye_on": "התראת עזיבה הופעלה עבור ערוץ זה.",
    "administration_ch_name_change": "השם של הערוץ השתנה",
    "administration_ch_old_name": "שם ישן",
    "administration_ch_topic_change": "נושא ערוץ שונה",
    "administration_cleaned_up": "נוקה.",
    "administration_content": "תוכן",
    "administration_cr": "תפקיד נוצר בהצלחה {0}",
    "administration_createtextchan": "ערוץ טקסט {0} נוצר.",
    "administration_createvoich": "ערוץ קול {0} נוצר.",
    "administration_deafen": "החרשה הצליחה.",
    "administration_deleted_server": "השרת {0} נמחק",
    "administration_delmsg_off": "הפסקת המחיקה האוטומטית של הפניות פקודות מוצלחות.",
    "administration_delmsg_on": "עכשיו באופן אוטומטי מחיקת פקודות הפקודה מוצלחת.",
    "administration_deltextchan": "ערוץ טקסט {0} נמחק.",
    "administration_delvoich": "ערוץ קול {0} נמחק.",
    "administration_dm_from": "הודאה פרטית מ{0}",
    "administration_donadd": "תורם חדש הוסף בהצלחה. כמות כוללת שנתרמה ממשתמש זה: {0} 👑 ",
    "administration_donators": "תודה לאנשים המצורפים למטה על הצלחת הפרויקט!",
    "administration_fwall_start": "אני האביר את ההודאות הפרטיות לכל הבעלים.",
    "administration_fwall_stop": "אני האביר את ההודאות הפרטיות לבעלים הראשונים.",
    "administration_fwdm_start": "אני האביר את ההודאות הפרטיות מעכשיו.",
    "administration_fwdm_stop": "אני אפסיק להעביר את ההודאות הפרטיות מעכשיו.",
    "administration_greetdel_off": "מחיקה אוטומטית של הודאות ברכה הופסקה.",
    "administration_greetdel_on": "הודעות ברכה יימחקו לאחר {0} שניות.",
    "administration_greetdmmsg_cur": "הודאה פרטית נוכחית: {0}",
    "administration_greetdmmsg_enable": "אפשר הודעות הודעה ישירה על ידי הקלדת {0}",
    "administration_greetdmmsg_new": "הודעה ישירה חדשה ברכה הודעה הודעה.",
    "administration_greetdm_off": " ברכה הודעות להודעות ישירות נכים.",
    "administration_greetdm_on": "ברכה הודעות להודעות ישירות מאופשרים.",
    "administration_greetmsg_cur": "הודעת ברכה נוכחית: {0}",
    "administration_greetmsg_enable": "הפעל הודעות בברכה על ידי הקלדת {0}",
    "administration_greetmsg_new": "הודעה חדשה לברכה.",
    "administration_greet_off": "הודאות ברכה בוטלו.",
    "administration_greet_on": "הודאות ברכה הופעלו עבור ערוץ זה.",
    "administration_hierarchy": "אתה לא יכול להשתמש בפקודה זו על משתמשים עם תפקיד שווה או גבוהה ממך בדירוג.",
    "administration_images_loaded": "התמונות יעלו אחרי {0} שניות.",
    "administration_invalid_format": "הפורמט המבוקש שגוי.",
    "administration_invalid_params": "פרמטרים לא חוקיים.",
    "administration_joined": "{0} הצטרף {1} \n",
    "administration_kickdm": "אתה הוסרת מהשרת {0} בגלל הסיבה: {1}",
    "administration_kicked_user": "משתמש נבעט.",
    "administration_lang_list": "רשימה של כל השפות",
    "administration_lang_set": "אזור השרת שלך הוא כעת {0} - {1}",
    "administration_lang_set_bot": "אזור ברירת המחדל של בוט הוא כעת {0} - {1}",
    "administration_lang_set_bot_show": "שפת הבוט שונתה מ{0} ל{1}.",
    "administration_lang_set_fail": "הגדרת האזור נכשלה. חזור על העזרה של פקודה זו.",
    "administration_lang_set_show": "שפת שרת זה מוגדרת כ- {0} - {1}",
    "administration_left": "{0} עזב {1}",
    "administration_left_server": "{0} עזב את השרת",
    "administration_log": "רישום של האירוע {0} בערוץ זה.",
    "administration_log_all": "רישום כל האירועים בערוץ זה.",
    "administration_log_disabled": "הרישום הופסק.",
    "administration_log_events": "תרשום את האירועים שאתה יכול להירשם אליהם.",
    "administration_log_ignore": "הרישום יתעלם מ{0}",
    "administration_log_not_ignore": "הרישום לא יתעלם מ{0}",
    "administration_log_stop": "הרישום לאירוע {0} נפסק.",
    "administration_menrole": "{0} הזכיר אזכור של התפקידים הבאים",
    "administration_message_from_bo": "הודעה מ{0} ׳[מנהל הבוט]׳",
    "administration_message_sent": "הודעה נשלחה.",
    "administration_moved": "{0} עבר מ{1} ל{2}.",
    "administration_msg_del": "הודעה נמחקה ב#{0}",
    "administration_msg_update": "הודעה עדכנה ב#{0}",
    "administration_muted_pl": "מושתק",
    "administration_muted_sn": "מושתק",
    "administration_mute_error": "כנראה שאין לי הרשאה לזה.",
    "administration_mute_role_set": "תפקיד מושתק חדש נוצר.",
    "administration_need_admin": "אני צריך אישור **מנהל** כדי לעשות את זה.",
    "administration_new_msg": "הודעה חדשה",
    "administration_new_nick": "כינוי חדש",
    "administration_new_topic": "נושא חדש",
    "administration_nick_change": "כינוי שונה",
    "administration_no_server": "לא ניתן למצוא את השרת",
    "administration_no_shard_id": "לא נמצא שבר עם מזהה זה.",
    "administration_old_msg": "הודעה ישנה",
    "administration_old_nick": "כינוי ישן",
    "administration_old_topic": "נושא ישן",
    "administration_perms": "שגיאה. כנראה אין לי את האישורים המתאימים.",
    "administration_prot_active": "הגנות פועלות",
    "administration_prot_disable": "{0} **הופסק** בשרת זה.",
    "administration_prot_enable": "{0} אופשר.",
    "administration_prot_error": "שגיאה. אני צריך אישור **ManageRole**",
    "administration_prot_none": "אין הגנות פעילות",
    "administration_raid_cnt": "הסף של המשתמש צריך להיות בין {0} ל{1}.",
    "administration_raid_stats": "אם {0} או יותר משתמשים יצטרפו בעוד {1} שניות, אני {2} אותם.",
    "administration_raid_time": "הזמן חייב להיות בין {0} ו{1} שניות.",
    "administration_rar": "כל התפקידים הוסרו בהצלחה ממשתמש {0}",
    "administration_rar_err": "הסרת התפקיד נכשלה. אין לי מספיק הרשאות.",
    "administration_rc": "הצבע של {0} התפקיד היה שונה.",
    "administration_rc_not_exist": "התפקיד הזה לא קיים.",
    "administration_rc_params": "הפרמטר המבוקש אינו חוקי.",
    "administration_rc_perms": "השגייה התרחשה בגלל צבע לא נכון או חוסר הרשאות.",
    "administration_remrole": "התפקיד {0} הוסר בהצלחה ממשתמש {1}",
    "administration_remrole_err": "הסרת התפקיד נחשלה. אני לי מספיק הרשאות.",
    "administration_renrole": "שם התפקיד השתנה.",
    "administration_renrole_err": "שינוי התפקיד מחשל. אני לי מספיק הרשאות.",
    "administration_renrole_perms": "אתה לא יכול לעדכן תפקידים גבוהים משלך.",
    "administration_reprm": "ההודאה המוקלטת הוסרה: {0}",
    "administration_role_added": "תפקיד {0} הוסף לרשימה.",
    "administration_role_clean": "{0} לא נמצא. נוקה.",
    "administration_role_in_list": "התפקיד {0} כבר נמצא ברשימה.",
    "administration_ropl_added": "הוסף.",
    "administration_ropl_disabled": "סטטוס משתנה הופסק.",
    "administration_ropl_enabled": "סטטוס משתנה הותחל.",
    "administration_ropl_list": "הנה רשימה של סטטוסים מסתובבים: {0}",
    "administration_ropl_not_set": "לא נקבע סטטוס משתנה.",
    "administration_self_assign_already": "יש לך כבר {0} תפקיד.",
    "administration_self_assign_already_excl": "כבר יש לך {0} תפקיד ייחודי המוקצה באופן עצמאי.",
    "administration_self_assign_excl": "תפקידי הקצאה עצמית הם עכשיו בלעדי!",
    "administration_self_assign_list": "יש {0} תפקידים הניתנים להקצאה עצמית",
    "administration_self_assign_not": "תפקיד זה אינו ניתן לשינוי עצמי.",
    "administration_self_assign_not_have": "אין לך את תפקיד {0}.",
    "administration_self_assign_no_excl": "תפקידי הקצאה עצמית אינם עכשיו בלעדיים!",
    "administration_self_assign_perms": "אני לא יכול להוסיף לך את התפקיד הזה. `אני לא יכול להוסיף תפקידים לבעלים או לתפקידים אחרים מעבר לתפקיד שלי בהיררכיה של התפקיד`",
    "administration_self_assign_rem": "{0} הוסר מרשימת תפקידי ההקצאה העצמית.",
    "administration_self_assign_remove": "כבר אין לך את התפקיד {0}.",
    "administration_self_assign_success": "יש לך את התפקיד {0}.",
    "administration_setrole": "נוסף בהצלחה תפקיד {0} למשתמש {1}",
    "administration_setrole_err": "הוספת התפקיד נכשלה. אין לי הרשאות מספיקות.",
    "administration_set_avatar": "תמונת הפרופיל שונתה בהצלחה!",
    "administration_set_channel_name": "שם הערוץ החדש נקבע.",
    "administration_set_game": "משחק חדש נוצר.",
    "administration_set_stream": "שידור חדש מוגדר!",
    "administration_set_topic": "נושא חדש לערוץ מוגדר.",
    "administration_shard_reconnected": "חרס {0} התחבר מחדש",
    "administration_shard_reconnecting": "חרד {0} מתחבר מחדש.",
    "administration_shutting_down": "מכבה",
    "administration_slowmode_desc": "משתמשים לא יכולים לשלוח יותר מ{0} הודאות כל {1} שניות.",
    "administration_slowmode_disabled": "מצב איתי הופסק.",
    "administration_slowmode_init": "מצב איתי הותחל.",
    "administration_soft_banned_pl": "הסרה קלה (גורש)",
    "administration_spam_ignore": "{0} יתעלם מערוץ זה.",
    "administration_spam_not_ignore": "{0} לא יתעלם מערוץ זה.",
    "administration_spam_stats": "אם משתמש מפרסם {0} אותן הודעות בשורה, אני {1} אותם.\n{2} :___IgnoredChannels___",
    "administration_text_chan_created": "ערוץ כתב נוצר.",
    "administration_text_chan_destroyed": "ערוץ כתב הושמד.",
    "administration_undeafen": "ונחירש מוצלח.",
    "administration_unmuted_sn": "ונלהשתיק מוצלח.",
    "administration_username": "שם משתמש",
    "administration_username_changed": "שם משתמש שונה",
    "administration_users": "משתמשים",
    "administration_user_banned": "משתמש מורחק",
    "administration_user_chat_mute": "{0} **הושתק** מלשוחח.",
    "administration_user_chat_unmute": "{0} **ונהושתק** מלשוחח.",
    "administration_user_joined": "משתמש הצתרף",
    "administration_user_left": "משתמש עזב ",
    "administration_user_muted": "{0} **הושתק** מהטקסט והצ'אט הקולי.",
    "administration_user_role_add": "התפקיד של המשתמש הוסף.",
    "administration_user_role_rem": "התפקיד של שמשתמש הורד.",
    "administration_user_status_change": "{0} עכשיו {1}",
    "administration_user_unmuted": "{0} **ונהושתק** מהטקסט והצ'אט הקולי.",
    "administration_user_vjoined": "{0} הצטרף ל{1} ערוץ קול.",
    "administration_user_vleft": "{0} עזב מ{1} ערוץ קול.",
    "administration_user_vmoved": "{0} עבר מ{1} ל{2} ערוץ קול.",
    "administration_user_voice_mute": "{0} **הושתק מהצ'אט הקולי**.",
    "administration_user_voice_unmute": "{0} **ונהושתק מהצ'אט הקולי**.",
    "administration_voice_chan_created": "ערוץ קול הוצר",
    "administration_voice_chan_destroyed": "ערוץ קול מושמד",
    "administration_vt_disabled": "תכונה של קול + טקסט מכובה.",
    "administration_vt_enabled": "תכונה של קול + טקסק אופשרה.",
    "administration_vt_exit": "אין לי רשות **נהל תפקידים** וגם/או **נהל ערוצים**, אז אני לא יכול להריץ `קול+טקסט` על {0} רשת.",
    "administration_vt_no_admin": "אתה מאפשר/שולל את התכונה הזאת ו**לי אין רשות של מנהל**.  זה יכול לגרום לכמה בעיות, ואתה תתצרך לנקות את ערוצי הטקסט בעצמך אחר כך.",
    "administration_vt_perms": "אני חייב לפחות **נהל תפקידים** ו**נהל ערוצים** הרשאות כדי לאפשר את התכונה הזאת. (רשות של מנהל מועדפת)",
    "administration_xmuted_text": "משתמש {0} מטקסט צ׳אט",
    "administration_xmuted_text_and_voice": "משתמש {0} מטקסט וקול צ׳אט",
    "administration_xmuted_voice": "משתמש {0} מערוץ קול",
    "administration_sbdm": "אתה קיבלת איסור רך מהסרבר {0}.\nסיבה: {1}",
    "administration_user_unbanned": "משתמש ונאסר",
    "administration_migration_done": "נדידה גמורה!",
    "administration_presence_updates": "עדכון נוכחות",
    "administration_sb_user": "משתמש קיבל איסור רך.",
    "gambling_awarded": "העניק {0} ל{1}",
    "gambling_better_luck": "בהצלחה בפעם הבאה ^_^",
    "gambling_br_win": "מזל טוב! אתה ניצחת {0} עבור זה שגלגלת מעבר מ{1}",
    "gambling_deck_reshuffled": "חסיפה מעורבבת.",
    "gambling_flipped": "הפך {0}.",
    "gambling_flip_guess": "אתה ניחשת את זה! ניצחת {0}",
    "gambling_flip_invalid": "המספר שצוין אינו חוקי. אתה יכול להעיף 1 עד {0} מטבעות.",
    "gambling_flowerreaction_desc": "תצרף תגובה {0} להודעה הזאת כדי לקבל {1}.",
    "gambling_flowerreaction_footer": "האירוע הזה פעיל עד {0} שעות.",
    "gambling_flowerreaction_title": "אירוע תגובות הפרח התחיל!",
    "gambling_gifted": "נתן מתנה של {0} ל{1}",
    "gambling_has": "{0} יש {1}",
    "gambling_heads": "ראש",
    "gambling_leaderboard": "לוח תוצאות",
    "gambling_mass_award": "הוענק {0} ל {1} למשתמשים מ{2} תפקיד.",
    "gambling_max_bet_limit": "אתה לא יכול להמר יותר מ-{0}",
    "gambling_min_bet_limit": "אתה לא יכול להמר פחות מ-{0}",
    "gambling_not_enough": "אין לך מספיך {0}",
    "gambling_no_more_cards": "אין יותר קלפים בחפיסה.",
    "gambling_raffled_user": "משתמש הגרלות",
    "gambling_roll": "אתה גלגלת {0}.",
    "gambling_slot_bet": "להמר",
    "gambling_slot_jackpot": "ווווווווווווואאווו!!! מזל טוב!!! x{0}",
    "gambling_slot_single": "{0} יחיד, x{1}",
    "gambling_slot_three": "וואו! בר מזל! שלושה מאותו הסוג! x{0}",
    "gambling_slot_two": "עבודה טובה! שני {0} - ההימור x{1}",
    "gambling_slot_won": "זכית",
    "gambling_sneakygamestatus_desc": "משתמשים חייבים להקליד קוד סודי כדי לקבל {0}. נמשך {1} שניות. אל תספר לאף אחד. ששש.",
    "gambling_sneakygamestatus_end": "האירוע של משחקערמומי הסתיים. {0} משתמשים קיבלו את הפרס.",
    "gambling_sneakygamestatus_title": "משחקערמומיסטטוס אירוע התחיל",
    "gambling_tails": "זנב",
    "gambling_take": "בהצלחה נלקח {0} מ{1}",
    "gambling_take_fail": "לא הצליח לקחת {0} מ{1} משום שלמשתמש אין כל כך הרבה {2}!",
    "help_back_to_toc": "חזרה לToC",
    "help_bot_owner_only": "מנהל של הבוט בלבד",
    "help_channel_permission": "מתחייבת {0} רשות ערוץ.",
    "help_cmdlist_donate": "אתה יכול לתמוח בפרוייקט על Patreon: <{0}> או Paypal: <{1}>",
    "help_cmd_and_alias": "פקודות וכינויים",
    "help_commandlist_regen": "רשימת הפיקוד התחדשה.",
    "help_commands_instr": "כתוב `{0}h שם פקודה` כדי לראות עזרה לפקודה הספציפית הזאת. כמו `{0}>8ball`",
    "help_command_not_found": "אני לא יכול למצוא את הפקודה הזאת. בבקשה תוודא שהפקודה הזאת נמצאת לפני שתנסה שוב.",
    "help_desc": "תיאור",
    "help_donate": "את/אתה יכולים למתוח את הפרויקט נאדקונוט ב <{0}> Patreon או\n {1} Paypal\n**תודה** ♥️",
    "help_guide": "**רשימה של פקודות**: <{0}>\n**מדריכי אירוך ומסמכים אפשר למצוא כאן**: <{1}>",
    "help_list_of_commands": "רשימה של פקודות",
    "help_list_of_modules": "רשימה של מודולים",
    "help_modules_footer": "כתוב `{0}cmds שם המודול` כדי לקבל הרשמה של פקודות במודול זה. כמו `{0}cmds games`",
    "help_module_not_found": "המודול הזה לא קיים.",
    "help_server_permission": "נדרשת {0} רשות השרת.",
    "help_table_of_contents": "תוכן העניינים",
    "help_usage": "נוהג",
    "nsfw_autohentai_started": "הנטאי אוטומטי התחיל. פורסים מחדש כל {0}ש עם אחד מהתגים הבאים:\n{1}",
    "nsfw_tag": "תג",
    "gambling_animal_race": "מרוץ בעלי חיים",
    "gambling_animal_race_failed": "נכשל להתחיל מכיוון שלא היו מספיק משתתפים.",
    "gambling_animal_race_full": "המרוץ מלא! מתחיל מיד.",
    "gambling_animal_race_join": "{0} הצתרף כ{1}",
    "gambling_animal_race_join_bet": "{0} הצתרף כ{1} והימר {2}!",
    "gambling_animal_race_join_instr": "תרשום jr{0} כדי להצתרף למרוץ.",
    "gambling_animal_race_starting": "מתחיל ב20 שניות או מתי שהחדר מלא.",
    "gambling_animal_race_starting_with_x": "מתחיל עם {0} משתתפים.",
    "gambling_animal_race_won": "{0} כ{1} ניצח במרוץ!",
    "gambling_animal_race_won_money": "{0} כ{1} ניצח במרוץ ו{2}!",
    "gambling_dice_invalid_number": "המספר שצוין אינו חוקי. אתה יכול לגלגל {0}-{1} קוביות בבת אחת.",
    "gambling_dice_rolled": "גלגל {0}",
    "gambling_dice_rolled_num": "הקוביה גלגלה: {0}",
    "gambling_race_failed_starting": "נכשל להתחיל את המרוץ. יכול להיות שמרוץ אחר כבר פעיל.",
    "gambling_race_not_exist": "אין מרוץ קיים ברשת הזאת.",
    "gambling_second_larger_than_first": "המספר השני חייב להיות גדול יותר מהמספר הראשון.",
    "gambling_changes_of_heart": "שינויים של הלב",
    "gambling_claimed_by": "נתבע על ידי",
    "gambling_divorces": "גירושים",
    "gambling_likes": "מחבב",
    "gambling_price": "מחיר",
    "gambling_waifus_none": "שום וואיפוס נתבעו עדיין.",
    "gambling_waifus_top_waifus": "וואיפוס ראשיות",
    "gambling_waifu_affinity_already": "הזיקה שלך כבר מוגדרת לוואיפו הזאת או שאתה מנסה להסיר את ההזיקה שלך בזמן שאין לך אחת.",
    "gambling_waifu_affinity_changed": "שינה את הזיקה שלהם מ{0} ל{1}\n\n*זה  מפקפק באופן מוסרי.* 🤔",
    "gambling_waifu_affinity_cooldown": "אתה חייב לחכות {0} שעות ו{1} דקות כדי לשנות את הזיקה שלך עוד פעם.",
    "gambling_waifu_affinity_reset": "הזיקה שלך אופסה. אין לך יותר אדם שאתה מחבב.",
    "gambling_waifu_affinity_set": "רוצה להיות וואיפו של {0}. אוו 3>",
    "gambling_waifu_claimed": "תבע {0} כהוואיפו שלהם בשביל {1}!",
    "gambling_waifu_divorced_like": "אתה גירשת וואיפו שאוהבת אותך. אתה מפלצת חסרת לב.\n{0} קיבל {1} כפיצוי.",
    "gambling_waifu_egomaniac": "אתה לא יכול להגדיר זיקה לעצמך, אתה אגומניאק.",
    "gambling_waifu_fulfilled": "🎉 האהבה שלהם התגשמה! 🎉\nהערך החדש של {0} הוא {1}",
    "gambling_waifu_isnt_cheap": "שום וואיפו כל כך זולה. אתה חייב לשלם לפחות {0} כדי להדיג וואיפו, אפילו אם הערך האמיתי שלהם נמוך יותר.",
    "gambling_waifu_not_enough": "אתה חייב לשלם {0} או יותר בשביל לתבוע את הוואיפו הזאת!",
    "gambling_waifu_not_yours": "הוואיפו הזאת לא שלך.",
    "gambling_waifu_not_yourself": "אתה לא יכול לתבע את עצמך.",
    "gambling_waifu_recent_divorce": "אתה התגרשת לא מזמן. אתה צריך לחכות {0} שעות ו{1} דקות כדי להתגרש עוד פעם.",
    "gambling_nobody": "אף אחד",
    "gambling_waifu_divorced_notlike": "אתה גירשת וואיפו שלא מחבבת אותך. אתה קיבלת {0} בחזרה.",
    "games_8ball": "8כדור",
    "games_acrophobia": "פחד גבהים",
    "games_acro_ended_no_sub": "המשחק הסתיים ללא הגשות.",
    "games_acro_no_votes_cast": "אין הצבעות. המשחק הסתיים ללא מנצח.",
    "games_acro_nym_was": "ראשי התיבות היו {0}.",
    "games_acro_running": "משחק פחד גבהים כבר פועל בערוץ הזה.",
    "games_acro_started": "המשחק התחיל. תכינו משפט עם הראשי התיבות הבאים: {0}.",
    "games_acro_started_footer": "יש לך {0} שניות כדי לעשות הגשה.",
    "games_acro_submit": "{0} הגיש את המשפט שלהם. ({1} בסכם)",
    "games_acro_vote": "תצביע על ידי הקלדת מספר ההגשה",
    "games_acro_vote_cast": "{0} הצביעו!",
    "games_acro_winner": "המנצח הוא {0} עם {1} נקודות",
    "games_acro_winner_only": "{0} המנצח בגלל שהוא המשתמש היחיד שעשה הגשה!",
    "games_question": "שאלה",
    "games_rps_draw": "זה תיקו! שניהם הרימו {0}",
    "games_rps_win": "{0} ניצח! {1} מביס {2}",
    "games_submissions_closed": "ההגשות סגורות",
    "gambling_animal_race_already_started": "מרוץ חיות כבר התחיל.",
    "gambling_total_average": "סה\"כ: {0} ממוצע: {1}",
    "games_category": "קטגוריה",
    "games_cleverbot_disabled": "קלברבוט מכובה על השרת הזה.",
    "games_cleverbot_enabled": "קלברבוט מופעל על השרת הזה.",
    "games_curgen_disabled": "דור המטבע מופעל על הערוץ הזה.",
    "games_curgen_enabled": "דור המטבע מכובה על הערוץ הזה.",
    "games_curgen_pl": "{0} מקרי {1} הופיע!",
    "games_curgen_sn": "מקרי {0} הופיע!",
    "games_failed_loading_question": "נכשל לטעון שאלה.",
    "games_game_started": "משחק התחיל",
    "games_hangman_game_started": "משחק איש תלוי התחיל",
    "games_hangman_running": "משחק איש תלוי בל פעיל על הערוץ הזה.",
    "games_hangman_start_errored": "שגיאה בהתחלה של איש תלוי",
    "games_hangman_types": "רשימה של \"{0}איש תלוי\" סוגי טווח:",
    "games_leaderboard": "לוח תוצאות",
    "games_not_enough": "אין לך מספיק {0}",
    "games_no_results": "אין תוצאות",
    "games_picked": "תלש {0}",
    "games_planted": "{0} שתל {1}",
    "games_trivia_already_running": "משחק טריוויה כבר פועל ברשת הזאת.",
    "games_trivia_game": "משחק טריוויה",
    "games_trivia_guess": "{0} ניחש את זה! התשובה הייתה: {1}",
    "games_trivia_none": "משחק טריוויה לא פעיל על השרת הזה.",
    "games_trivia_points": "{0} יש {1} נקודות",
    "games_trivia_stopping": "עוצר אחרי השאלה הזאת.",
    "games_trivia_times_up": "הזמן עבר! התשובה הנכונה הייתה {0}",
    "games_trivia_win": "{0} ניחש את זה וניצח במשחק! התשובה הייתה: {1}",
    "games_ttt_against_yourself": "אתה לא יכול לשחק נגד עצמך.",
    "games_ttt_already_running": "משחק איקס ועיגולים כבר פעיל על הערוץ הזה.",
    "games_ttt_a_draw": "תיקו!",
    "games_ttt_created": "יצר משחק של איקס ועיגולים.",
    "games_ttt_has_won": "{0} ניצח!",
    "games_ttt_matched_three": "שלושה מתאימים",
    "games_ttt_no_moves": "אין יותר מהלכים!",
    "games_ttt_time_expired": "הזמן עבר!",
    "games_ttt_users_move": "המהלך של {0}",
    "games_vs": "{0} נגד {1}",
    "music_attempting_to_queue": "מנסה לשים {0} שירים בתור...",
    "music_autoplay_disabled": "הפעלה אוטומטית מכובה.",
    "music_autoplay_enabled": "הפעלה אוטומטית מופעלה.",
    "music_defvol_set": "ווליום ברירת מחדל מכוון ל%{0}",
    "music_dir_queue_complete": "תור מנחה מושלם.",
    "music_fairplay": "לנגןהוגן",
    "music_finished_song": "שיר הסיים",
    "music_fp_disabled": "לנגן הוגן מכובה.",
    "music_fp_enabled": "לנגן הוגן מופעל.",
    "music_from_position": "מתוך עמדה",
    "music_id": "זהוי",
    "music_invalid_input": "קלט לא תקין.",
    "music_max_playtime_none": "מקסימום פלייטיים אין הגבלה עכשיו.",
    "music_max_playtime_set": "מקסימום פלייטיים קבע ל{0} שניות.",
    "music_max_queue_unlimited": "גודל התור של מקסימום מוזיקה קבע ללא הגבלה.",
    "music_max_queue_x": "הגודל של מקסימום תור מוזיקה קבע ל{0} מסלול(ים).",
    "music_must_be_in_voice": "אתה חייב להיות בערוץ קול על השרת הזה.",
    "music_name": "שם",
    "music_now_playing": "עכשיו מנגן",
    "music_no_player": "אין נגן מוזיקה פעיל.",
    "music_no_search_results": "אין תוצאות חיפוש",
    "music_paused": "השמעת מוזיקה נעצרה.",
    "music_player_queue": "תור השחקן - עמוד {0}/{1}",
    "music_playing_song": "מנגן שיר",
    "music_playlists": "`#{0}` - **{1}** by *{2}* ({3} שירים)",
    "music_playlists_page": "עמוד {0} של פלייליסטים שמורים",
    "music_playlist_deleted": "פלייליסט נמחק.",
    "music_playlist_delete_fail": "נכשל לנסות למחוק אל הפלייליסט הזה. זה אולי לא קיים, או שאתה לא מחברו.",
    "music_playlist_id_not_found": "פלייליסט עם הזהוי הזה לא קיים.",
    "music_playlist_queue_complete": "תור הפלייליסט שלם.",
    "music_playlist_saved": "פליילסט נשמר",
    "music_play_limit": "{0} הגבלה",
    "music_queue": "תור",
    "music_queued_song": "שיר בתור",
    "music_queue_cleared": "תור המוזיקה נוקה.",
    "music_queue_full": "התור מלא ב{0}/{0}",
    "music_removed_song": "שיר מחוק",
    "music_repeating_cur_song": "חוזרים על השיר הנוכחי",
    "music_repeating_playlist": "חוזרים על הפלייליסט",
    "music_repeating_track": "מסלול חוזר",
    "music_repeating_track_stopped": "הרצועה הנוכחית נעצרה.",
    "music_resumed": "השמעת מוסיקה התחדשה.",
    "music_rpl_disabled": "הפלייליסט החוזר הושבת.",
    "music_rpl_enabled": "הפעלת הפלייליסט חזרה.",
    "music_set_music_channel": "כעת אשמע את הפלט, השלים, השהה והסרתי שירים בערוץ זה.",
    "music_skipped_to": "דלג ל `{0}:{1}`",
    "music_song_moved": "השיר זז",
    "music_time_format": "{0} שעות {1} דקות {2} שניות",
    "music_to_position": "למקום",
    "music_unlimited": "ללא הגבלה",
    "music_volume_input_invalid": "עוצמת הקול חייבת להיות בין 0 ל -100",
    "music_volume_set": "עוצמת הקול מוגדרת ל- {0}%",
    "permissions_acm_disable": "שימוש מושבת בכל המודולים בערוץ {0}.",
    "permissions_acm_enable": "שימוש מופעל בכל המודולים בערוץ {0}.",
    "permissions_allowed": "מותר",
    "permissions_arm_disable": "שימוש מושבת בכל המודולים לתפקיד {0}.",
    "permissions_arm_enable": "שימוש מאופשר בכל המודולים לתפקיד {0}.",
    "permissions_asm_disable": "שימוש מושבת בכל המודולים בשרת זה.",
    "permissions_asm_enable": "שימוש מופעל של כל המודולים בשרת זה.",
    "permissions_aum_disable": "שימוש מושבת בכל המודולים עבור משתמש {0}.",
    "permissions_aum_enable": "שימוש מאופשר בכל המודולים עבור משתמש {0}.",
    "permissions_blacklisted": "ברשימה השחורה {0} עם מזהה {1}",
    "permissions_cmdcd_add": "לפקודה {0} יש עכשיו תירגע של {1}.",
    "permissions_cmdcd_cleared": "הפקודה {0} אינה מכוסה כעת, וכל הקולות הקיימים נמחקו.",
    "permissions_cmdcd_none": "לא מוגדר שום תירגעות לפקודה זאת.",
    "permissions_command_costs": "עלויות פיקוד",
    "permissions_cx_disable": "שימוש מושבת ב- {0} {1} בערוץ {2}.",
    "permissions_cx_enable": "שימוש מופעל של {0} {1} בערוץ {2}.",
    "permissions_denied": "נשלל",
    "permissions_filter_word_add": "מילה נוספת {0} לרשימת המילים המסוננות.",
    "permissions_filter_word_list": "רשימת מילים מסוננות",
    "permissions_filter_word_remove": "המילה הוסרה {0} מרשימת המילים המסוננות.",
    "permissions_invalid_second_param_between": "פרמטר שני לא חוקי. (חייב להיות מספר בין {0} לבין {1})",
    "permissions_invite_filter_channel_off": "הזמן את הסינון מושבת בערוץ זה.",
    "permissions_invite_filter_channel_on": "הזמנת סינון מופעלת בערוץ זה.",
    "permissions_invite_filter_server_off": "הזמנת סינון מושבתת בשרת זה.",
    "permissions_invite_filter_server_on": "הזמנת סינון מופעלת בשרת זה.",
    "permissions_moved_permission": "האישור הועבר {0} מ- # {1} ל- # {2}",
    "permissions_not_found": "לא ניתן למצוא הרשאה באינדקס # {0}",
    "permissions_no_costs": "לא הוגדרו עלויות.",
    "permissions_of_command": "פקודה",
    "permissions_of_module": "מודול",
    "permissions_page": "דף הרשאות {0}",
    "permissions_permrole": "תפקיד ההרשאות הנוכחיות הוא {0}.",
    "permissions_permrole_changed": "משתמשים דורשים כעת תפקיד {0} כדי לערוך הרשאות.",
    "permissions_perm_out_of_range": "לא נמצאה הרשאה במדד זה.",
    "permissions_removed": "אישור שהוסר # {0} - {1}",
    "permissions_rx_disable": "שימוש מושבת בתפקוד {0} {1} עבור {2}.",
    "permissions_rx_enable": "שימוש מופעל בתפקיד {0} {1} עבור {2}.",
    "permissions_sec": "דקה.",
    "permissions_sx_disable": "שימוש מושבת של {0} {1} בשרת זה.",
    "permissions_sx_enable": "שימוש מופעל של {0} {1} בשרת זה.",
    "permissions_unblacklisted": "הסר את הרשימה {0} עם קוד זיהוי {1}",
    "permissions_uneditable": "לא ניתן לשינוי",
    "permissions_ux_disable": "שימוש מושבת של {0} {1} עבור משתמש {2}.",
    "permissions_ux_enable": "שימוש מופעל של {0} {1} עבור {2} משתמש.",
    "permissions_verbose_false": "לא אראה עוד אזהרות.",
    "permissions_verbose_true": "כעת אראה אזהרות.",
    "permissions_word_filter_channel_off": "סינון המילים הושבת בערוץ זה.",
    "permissions_word_filter_channel_on": "סינון מילים מופעל בערוץ זה.",
    "permissions_word_filter_server_off": "סינון מילים מושבת בשרת זה.",
    "permissions_word_filter_server_on": "סינון מילים מופעל בשרת זה.",
    "searches_abilities": "יכולות",
    "searches_anime_no_fav": "אין עדיין אנימה מועדפת",
    "searches_atl_ad_started": "התחיל תרגום אוטומטי של הודעות בערוץ זה. הודעות המשתמש יימחקו אוטומטית.",
    "searches_atl_removed": "הפרוש המידי שלך לשפה זאת הוסרה.",
    "searches_atl_set": "שפת התרגום האוטומטית שלך הוגדרה ל- {0}>{1}",
    "searches_atl_started": "התחיל תרגום אוטומטי של הודעות בערוץ זה.",
    "searches_atl_stopped": "הפסק תרגום אוטומטי של הודעות בערוץ זה.",
    "searches_bad_input_format": "תבנית קלט גרועה, או שמשהו השתבש.",
    "searches_card_not_found": "לא הצלחתי למצוא את הכרטיס.",
    "searches_catfact": "עובדה",
    "searches_chapters": "פרקים",
    "searches_comic_number": "קומיקס #",
    "searches_compet_loses": "הפסדים תחרותיים",
    "searches_compet_played": "תחרותי שיחק",
    "searches_compet_rank": "דרגה תחרותית",
    "searches_compet_wins": "זכייה תחרותית",
    "searches_completed": "הושלם",
    "searches_condition": "מצב",
    "searches_cost": "עלות",
    "searches_date": "תאריך",
    "searches_define": "להגדיר:",
    "searches_dropped": "הפיל",
    "searches_episodes": "פרקים",
    "searches_error_occured": "שגיעה נוצרה",
    "searches_example": "דוגמה",
    "searches_failed_finding_anime": "מציאת האנימה נחשל.",
    "searches_failed_finding_manga": "מציאת המנגה נחשלה",
    "searches_genres": "ג'אנר",
    "searches_hashtag_error": "כשל בהגדרת הגדרה עבור תג זה.",
    "searches_height_weight": "גובה/משקל",
    "searches_height_weight_val": "{0}מ'/{1}ק\"ג",
    "searches_humidity": "לחות",
    "searches_image_search_for": "חיפוש תמונה של:",
    "searches_imdb_fail": "מציאת מסרט נחשל.",
    "searches_invalid_lang": "מקור או שפה לא נכונה.",
    "searches_jokes_not_loaded": "בדיחה לא הועלתה.",
    "searches_latlong": "קווי אורך/רוחב",
    "searches_level": "רמה",
    "searches_list_of_place_tags": "רשימת תגי",
    "searches_location": "מיקום",
    "searches_magicitems_not_loaded": "חפץ הקסם לא הועלה.",
    "searches_mal_profile": "פרופיל MAL של {0}",
    "searches_mashape_api_missing": "בעל בוט לא ציין את MashapeApiKey. לא ניתן להשתמש בפונקציונליות זו.",
    "searches_min_max": "הכי פחות/הרבה",
    "searches_no_channel_found": "לא נמצא ערוץ.",
    "searches_no_results": "אין תוצעות",
    "searches_on_hold": "במעצר",
    "searches_original_url": "הקישור המקורי",
    "searches_osu_api_key": "נדרש מפתח איפיאיי של אוסו!",
    "searches_osu_failed": "נכשל אחזור חתימה של אוסו!",
    "searches_over_x": "נמצאו מעל {0} תמונות. מציג אקראי {0}.",
    "searches_ow_user_not_found": "המשתמש לא נמצא! בדוק את האזור ואת בתלתאג לפני שתנסה שוב.",
    "searches_plan_to_watch": "מתקבן לראות",
    "searches_platform": "פלטפורמה",
    "searches_pokemon_ability_none": "יכולת לא נמצאה",
    "searches_pokemon_none": "פוקמון לא נמצא",
    "searches_profile_link": "קישור פרופיל:",
    "searches_quality": "איכות:",
    "searches_quick_playtime": "זמן משחק מהיר",
    "searches_quick_wins": "ניצחונות מהירים",
    "searches_rating": "דירוג",
    "searches_score": "ניקוד:",
    "searches_search_for": "חיפוש של:",
    "searches_shorten_fail": "קיצר שורת הקישור נחשל",
    "searches_short_url": "קישור קצר",
    "searches_something_went_wrong": "משהו השתבש",
    "searches_specify_search_params": "ציין פרמטרים לחיפוש.",
    "searches_status": "סטטוס",
    "searches_store_url": "קישור החנות",
    "searches_streamer_offline": "סטרימר {0} לא מחובר.",
    "searches_streamer_online": "סטרימר {0} מחובר עם {1} צפיעות",
    "searches_streams_following": "אתה עוקב אחר {0} זרמים בשרת זה.",
    "searches_streams_none": "אתה לא עוקב אחר כל סטרימים בשרת זה.",
    "searches_stream_no": "אין סטרים כזה.",
    "searches_stream_not_exist": "נראה שהסטרים אינו קיים.",
    "searches_stream_removed": "הוסר סטרים של {0}: ({1}) מההודעות.",
    "searches_stream_tracked": "אני נודיע לערוץ זה כאשר שינויים בסטטוס.",
    "searches_sunrise": "זריחה",
    "searches_sunset": "שקיעה",
    "searches_temperature": "טמפרטורה",
    "searches_title": "כותרת:",
    "searches_top_3_fav_anime": "שלושת האנימות הטובות ביותר:",
    "searches_translation": "פרוש:",
    "searches_types": "סוגים",
    "searches_ud_error": "מציעת הפרושים של המוסג הזה נחשל.",
    "searches_url": "קישור",
    "searches_viewers": "צופים",
    "searches_watching": "צופה",
    "searches_wikia_error": "נכשל למצוא את המונח הזה על הוויקיה שצוין.",
    "searches_wikia_input_error": "הזן וויקיע יעד, ואחריו שאילתת חיפוש.",
    "searches_wiki_page_not_found": "העמוד לא נמצא",
    "searches_wind_speed": "מהירות הרוח",
    "searches_x_most_banned_champs": "{0} האלופים האסורים ביותר",
    "searches_yodify_error": "נכשלה ביודעת את המשפט שלך.",
    "utiliity_joined": "הצתרף",
    "utility_activity_line": "`{0}.` {1} [{2:F2}/s] - {3} סה\"כ",
    "utility_activity_page": "דף פעילות מס #{0}",
    "utility_activity_users_total": "{0} משתמשים סה\"כ",
    "utility_author": "יוצר",
    "utility_botid": "מס' זהות של הבוט",
    "utility_calcops": "רשימת פונקציות בפקודה {0}calc",
    "utility_channelid": "{0} של הערוץ הזה הוא {1}",
    "utility_channel_topic": "נושא הערוץ",
    "utility_commands_ran": "פקודות רצו",
    "utility_convert": "{0} {1} שווה ל {2} {3}",
    "utility_convertlist": "יחידות אשר ניתן להשתמש בהם על ידי ממיר",
    "utility_convert_not_found": "לא ניתן להמיר את {0} ל- {1}: יחידות לא נמצאות",
    "utility_convert_type_error": "לא ניתן להמיר {0} ל- {1}: סוגי יחידות אינם שווים",
    "utility_created_at": "נוצר ב",
    "utility_custom_emojis": "אימו'זי מותאם אישית",
    "utility_error": "שגיאה",
    "utility_features": "מאפיינים",
    "utility_id": "זהות",
    "utility_index_out_of_range": "אינדקס מחוץ לטווח.",
    "utility_inrole_list": "רשימת המשתמשים בתפקיד {0}",
    "utility_inrole_not_allowed": "אינך רשאי להשתמש בפקודה זו על תפקידים עם הרבה משתמשים בהם כדי למנוע התעללות.",
    "utility_invalid_value": "ערך {0} לא חוקי.",
    "utility_joined_discord": "הצטרף לדיסקורד",
    "utility_joined_server": "הצטרף לסרבר",
    "utility_listservers": "מס' זהות: {0}\nמשתמשים: {1}\nמס' זהות של הבעל: {2}",
    "utility_listservers_none": "לא נמצאו שרתים בדף זה.",
    "utility_list_of_repeaters": "רשימת רפיטר",
    "utility_members": "משתמשים",
    "utility_memory": "זיכרון",
    "utility_messages": "הודאות",
    "utility_message_repeater": "משדר הודעות",
    "utility_name": "שם",
    "utility_nickname": "כינוי",
    "utility_nobody_playing_game": "אף אחד לא משחק במשחק הזה",
    "utility_no_active_repeaters": "אין מחזורים פעילים.",
    "utility_no_roles_on_page": "אין תפקידים בדף זה.",
    "utility_no_shards_on_page": "אין שברים בדף זה.",
    "utility_no_topic_set": "נושא לא הוגדר.",
    "utility_owner": "בעלים",
    "utility_owner_ids": "מס' זהות של הבעלים",
    "utility_presence": "נוכחות",
    "utility_presence_txt": "{0} סרברים\n{1} ערוצי טקסט\n{2} ערוצים קוליים",
    "utility_quotes_deleted": "מחק את כל הציטוטים עם {0} מילות המפתח.",
    "utility_quotes_page": "עמוד {0} של ציטוטים.",
    "utility_quotes_page_none": "אין ציטוטים בעמוד זה.",
    "utility_quotes_remove_none": "לא נמצאו הצעות מחיר שניתן להסיר.",
    "utility_quote_added": "ציטוט נוסף",
    "utility_quote_deleted": "ציטוט # {0} נמחק.",
    "utility_region": "אזור",
    "utility_registered_on": "רשום בתאריך",
    "utility_remind": "אני יזכיר {0} ל {1} ב {2} `(3:יום.חודש.שנה.} ב {4:שעה:דקה})`",
    "utility_remind_invalid_format": "לא פורמט זמן חוקי. בדוק את רשימת הפקודות.",
    "utility_remind_template": "הגדר תבנית חדשה של תזכורות.",
    "utility_repeater": "חוזרת על {0} כל {1} ימים, {2} שעה ו {3} דקות.",
    "utility_repeaters_list": "רשימה של ממסרים",
    "utility_repeaters_none": "אין רצים הפועלים בשרת זה.",
    "utility_repeater_stopped": "#{0} הפסיק.",
    "utility_repeat_invoke_none": "לא נמצאו הודעות חוזרות בשרת זה.",
    "utility_result": "תוצאה",
    "utility_roles": "תפקידים",
    "utility_roles_all_page": "דף # {0} של כל התפקידים בשרת זה:",
    "utility_roles_page": "דף # {0} של תפקידים עבור {1}",
    "utility_rrc_no_colors": "אין צבעים בפורמט הנכון. השתמש ב- '# 00ff00` לדוגמה.",
    "utility_rrc_start": "התחל לסובב את הצבע של התפקיד.",
    "utility_rrc_stop": "עצרנו צבעים מסתובבים לתפקיד {0}",
    "utility_serverid": "{0} של שרת זה הוא {1}",
    "utility_server_info": "פרטי הסרבר",
    "utility_shard": "חרס",
    "utility_shard_stats": "סטטיסטוקות של החרס",
    "utility_shard_stats_txt": "חרס **#{0}** במצב {1} עם {2} סרברים",
    "utility_showemojis": "** שם: ** {0} ** קישור: ** {1}",
    "utility_showemojis_none": "לא נמצאו אמוג'ים מיוחדים.",
    "utility_stats_songs": "מנגן {0} שירים, {1} בתור.",
    "utility_text_channels": "ערוצי טקסט",
    "utility_togtub_room_link": "הנה קישור לחדר שלך:",
    "utility_uptime": "זמן פתוח",
    "utility_userid": "{0} של המשתמש {1} הוא {2}",
    "utility_users": "משתמשים",
    "utility_voice_channels": "ערוצי קול",
    "gambling_animal_race_already_in": "אתה כבר חלק מהמרוץ הזה!",
    "games_current_poll_results": "תוצאות סקר שוטפות",
    "games_no_votes_cast": "לא הוטלו הצבעות.",
    "games_poll_already_running": "סקר כבר פועל על השרת הזה",
    "games_poll_created": "📃 {0} יצרה סקר הדורש את תשומת לבך:",
    "games_poll_result": "'{0}.' {1} עם {2} הצבעות.",
    "games_poll_voted": "{0} הצביע.",
    "games_poll_vote_private": "פרטי הודעה לי עם המספר המתאים של התשובה.",
    "games_poll_vote_public": "שלח הודעה כאן עם המספר המתאים של התשובה.",
    "games_thanks_for_voting": "תודה שהצבעתת {0}",
    "games_x_votes_cast": "{0} סה\"כ הצבעות שהועברו.",
    "games_pick_pl": "בחר אותם על ידי הקלדת `{0}בחר`",
    "games_pick_sn": "בחר אותו על ידי הקלדת `{0} pick`",
    "gambling_no_users_found": "משתמש לא נמצא.",
    "gambling_page": "דף {0}",
    "administration_must_be_in_voice": "אתה חייב להיות בערוץ קול.",
    "administration_no_vcroles": "אין תפקידי ערוץ קול.",
    "administration_user_muted_time": "{0} הושתק ** מהטקסט והצ'אט הקולי למשך {1} דקות.",
    "administration_vcrole_added": "משתמשים שיצטרפו לערוץ הקולי {0} יקבלו {1} תפקיד.",
    "administration_vcrole_removed": "משתמשים שיצטרפו לערוץ הקולי {0} לא יקבלו עוד תפקיד.",
    "administration_vc_role_list": "תפקידי ערוצים קוליים",
    "customreactions_crad_disabled": "ההודעה שתפעיל את התגובה המותאמת אישית עם מזהה {0} לא תימחק אוטומטית.",
    "customreactions_crad_enabled": "ההודעה שתפעיל את התגובה המותאמת אישית עם מזהה {0} תימחק אוטומטית.",
    "customreactions_crdm_disabled": "הודעת התגובה עבור התגובה המותאמת אישית עם id {0} לא תישלח כהודעה ישירה",
    "customreactions_crdm_enabled": "הודעת תגובה עבור התגובה המותאמת אישית עם id {0} תישלח כהודעה ישירה.",
    "utility_aliases_none": "לא נמצא כינוי",
    "utility_alias_added": "ההקלדה {0} תהיה כעת כינוי של {1}.",
    "utility_alias_list": "רשימת כינויים",
    "utility_alias_removed": "למפעיל {0} אין עוד כינוי.",
    "utility_alias_remove_fail": "למפעיל {0} לא היה כינוי.",
    "searches_compet_playtime": "זמן תחרותי",
    "administration_channel": "ערוץ",
    "administration_command_text": "טקסט פיקוד",
    "administration_kicked_pl": "בעט",
    "administration_moderator": "מנחה",
    "administration_page": "דף {0}",
    "administration_reason": "סיבה",
    "administration_scadd": "נוספה פקודת הפעלה חדשה.",
    "administration_scrm": "פקודת האתחול הוסרה בהצלחה.",
    "administration_scrm_fail": "פקודת האתחול לא נמצאה.",
    "administration_server": "סרבר",
    "administration_startcmdlist_none": "אין פקודות הפעלה בדף זה.",
    "administration_startcmds_cleared": "נקה את כל פקודות ההפעלה.",
    "administration_unbanned_user": "המשתמש {0} קיבל אנבאן",
    "administration_user_not_found": "המשתמש לא נמצא.",
    "administration_user_warned": "המשתמש {0} הזהיר.",
    "administration_user_warned_and_punished": "המשתמש {0} הזהיר והפעלת {1} עונש.",
    "administration_warned_on": "מזהים בשרת {0}",
    "administration_warned_on_by": "ב- {0} ב- {1} עד {2}",
    "administration_warnings_cleared": "כל ההתראות נמחקו עבור {0}.",
    "administration_warnings_none": "אין אזהרה בדף זה.",
    "administration_warnlog_for": "אזהרה עבור {0}",
    "administration_warnpl_none": "לא נקבעו עונשים.",
    "administration_warn_cleared_by": "נמחק על ידי {0}",
    "administration_warn_punish_list": "רשימת עונשים אזהרה",
    "administration_warn_punish_rem": "לאחר {0} אזהרות לא יגרור עוד עונש.",
    "administration_warn_punish_set": "אני אשים עונש {0} למשתמשים עם אזהרות {1}.",
    "administration_slowmodewl_role_start": "סלואומאוד יתעלם כעת מתפקיד {0}.",
    "administration_slowmodewl_role_stop": "סלואומאוד לא יתעלם עוד מהתפקיד {0}.",
    "administration_slowmodewl_user_start": "סלואומאוד יתעלם כעת מהמשתמש {0}.",
    "administration_slowmodewl_user_stop": "סלואומאוד לא יתעלם עוד מהמשתמש {0}.",
    "utility_clpa_fail": "כשל בטענה לתגמולים בשל אחת מהסיבות הבאות:",
    "utility_clpa_fail_already": "אולי כבר קיבלת את הפרס שלך לחודש זה. אתה יכול לקבל תגמולים רק פעם בחודש, אלא אם תגדיל את ההתחייבות שלך.",
    "utility_clpa_fail_already_title": "כבר מתוגמל",
    "utility_clpa_fail_conn": "ייתכן שחשבון הדיסקורד שלך אינו מחובר לפטריון. אם אינך בטוח מה פירוש הדבר, או אינך יודע כיצד לחבר אותו - עליך לעבור אל [דף הגדרות החשבון של Patreon] (https://patreon.com/settings/account) ולחץ על הלחצן 'התחבר לדיסק' .",
    "utility_clpa_fail_conn_title": "חשבון דיסקורד אינו מחובר",
    "utility_clpa_fail_sup": "כדי להיות זכאי לתגמל, עליך לתמוך בפרויקט על patreon. ניתן להשתמש בפקודה {0} כדי לקבל את הקישור.",
    "utility_clpa_fail_sup_title": "לא תומך",
    "utility_clpa_fail_wait": "אתה צריך לחכות כמה שעות לאחר ביצוע התחייבות שלך, אם לא, נסה שוב מאוחר יותר.",
    "utility_clpa_fail_wait_title": "חכה קצת",
    "utility_clpa_success": "קיבלת {0} תודה על תמיכתך בפרויקט!",
    "utility_clpa_too_early": "ניתן לקבל את הפרסים ב5 לכל חודש או אחרי ה5 לחודש.",
    "searches_time": "הזמן ב {0} הוא {1} - {2}",
    "administration_rh": "הגדר את התצוגה של תפקיד הגילדה {0} ל- {1}.",
    "gambling_name": "שם",
    "gambling_shop": "חנות",
    "gambling_shop_item_add": "פריט חנות נוסף",
    "gambling_shop_none": "לא נמצאו פריטים בדף זה.",
    "gambling_shop_role": "אתה תקבל {0} תפקיד.",
    "gambling_type": "סוג",
    "utility_clpa_next_update": "העדכון הבא ב- {0}",
    "administration_gvc_disabled": "התכונה 'ערוץ קול' של המשחק הושבתה בשרת זה.",
    "administration_gvc_enabled": "{0} הוא ערוץ קול של משחקים כעת.",
    "administration_not_in_voice": "אינך נמצא בערוץ קול בשרת זה.",
    "gambling_item": "פריט",
    "gambling_out_of_stock": "אזל במלאי.",
    "gambling_random_unique_item": "פריט ייחודי אקראי.",
    "gambling_shop_buy_error": "שגיאה בפריט העברת הודעות ישיר. קיבלנו החזר כספי.",
    "gambling_shop_item_not_found": "לא נמצא פריט במדד זה.",
    "gambling_shop_item_purchase": "הפריט רכש בהצלחה.",
    "gambling_shop_item_rm": "פריט חנות הוסר",
    "gambling_shop_item_wrong_type": "ערך חנות זה אינו תומך בהוספת פריטים.",
    "gambling_shop_list_item_added": "הפריט נוסף בהצלחה.",
    "gambling_shop_list_item_not_unique": "פריט זה כבר נוסף.",
    "gambling_shop_purchase": "רכישה בשרת {0}",
    "gambling_shop_role_not_found": "התפקיד שנמכר כבר לא קיים.",
    "gambling_shop_role_purchase": "רכשת בהצלחה את תפקיד {0}.",
    "gambling_shop_role_purchase_error": "שגיאה בהקצאת תפקיד. הרכישה שלך הוחזרה.",
    "gambling_unique_items_left": "נותרו {0} פריטים ייחודיים.",
    "permissions_blocked_commands": "פקודות חסומות",
    "permissions_blocked_modules": "מודולים חסומים",
    "permissions_gcmd_add": "הפקודה {0} הושבתה בכל השרתים.",
    "permissions_gcmd_remove": "הפקודה {0} הופעלה בכל השרתים.",
    "permissions_gmod_add": "מודול {0} הושבת בכל השרתים.",
    "permissions_gmod_remove": "מודול {0} הופעל בכל השרתים.",
    "permissions_lgp_none": "אין פקודות או מודולים חסומים.",
    "gambling_animal_race_no_race": "מרוץ החיות מלא!",
    "utility_cant_read_or_send": "את\\ה לא יכול לשלוח הודאות מ\\לערוץ זה.",
    "utility_quotes_notfound": "אין ציטוטים המתאימים למס' זהות זה.",
    "administration_prefix_current": "",
    "administration_prefix_new": "",
    "administration_defprefix_current": "",
    "administration_defprefix_new": "",
    "administration_bot_nick": "כינוי הבוט שונה ל {0}",
    "administration_user_nick": "כינוי של המשתמש {0} שונה ל{1}",
    "administration_timezone_guild": "אזור הזמן של אגודה זו הוא '{0}'",
    "administration_timezone_not_found": "אזור זמן לא נמצא. השתמש בפקודה \"timezones\" כדי לראות רשימה של אזורי הזמן.",
    "administration_timezones_available": "אזורי זמן זמינים",
    "music_song_not_found": "שיר לא נמצא.",
    "searches_define_unknown": "לא ניתן למצוא את ההגדרה של מושג זה.",
    "utility_repeater_initial": "",
    "utility_verbose_errors_enabled": "פקודות לא נכונות יציגו הערת שגיאה שוב.",
    "utility_verbose_errors_disabled": "פקודות לא נכונות לא יציגו הערת שגיאה שוב.",
    "permissions_perms_reset": "הרשאות בשביל שרת זה אופסו.",
    "permissions_trigger": "",
    "administration_migration_error": "שגיאה בזמן מעבר. למידע נוסף, ראה את הקונסולה של הבוט.",
    "searches_hex_invalid": "צבע לא קיים",
    "permissions_global_perms_reset": "הרשאות כלליות התאפסו",
    "help_module": "",
    "games_hangman_stopped": "",
    "music_autoplaying": "",
    "music_queue_stopped": "",
    "music_removed_song_error": "",
    "music_shuffling_playlist": "",
    "music_songs_shuffle_enable": "",
    "music_songs_shuffle_disable": "",
    "music_song_skips_after": "",
    "administration_warnings_list": ""
}