{
    "clashofclans_base_already_claimed": "Den basen har allerede blitt tatt over eller ødelagt.",
    "clashofclans_base_already_destroyed": "Den basen er allerede ødelagt.",
    "clashofclans_base_already_unclaimed": "Ingen har hevdet denne basen.",
    "clashofclans_base_destroyed": "**ØDELAGT** base #{0} i en krig mot {1}",
    "clashofclans_base_unclaimed": "{0} har **hevdet** bare #{1} i en krig mot {2}",
    "clashofclans_claimed_base": "{0} har hevdet en base #{1} i en krig mot {2}",
    "clashofclans_claimed_other": "@{0} Du har allerede hevdet basen #{1}. Du kan ikke kreve en ny.",
    "clashofclans_claim_expired": "Krav fra @{0} for en krig mot {1} har utløpt.",
    "clashofclans_enemy": "Fiende",
    "clashofclans_info_about_war": "Info om krigen mot {0}",
    "clashofclans_invalid_base_number": "Ugyldig basenummer",
    "clashofclans_invalid_size": "Ikke en gyldig krigstørrelse",
    "clashofclans_list_active_wars": "Liste over aktive kriger",
    "clashofclans_not_claimed": "ikke hevdet",
    "clashofclans_not_partic": "Du er ikke en deltager i den krigen.",
    "clashofclans_not_partic_or_destroyed": "@{0} Du deltar enten ikke i denne krigen, eller basen er allerede ødelagt.",
    "clashofclans_no_active_wars": "Ingen aktive kriger.",
    "clashofclans_size": "Størrelse",
    "clashofclans_war_already_started": "Krig mot {0} har allerede begynt.",
    "clashofclans_war_created": "Krig mot {0} opprettet.",
    "clashofclans_war_ended": "Krig mot {0} avsluttet.",
    "clashofclans_war_not_exist": "Den krigen eksisterer ikke.",
    "clashofclans_war_started": "Krig mot {0} startet!",
    "customreactions_all_stats_cleared": "Alle tilpassede reaksjons-statistikker fjernet.",
    "customreactions_deleted": "Tilpasset reaksjon fjernet",
    "customreactions_insuff_perms": "Utilstrekkelig tilgang. Krever Bot-eierskap for globale tilpassede reaksjoner, og Administrator for server reaksjoner.",
    "customreactions_list_all": "Liste av alle tilpassede reaksjoner.",
    "customreactions_name": "Tilpassede reaksjoner.",
    "customreactions_new_cust_react": "Ny tilpasset reaksjon",
    "customreactions_no_found": "Ingen tilpasset reaksjon funnet.",
    "customreactions_no_found_id": "Ingen tilpasset reaksjon funnet med den ID'en.",
    "customreactions_response": "Respons",
    "customreactions_stats": "Tilpassede reaksjon statistikker.",
    "customreactions_stats_cleared": "Statistikk fjernet for {0} reaksjon",
    "customreactions_stats_not_found": "Ingen statistikk funnet for den utløseren, ingen handling utført",
    "customreactions_trigger": "Utløser",
    "nsfw_autohentai_stopped": "Autohentai stoppet",
    "nsfw_not_found": "Ingen resultater.",
    "pokemon_already_fainted": "{0} har allerede besvimt",
    "pokemon_already_full": "{0} har allerede full helse",
    "pokemon_already_that_type": "Din type er allerede {0}",
    "pokemon_attack": "brukte {0}{1} på {2}{3} for {4} skade.",
    "pokemon_cant_attack_again": "Du kan ikke angripe igjen uten motstanderens hevn.",
    "pokemon_cant_attack_yourself": "Du kan ikke angripe deg selv.",
    "pokemon_fainted": "{0} har besvimt!",
    "pokemon_healed": "helbredet {0} med én {1}",
    "pokemon_hp_remaining": "{0} har {1} helse igjen",
    "pokemon_invalid_move": "Du kan ikke bruke {0}. Skriv ´{1}ml` for å se en liste med angrep du kan bruke.",
    "pokemon_moves": "Angrep for {0} -type.",
    "pokemon_not_effective": "Det er ikke effektivt.",
    "pokemon_no_currency": "Du har ikke nok {0}",
    "pokemon_revive_other": "gjenopplivet {0} med én {1}",
    "pokemon_revive_yourself": "Du gjenopplivet deg selv med én {0}",
    "pokemon_settype_success": "Din type ble endret til {0} for èn {1}",
    "pokemon_somewhat_effective": "Det er noe effektivt.",
    "pokemon_super_effective": "Det er super effektivt!",
    "pokemon_too_many_moves": "Du har gjort for mange angrep på rad, du kan nå ikke gjøre flere angrep!",
    "pokemon_type_of_user": "{0} sin type er {1}",
    "pokemon_user_not_found": "Bruker ikke funnet",
    "pokemon_you_fainted": "Du besvimte, så du kan nå ikke bevege deg.",
    "administration_aar_disabled": "**Automatisk rollegivning** når brukere kommer inn er nå **deaktivert**",
    "administration_aar_enabled": "**Automatisk rollegivning** når brukere kommer inn er nå **aktivert**",
    "administration_attachments": "Legg til filer",
    "administration_avatar_changed": "Profilbilde",
    "administration_bandm": "Du har blitt utestengt fra {0}\nGrunn: {1}",
    "administration_banned_pl": "utestengt",
    "administration_banned_user": "Bruker ble utestengt",
    "administration_bot_name": "Bot'ens navn er endret til {0}",
    "administration_bot_status": "Bot status endret til {0}",
    "administration_byedel_off": "Automatisk sletting av 'farvel'-meldinger er aktivert",
    "administration_byedel_on": "Farvel-meldinger vil bli slettet etter {0} sekunder.",
    "administration_byemsg_cur": "Nåværende 'farvel'-melding: {0}",
    "administration_byemsg_enable": "Aktivér 'farvel'-meldinger ved å skrive {0}",
    "administration_byemsg_new": "Ny 'farvel'-melding satt.",
    "administration_bye_off": "'farvel'-kunngjøringer deaktivert.",
    "administration_bye_on": "'farvel'-kunngjøringer aktivert i denne kanalen.",
    "administration_ch_name_change": "Kanalnavn endret.",
    "administration_ch_old_name": "Gammelt navn",
    "administration_ch_topic_change": "Kanalemne endret.",
    "administration_cleaned_up": "Ryddet opp.",
    "administration_content": "Innhold",
    "administration_cr": "Opprettet rollen {0}",
    "administration_createtextchan": "Tekstkanal {0} laget.",
    "administration_createvoich": "Talekanal {0} laget.",
    "administration_deafen": "Demping vellykket.",
    "administration_deleted_server": "Slettet server {0}",
    "administration_delmsg_off": "Stoppet automatisk sletting av vellykkede kommando invokationer.",
    "administration_delmsg_on": "Sletter nå kommandomeldinger automatisk.",
    "administration_deltextchan": "Tekstkanal {0} slettet.",
    "administration_delvoich": "Lydkanal {0} slettet.",
    "administration_dm_from": "DM fra",
    "administration_donadd": "Vellykket i å legge til ny bidragsyter. Totalt bidratt av denne brukeren: {0} 👑 ",
    "administration_donators": "Takk til folkene under som gjorde dette prosjektet mulig!",
    "administration_fwall_start": "Jeg videresender de personlige meldingene til alle eierne.",
    "administration_fwall_stop": "Jeg vil bare vidresende de personlige meldingene til den første eieren.",
    "administration_fwdm_start": "Jeg vil videresende personlige meldinger fra nå.",
    "administration_fwdm_stop": "Jeg slutter å videresende personlige meldinger fra nå.",
    "administration_greetdel_off": "Automatisk sletting av velkomstmeldinger har blitt deaktivert.",
    "administration_greetdel_on": "Velkomst meldinger blir slettet etter {0} sekunder.",
    "administration_greetdmmsg_cur": "Nåværende personlige velkomst melding: {0}",
    "administration_greetdmmsg_enable": "Aktiver personlig velkomstmelding ved å skrive {0}",
    "administration_greetdmmsg_new": "Ny personlig velkomstmelding valgt.",
    "administration_greetdm_off": "Personlig velkomstmelding deaktivert.",
    "administration_greetdm_on": "Personlig velkomstmelding aktivert.",
    "administration_greetmsg_cur": "Nåværende velkomstmelding: {0}",
    "administration_greetmsg_enable": "Aktiver velkomstmeldinger ved å skrive {0}",
    "administration_greetmsg_new": "Ny velkomstmelding satt.",
    "administration_greet_off": "Velkomst-kunngjøring deaktivert.",
    "administration_greet_on": "Velkomst-kunngjøring aktivert i denne kanalen.",
    "administration_hierarchy": "Du kan ikke bruke denne kommandoen på brukere som har en rolle høyere eller på samme nivå som deg i hierarkiet.",
    "administration_images_loaded": "Bilder lastet etter {0} sekunder!",
    "administration_invalid_format": "Ugyldig tilførings format.",
    "administration_invalid_params": "Ugyldige parametere",
    "administration_joined": "{0} ble med i {1}",
    "administration_kickdm": "Du har blitt sparket fra {0} \nGrunn: {1}",
    "administration_kicked_user": "Bruker sparket",
    "administration_lang_list": "Liste over språk",
    "administration_lang_set": "Din servers' lokasjon er nå {0} - {1}",
    "administration_lang_set_bot": "Bot'ens standard språk er satt til {0} - {1}",
    "administration_lang_set_bot_show": "Bot'ens språk er satt til {0} - {1}",
    "administration_lang_set_fail": "Kunne ikke sette språk. Vennligst sjekk denne kommandoens bruksinformasjon.",
    "administration_lang_set_show": "Denne serverens språk er satt til {0} - {1}",
    "administration_left": "{0} har forlatt {1}",
    "administration_left_server": "Forlot server {0}",
    "administration_log": "Logger {0} hendelse på denne kanalen.",
    "administration_log_all": "Logger alle hendelser i denne kanalen.",
    "administration_log_disabled": "Logging deaktivert.",
    "administration_log_events": "Logg hendelser du kan abonnere på:",
    "administration_log_ignore": "Logging vil ignorere {0}",
    "administration_log_not_ignore": "Logging vil ikke ignorere {0}",
    "administration_log_stop": "Sluttet å logge {0} hendelse.",
    "administration_menrole": "{0} har påkalt en nevnelse av følgende roller",
    "administration_message_from_bo": "Melding fra {0} '[Bot Eier]':",
    "administration_message_sent": "Melding sendt.",
    "administration_moved": "{0} flyttet fra {1} til {2}",
    "administration_msg_del": "Melding slettet i #{0}",
    "administration_msg_update": "Melding oppdatert i #{0}",
    "administration_muted_pl": "Dempet",
    "administration_muted_sn": "Dempet",
    "administration_mute_error": "Jeg har mest sannsynlig ikke de nødvendige tillatelsene til det.",
    "administration_mute_role_set": "Ny 'dempet'-rolle satt.",
    "administration_need_admin": "Jeg trenger **Administrasjon** tillatelse til å gjøre det.",
    "administration_new_msg": "Ny Melding",
    "administration_new_nick": "Nytt kallenavn",
    "administration_new_topic": "Nytt emne",
    "administration_nick_change": "Kallenavn endret.",
    "administration_no_server": "Kan ikke finne den serveren",
    "administration_no_shard_id": "Ingen shard med den IDen funnet.",
    "administration_old_msg": "Gammel melding",
    "administration_old_nick": "Gammelt kallenavn",
    "administration_old_topic": "Gammelt emne",
    "administration_perms": "Feil. Mest sansynlig har jeg ikke tilstrekkelige tillatelser.",
    "administration_prot_active": "Aktive Beskyttelser",
    "administration_prot_disable": "{0} har blitt **deaktivert** på denne serveren.",
    "administration_prot_enable": "{0} aktivert",
    "administration_prot_error": "Feil. Jeg trenger \"Behandle roller\" tillatelse.",
    "administration_prot_none": "Ingen beskyttelser aktivert",
    "administration_raid_cnt": "Bruker terskelen må være mellom {0} og {1}",
    "administration_raid_stats": "Hvis {0} eller flere brukere kommer inn i løpet av {1} sekunder, blir de {2}",
    "administration_raid_time": "Tiden må være mellom {0} og {1} sekunder.",
    "administration_rar": "Fjernet alle roller fra {0}",
    "administration_rar_err": "Kunne ikke fjerne roller. Jeg har ikke de rette tillatelsene.",
    "administration_rc": "Rollen {0} sin farge er blitt endret.",
    "administration_rc_not_exist": "Den rollen eksisterer ikke.",
    "administration_rc_params": "Gitte parametere er ikke gyldige.",
    "administration_rc_perms": "En feil oppstod grunnet ugyldig fargekode, eller ikke tilstrekkelig med tillatelser.",
    "administration_remrole": "Fjernet rollen {0} fra {1}",
    "administration_remrole_err": "Kunne ikke fjerne rollen. Jeg har ikke tilstrekkelig med tillatelser",
    "administration_renrole": "Endret navn på rolle.",
    "administration_renrole_err": "Kunne ikke endre navn på rolle. Jeg har ikke tilstrekkelig med tillatelser.",
    "administration_renrole_perms": "Du kan ikke endre på roller som er høyere enn din i hierarkiet.",
    "administration_reprm": "Fjernet 'Spiller'-melding: {0}",
    "administration_role_added": "Rollen {0} er lagt til i listen",
    "administration_role_clean": "{0} ikke funnet. Renset opp.",
    "administration_role_in_list": "Rolle {0} er allerede i listen",
    "administration_ropl_added": "Lagt til.",
    "administration_ropl_disabled": "Roterende 'spiller'-status deaktivert.",
    "administration_ropl_enabled": "Roterende 'spiller'-status aktivert.",
    "administration_ropl_list": "Liste med roterende statuser:\n{0}",
    "administration_ropl_not_set": "Ingen roterende statuser er satt.",
    "administration_self_assign_already": "Du har allerede rollen {0}",
    "administration_self_assign_already_excl": "Du har allerede en eksklusiv rolle: {0}",
    "administration_self_assign_excl": "Selvsettende roller er nå eksklusive!",
    "administration_self_assign_list": "Det er nå {0} selvsettende roller.",
    "administration_self_assign_not": "Den rollen er ikke selvsettende.",
    "administration_self_assign_not_have": "Du har ikke rollen {0}.",
    "administration_self_assign_no_excl": "Selvsettende roller er nå ikke eksklusive!",
    "administration_self_assign_perms": "Jeg kan ikke gi deg den rollen.\n`Jeg kan ikke gi roller til eiere eller brukere som har en rolle høyere enn min egen i hierarkiet`",
    "administration_self_assign_rem": "{0} ble fjernet fra listen over selvsettende roller.",
    "administration_self_assign_remove": "Du har ikke lenger rollen {0}",
    "administration_self_assign_success": "Du har nå rollen {0}",
    "administration_setrole": "Gav rollen {0} til {1}",
    "administration_setrole_err": "Kunne ikke legge til rolle. Jeg har ikke de rette tillatelsene.",
    "administration_set_avatar": "Nytt profilbilde er satt!",
    "administration_set_channel_name": "Nytt kanalnavn satt.",
    "administration_set_game": "Nytt spill satt.",
    "administration_set_stream": "Ny strøm satt.",
    "administration_set_topic": "Nytt kanalemne satt",
    "administration_shard_reconnected": "Shard {0} gjentilkoblet.",
    "administration_shard_reconnecting": "Kobler til shard {0} på nytt",
    "administration_shutting_down": "Avslutter",
    "administration_slowmode_desc": "Brukere kan ikke sende flere enn {0} meldinger i løpet av {1} sekunder.",
    "administration_slowmode_disabled": "Sakte modus deaktivert",
    "administration_slowmode_init": "Sakte modus aktivert",
    "administration_soft_banned_pl": "soft-banned (sparket)",
    "administration_spam_ignore": "{0} vil nå ignorere denne kanalen.",
    "administration_spam_not_ignore": "{0} vil ikke lenger ignorere denne kanalen.",
    "administration_spam_stats": "Hvis en bruker sender {0} like meldinger på rad, vil de bli {1}.\n__IgnoredChannels__: {2}",
    "administration_text_chan_created": "Tekstkanal opprettet",
    "administration_text_chan_destroyed": "Tekstkanal fjernet",
    "administration_undeafen": "Demping fjernet",
    "administration_unmuted_sn": "Fjernet demping",
    "administration_username": "Brukernavn",
    "administration_username_changed": "Brukernavn endret",
    "administration_users": "Brukere",
    "administration_user_banned": "Bruker utestengt",
    "administration_user_chat_mute": "{0} har blit **dempet** fra å chatte.",
    "administration_user_chat_unmute": "Fjernet demping på {0} for chatting.",
    "administration_user_joined": "Bruker ble med i samtalen.",
    "administration_user_left": "Bruker Forlatt.",
    "administration_user_muted": "{0} har blitt **dempet** fra tekst og talekanaler.",
    "administration_user_role_add": "Brukerrolle lagt til",
    "administration_user_role_rem": "Brukerrolle fjernet",
    "administration_user_status_change": "{0} er nå {1}",
    "administration_user_unmuted": "{0} er ikke lenger dempet fra tekst og tale.",
    "administration_user_vjoined": "{0} har blitt med i {1} ",
    "administration_user_vleft": "{0} har forlatt {1} ",
    "administration_user_vmoved": "{0} flyttet fra {1} til {2}",
    "administration_user_voice_mute": "{0} har blitt **tale dempet***",
    "administration_user_voice_unmute": "{0} er ikke lenger **taledempet**",
    "administration_voice_chan_created": "Talekanal laget",
    "administration_voice_chan_destroyed": "Talekanal fjernet",
    "administration_vt_disabled": "Deaktivert tale + tekst funksjon.",
    "administration_vt_enabled": "Aktivert lyd + tekst funksjon.",
    "administration_vt_exit": "Jeg har ikke **behandle roller** og/eller **behandle kanaler** tillatelser, så jeg kan ikke bruke 'stemme+tekst' på server {0}",
    "administration_vt_no_admin": "Du aktiverer/deaktiverer denne funksjonen og **jeg ikke har administratorrettigheter**. Dette kan føre til noen problemer, og du blir nødt til å rydde opp i tekst kanaler selv etterpå.",
    "administration_vt_perms": "Jeg trenger **Behandle roller** og **Administrer kanaler** tillatelser for å aktivere denne funksjonen. (Administrator er foretrukket)",
    "administration_xmuted_text": "Bruker {0} fra tekst-chat",
    "administration_xmuted_text_and_voice": "Bruker {0} fra tekst og tale chat",
    "administration_xmuted_voice": "Bruker {0} fra stemmechat",
    "administration_sbdm": "Du har blitt 'soft-banned' fra {0} server.\nGrunn: {1}",
    "administration_user_unbanned": "Fjernet bruker fra utestenging",
    "administration_migration_done": "Migrering fullført!",
    "administration_presence_updates": "Oppdatering av tilstedeværelse",
    "administration_sb_user": "Bruker soft-banned",
    "gambling_awarded": "har tildelt {0} til {1}",
    "gambling_better_luck": "Bedre hell neste gang :3",
    "gambling_br_win": "Gratulerer! Du vant {0} for å rulle høyere enn {1}",
    "gambling_deck_reshuffled": "Kortstokk stokket.",
    "gambling_flipped": "kastet {0}.",
    "gambling_flip_guess": "Du gjettet det! Du vant {0}",
    "gambling_flip_invalid": "Ugyldig nummer spesifisert. Du kan kaste 1 til {0} mynter.",
    "gambling_flowerreaction_desc": "Legg {0} reaksjon på denne meldingen for å få {1} ",
    "gambling_flowerreaction_footer": "Denne hendelsen er aktiv i opptil {0} timer.",
    "gambling_flowerreaction_title": "Blomster reaksjonshendelse startet!",
    "gambling_gifted": "har gitt {0} til {1}",
    "gambling_has": "{0} har {1}",
    "gambling_heads": "Mynt",
    "gambling_leaderboard": "Resultattavle",
    "gambling_mass_award": "Tildelt {0} til {1} brukere fra {2} rollen.",
    "gambling_max_bet_limit": "Du kan ikke vedde mer enn {0}",
    "gambling_min_bet_limit": "Du kan ikke vedde mindre enn {0}",
    "gambling_not_enough": "Du har ikke nok {0}",
    "gambling_no_more_cards": "Ikke flere kort i kortstokken.",
    "gambling_raffled_user": "Trakk bruker",
    "gambling_roll": "Du rullet {0}.",
    "gambling_slot_bet": "Vedde",
    "gambling_slot_jackpot": "WOAAHHHHHH!!! Gratulerer!!! x{0}",
    "gambling_slot_single": "En enkel {0}, x{1}",
    "gambling_slot_three": "Wow! Heldig! Tre like! x{0}",
    "gambling_slot_two": "Godt jobbet! To {0} - veddemål x{1}",
    "gambling_slot_won": "Vant",
    "gambling_sneakygamestatus_desc": "Brukere må skrive et hemmelig kodeord for å få {0}.\nVarer i {1} sekunder. Ikke si det til noen. Shhh.",
    "gambling_sneakygamestatus_end": "SneakyGame hendelse avsluttet. {0} brukere fikk belønning.",
    "gambling_sneakygamestatus_title": "SneakyGameStatus hendelse startet",
    "gambling_tails": "Kron",
    "gambling_take": "vellykket i og ta {0} fra {1}",
    "gambling_take_fail": "Kunne ikke ta {0} fra {1} fordi brukeren hadde ikke så mye {2}!",
    "help_back_to_toc": "Tilbake til innholdsfortegnelsen",
    "help_bot_owner_only": "Kun boteier",
    "help_channel_permission": "Krever {0} kanal tillatelse.",
    "help_cmdlist_donate": "Du kan støtte prosjektet på Patreon: <{0}> eller paypal: <{1}>",
    "help_cmd_and_alias": "Kommandoer og aliaser",
    "help_commandlist_regen": "Kommandoliste regenerert.",
    "help_commands_instr": "Skriv `{0}h Kommandonavn` å se hjelpen for den oppgitte kommandoen. f.eks `{0}h {0}8ball`",
    "help_command_not_found": "Jeg kan ikke finne den kommandoen. Kontroller at kommandoen finnes før du prøver igjen.",
    "help_desc": "Beskrivelse",
    "help_donate": "Du kan støtte NadekoBot prosjektet på\nPatreon <{0}> eller\nPaypal <{1}>\nIkke glem å skrive Discord navnet eller ID i meldingen.\n\n** Takk ** ♥ ️",
    "help_guide": "** Liste over kommandoer **: <{0}>\n** Hosting guider og dokumenter finner du her **: <{1}>",
    "help_list_of_commands": "Liste av kommandoer",
    "help_list_of_modules": "Liste av moduler",
    "help_modules_footer": "Skriv '{0}cmds ModulNavn' for og få en liste av kommandoer i den modulen. f.eks '{0}cmds spill'",
    "help_module_not_found": "Den modulen finnes ikke.",
    "help_server_permission": "Krever {0} servertillatelse.",
    "help_table_of_contents": "Innholdsfortegnelse",
    "help_usage": "Bruk",
    "nsfw_autohentai_started": "Autohentai startet. Poster hvert {0}s med følgende stikkord: {1}",
    "nsfw_tag": "Stikkord",
    "gambling_animal_race": "Veddeløp med dyr",
    "gambling_animal_race_failed": "Kunne ikke starte siden det ikke var nok deltakere",
    "gambling_animal_race_full": "Løpet er fullt. Starter nå.",
    "gambling_animal_race_join": "{0} ble med som {1}",
    "gambling_animal_race_join_bet": "{0} ble med som {1} og veddet {2}!",
    "gambling_animal_race_join_instr": "Skriv {0}jr for og bli med i løpet.",
    "gambling_animal_race_starting": "Starter om 20 sekunder eller når rommet er fullt.",
    "gambling_animal_race_starting_with_x": "Starter med {0} deltakere.",
    "gambling_animal_race_won": "{0} som {1} vant løpet!",
    "gambling_animal_race_won_money": "{0} som {1} vant løpet og {2}!",
    "gambling_dice_invalid_number": "Ugyldig nummer spesifisert. Du kan rulle {0}-{1} terninger på en gang.",
    "gambling_dice_rolled": "rullet {0}",
    "gambling_dice_rolled_num": "Terning rullet: {0}",
    "gambling_race_failed_starting": "Kunne ikke starte løpet. Et annet løp er sannsynligvis igang.",
    "gambling_race_not_exist": "Ingen løp eksisterer på denne serveren",
    "gambling_second_larger_than_first": "Det andre tallet må være større enn det første",
    "gambling_changes_of_heart": "Ombestemmelser",
    "gambling_claimed_by": "Hevdet av",
    "gambling_divorces": "Skilsmisser",
    "gambling_likes": "Liker",
    "gambling_price": "Pris",
    "gambling_waifus_none": "Ingen waifus har blitt hevdet enda.",
    "gambling_waifus_top_waifus": "Topp Waifus",
    "gambling_waifu_affinity_already": "Din affinitet er allerede satt til den waifuen eller så prøver du å fjerne din egen affinitet uten å ha en.",
    "gambling_waifu_affinity_changed": "byttet affinitet fra {0} til {1}.\n\n*Dette er moralsk tvilsomt.*",
    "gambling_waifu_affinity_cooldown": "Du må vente {0} timer og {1} minutt for å bytte affinitet igjen.",
    "gambling_waifu_affinity_reset": "Affiniteten din er tilbakestillt. Du liker ingen.",
    "gambling_waifu_affinity_set": "ønsker å bli {0} sin waifu. Aww <3",
    "gambling_waifu_claimed": "hevdet {0} som sin waifu for {1}!",
    "gambling_waifu_divorced_like": "Du har skillt deg fra en waifu som liker deg, ditt hjerteløse monster!\n{0} fikk {1} som kompensation.",
    "gambling_waifu_egomaniac": "du kan ikke sette affiniteten din til deg selv, ditt egoistiske monster!",
    "gambling_waifu_fulfilled": "🎉 Deres kjærlighet er oppfylt 🎉\n{0} sin nye verdi er {1}!",
    "gambling_waifu_isnt_cheap": "Ingen waifu er så billig. Du må betale minst {0} for å få en waifu, selv om deres verdi egentlig er lavere.",
    "gambling_waifu_not_enough": "Du må betale {0} eller mer for å hevde den waifuen!",
    "gambling_waifu_not_yours": "Den waifuen er ikke din.",
    "gambling_waifu_not_yourself": "Du kan ikke hevde deg selv.",
    "gambling_waifu_recent_divorce": "Du er nylig skilt. Du må vente {0} timer og {1} minutter for å kunne skille deg igjen.",
    "gambling_nobody": "Ingen",
    "gambling_waifu_divorced_notlike": "Du har skilt deg fra en waifu som ikke liker deg. Du fikk {0} tilbake.",
    "games_8ball": "8ball",
    "games_acrophobia": "Acrophobia",
    "games_acro_ended_no_sub": "Spill avsluttet uten innleveringer.",
    "games_acro_no_votes_cast": "Ingen stemmer telt. Spillet avsluttet med ingen vinnere.",
    "games_acro_nym_was": "Akronymet var {0}.",
    "games_acro_running": "Acrophobia-spill er allerede i gang i denne kanalen.",
    "games_acro_started": "Spill startet. Lag en setning med det følgende akronymet: {0}.",
    "games_acro_started_footer": "Du har {0} sekunder å levere inn på.",
    "games_acro_submit": "{0} leverte inn sin setning. ({1} total)",
    "games_acro_vote": "Stem ved å skrive nummer til innleveringen.",
    "games_acro_vote_cast": "{0} avga sin stemme!",
    "games_acro_winner": "Vinneren er {0} med {1} poeng.",
    "games_acro_winner_only": "{0} er vinneren fordi han hadde den eneste innleveringen",
    "games_question": "Spørsmål",
    "games_rps_draw": "Det er uavgjort! Begge valgte {0}",
    "games_rps_win": "{0} vant! {1} slår {2}",
    "games_submissions_closed": "Innleveringer avluttet.",
    "gambling_animal_race_already_started": "Veddeløp med dyr er allerede igang.",
    "gambling_total_average": "Totalt: {0} Gjennomsnitt: {1}",
    "games_category": "Kategori",
    "games_cleverbot_disabled": "Deaktivert Cleverbot på denne serveren.",
    "games_cleverbot_enabled": "Aktivert Cleverbot på denne serveren.",
    "games_curgen_disabled": "Valuta generering har blitt deaktivert på denne kanalen.",
    "games_curgen_enabled": "Valuta generering har blitt aktivert på denne kanalen.",
    "games_curgen_pl": "{0} tilfeldig {1} dukket opp!",
    "games_curgen_sn": "En tilfeldig {0} dukket opp!",
    "games_failed_loading_question": "Kunne ikke laste inn spørsmål.",
    "games_game_started": "Spill startet",
    "games_hangman_game_started": "Hangman spill startet",
    "games_hangman_running": "Hangman spill kjører allerede i denne kanalen.",
    "games_hangman_start_errored": "Kunne ikke starte Hangman",
    "games_hangman_types": "Liste av \"{0}hangman\" begrepstyper:",
    "games_leaderboard": "Resultattavle",
    "games_not_enough": "Du har ikke nok {0}",
    "games_no_results": "Ingen resultater",
    "games_picked": "Plukket {0}",
    "games_planted": "{0} plantet {1}",
    "games_trivia_already_running": "Trivia kjører allerede på denne serveren.",
    "games_trivia_game": "Trivia spill",
    "games_trivia_guess": "{0} gjettet det! Svaret var: {1}",
    "games_trivia_none": "Ingen trivia-spill gående på serveren.",
    "games_trivia_points": "{0} har {1} poeng",
    "games_trivia_stopping": "Stopper etter dette spørsmålet",
    "games_trivia_times_up": "Tiden er ute! Det riktige svaret var {0}",
    "games_trivia_win": "{0} gjettet det og VANT spillet! Svaret var: {1}",
    "games_ttt_against_yourself": "Du kan ikke spille mot deg selv.",
    "games_ttt_already_running": "Bondesjakk kjører allerede i denne kanalen.",
    "games_ttt_a_draw": "Uavgjort!",
    "games_ttt_created": "har startet et spill med bondesjakk",
    "games_ttt_has_won": "{0} har vunnet!",
    "games_ttt_matched_three": "Matchet tre",
    "games_ttt_no_moves": "Ingen bevegelser igjen!",
    "games_ttt_time_expired": "Tiden er ute!",
    "games_ttt_users_move": "{0} sin tur",
    "games_vs": "{0} mot {1}",
    "music_attempting_to_queue": "Forsøker å sette i kø {0} sanger...",
    "music_autoplay_disabled": "Automatisk avspilling deaktivert",
    "music_autoplay_enabled": "Automatisk avspilling aktivert.",
    "music_defvol_set": "Standard volum satt til {0}%",
    "music_dir_queue_complete": "Mappelisting ferdig.",
    "music_fairplay": "Fairplay",
    "music_finished_song": "Sang ferdig",
    "music_fp_disabled": "Rettferdig avspilling deaktivert",
    "music_fp_enabled": "Rettferdig avspilling aktivert",
    "music_from_position": "Fra posisjon",
    "music_id": "Id",
    "music_invalid_input": "Ugyldig tilføring.",
    "music_max_playtime_none": "Max spilletid har ingen grenser nå.",
    "music_max_playtime_set": "Max spilletid satt til {0} sekund(er).",
    "music_max_queue_unlimited": "Max musikk-kø størrelse satt til uendelig.",
    "music_max_queue_x": "Max musikk-kø størrelse satt til {0} sang(er).",
    "music_must_be_in_voice": "Du må være i en talekanal på denne serveren.",
    "music_name": "Navn",
    "music_now_playing": "Spiller",
    "music_no_player": "Ingen aktive musikkspillere.",
    "music_no_search_results": "Ingen søkeresultater.",
    "music_paused": "Musikkavspilling pauset",
    "music_player_queue": "Spilleliste - Side {0}/{1}",
    "music_playing_song": "Spiller sang #{0}",
    "music_playlists": "#{0}` - **{1}** av *{2}* ({3} sanger)",
    "music_playlists_page": "Side {0} av lagrede spillelister",
    "music_playlist_deleted": "Spilleliste slettet.",
    "music_playlist_delete_fail": "Klarte ikke å slette spillelisten. Enten eksisterer den ikke, eller så var det ikke du som lagde den.",
    "music_playlist_id_not_found": "Spilleliste med den IDen eksisterer ikke.",
    "music_playlist_queue_complete": "Spilleliste-kø komplett.",
    "music_playlist_saved": "Spilleliste lagret",
    "music_play_limit": "{0}s grense",
    "music_queue": "Kø",
    "music_queued_song": "Sang i kø",
    "music_queue_cleared": "Musikk-kø tømt.",
    "music_queue_full": "Køen er full {0}/{0}-",
    "music_removed_song": "Fjernet sang",
    "music_repeating_cur_song": "Repeterer nåværende sang",
    "music_repeating_playlist": "Repeterer spilleliste",
    "music_repeating_track": "Repeterer spor",
    "music_repeating_track_stopped": "Repetisjon av nåværende sang stoppet",
    "music_resumed": "Musikk-avspilling gjenopptatt.",
    "music_rpl_disabled": "Repetisjon av spilleliste stoppet.",
    "music_rpl_enabled": "Repetisjon av spilleliste startet.",
    "music_set_music_channel": "Meldinger om sanger som spilles av, er ferdige, pauset og fjernet vil bli vist i denne kanalen.",
    "music_skipped_to": "Skippet til '{0}:{1}'",
    "music_song_moved": "Sang flyttet",
    "music_time_format": "{0}t {1}m {2}s",
    "music_to_position": "Til posisjon",
    "music_unlimited": "Ubegrenset",
    "music_volume_input_invalid": "Lyden må være mellom 0 og 100",
    "music_volume_set": "Volum satt til {0}%",
    "permissions_acm_disable": "Deaktivert bruk av ALLE MODULER i kanalen {0}.",
    "permissions_acm_enable": "Aktivert bruk av ALLE MODULER i kanalen {0}.",
    "permissions_allowed": "Tillatt",
    "permissions_arm_disable": "Deaktivert bruk av ALLE MODULER for {0} rollen.",
    "permissions_arm_enable": "Aktivert bruk av ALLE MODULER for {0} rollen.",
    "permissions_asm_disable": "Deaktivert bruk av ALLE MODULER på denne serveren.",
    "permissions_asm_enable": "Aktivert bruk av ALLE MODULER på denne serveren.",
    "permissions_aum_disable": "Deaktivert bruk av ALLE MODULER  for bruker {0}.",
    "permissions_aum_enable": "Aktivert bruk av ALLE MODULER  for bruker {0}.",
    "permissions_blacklisted": "Svartelistet {0} med ID {1}",
    "permissions_cmdcd_add": "Kommando {0} har nå en {1}s ventetid.",
    "permissions_cmdcd_cleared": "Kommando {0} har ingen ventetid og alle eksisterende ventetider har blitt fjernet.",
    "permissions_cmdcd_none": "Ingen kommando-ventetid satt.",
    "permissions_command_costs": "Kommando kostnader",
    "permissions_cx_disable": "Deaktivert bruk av {0} {1} i kanal {2}.",
    "permissions_cx_enable": "Aktivert bruk av {0} {1} i kanal {2}.",
    "permissions_denied": "Nektet",
    "permissions_filter_word_add": "La til ordet {0} til listen av filtrerte ord.",
    "permissions_filter_word_list": "Liste over filtrerte ord",
    "permissions_filter_word_remove": "Fjernet ord {0} fra listen over filtrerte ord.",
    "permissions_invalid_second_param_between": "Ugyldig andre parameter. (Må være et tall mellom {0} og {1})",
    "permissions_invite_filter_channel_off": "Invitasjons-filtrering deaktivert i denne kanalen.",
    "permissions_invite_filter_channel_on": "Invitasjons-filtrering aktivert i denne kanalen.",
    "permissions_invite_filter_server_off": "Invitasjons-filtrering deaktivert på denne serveren.",
    "permissions_invite_filter_server_on": "Invitasjons-filtrering aktivert på denne serveren.",
    "permissions_moved_permission": "Flyttet tillatelse {0} fra #{1} til #{2}",
    "permissions_not_found": "Finner ikke tillatelse ved index #{0}",
    "permissions_no_costs": "Ingen kostnader satt.",
    "permissions_of_command": "kommando",
    "permissions_of_module": "modul",
    "permissions_page": "Tillatelser side {0}",
    "permissions_permrole": "Nåværende tillatelses-rolle er {0}.",
    "permissions_permrole_changed": "Brukere må nå ha {0} rollen for å endre tillatelser.",
    "permissions_perm_out_of_range": "Ingen tillatelse funnet på denne indeksen.",
    "permissions_removed": "fjernet rettighet #{0} - {1}",
    "permissions_rx_disable": "Deaktivert bruk av {0} {1} for {2} rollen.",
    "permissions_rx_enable": "Aktivert bruk av {0} {1} for {2} rollen.",
    "permissions_sec": "sek.",
    "permissions_sx_disable": "Deaktivert bruk av {0} {1} på denne serveren.",
    "permissions_sx_enable": "Aktivert bruk av {0} {1} på denne serveren.",
    "permissions_unblacklisted": "Fjernet {0} med ID {1} fra svartelisten",
    "permissions_uneditable": "uredigerbar",
    "permissions_ux_disable": "Deaktivert bruk av {0} {1} for {2} bruker.",
    "permissions_ux_enable": "Aktivert bruk av {0} {1} for {2} bruker.",
    "permissions_verbose_false": "Jeg vil ikke lenger vise tillatelses-advarsler.",
    "permissions_verbose_true": "Jeg vil nå vise tillatelses-advarsler.",
    "permissions_word_filter_channel_off": "Ord filtrering er deaktivert i denne kanalen.",
    "permissions_word_filter_channel_on": "Ord filtrering aktivert på denne kanalen.",
    "permissions_word_filter_server_off": "Ord filtrering deaktivert på denne serveren.",
    "permissions_word_filter_server_on": "Ord filtrering aktivert på denne serveren.",
    "searches_abilities": "Ferdigheter",
    "searches_anime_no_fav": "Ingen favoritt anime",
    "searches_atl_ad_started": "Startet automatisk oversettelse av meldinger i denne kanalen. Bruker-meldinger vil bli slettet automatisk.",
    "searches_atl_removed": "Ditt automatisk oversatte språk er fjernet",
    "searches_atl_set": "Ditt automatisk oversatte språk er satt til {0}>{1}",
    "searches_atl_started": "Startet automatisk oversettelse av meldinger i denne kanalen.",
    "searches_atl_stopped": "Stoppet automatisk oversettelse av meldinger i denne kanalen.",
    "searches_bad_input_format": "Feil tilførings format, eller noe gikk galt",
    "searches_card_not_found": "Kunne ikke finne det kortet.",
    "searches_catfact": "fakta",
    "searches_chapters": "Kapittel",
    "searches_comic_number": "Tegneserie #",
    "searches_compet_loses": "Konkurerende tap",
    "searches_compet_played": "Konkurranser spillt",
    "searches_compet_rank": "Konkurrerende rangering",
    "searches_compet_wins": "Konkurerende vinn",
    "searches_completed": "Fullført",
    "searches_condition": "Betingelse",
    "searches_cost": "Kostnader",
    "searches_date": "Dato",
    "searches_define": "Definer:",
    "searches_dropped": "Droppet",
    "searches_episodes": "Episoder",
    "searches_error_occured": "En feil oppsto.",
    "searches_example": "Eksempel",
    "searches_failed_finding_anime": "Kunne ikke finne anime.",
    "searches_failed_finding_manga": "Kunne ikke finne manga",
    "searches_genres": "Sjangre",
    "searches_hashtag_error": "Fant ingen definisjon for det ordet",
    "searches_height_weight": "Høyde/vekt",
    "searches_height_weight_val": "{0}m/{1}kg",
    "searches_humidity": "Luftfuktighet",
    "searches_image_search_for": "Bildesøk for:",
    "searches_imdb_fail": "Kunne ikke finne den filmen.",
    "searches_invalid_lang": "Ugyldig kilde- eller målspråk.",
    "searches_jokes_not_loaded": "Kunne ikke laste vitser.",
    "searches_latlong": "Bred./Lengd.",
    "searches_level": "Nivå",
    "searches_list_of_place_tags": "Liste over {0}place stikkord",
    "searches_location": "Plassering",
    "searches_magicitems_not_loaded": "Magiske gjenstander ble ikke lastet",
    "searches_mal_profile": "{0} sin MAL profil",
    "searches_mashape_api_missing": "Bot eieren har ikke spesifiser MashapeApiKey. Du kan ikke bruke denne funksjonen.",
    "searches_min_max": "Min/Max",
    "searches_no_channel_found": "Ingen kanal funnet.",
    "searches_no_results": "Ingen resultater funnet.",
    "searches_on_hold": "På vent",
    "searches_original_url": "Original url",
    "searches_osu_api_key": "En 'osu!' API-nøkkel er nødvendig.",
    "searches_osu_failed": "Kunne ikke hente 'osu!' signatur.",
    "searches_over_x": "Fant mer enn {0} bilder. Viser tilfeldig {0}.",
    "searches_ow_user_not_found": "Bruker ikke funnet! Vennligst sjekk regionen og BattleTag før du prøver igjen.",
    "searches_plan_to_watch": "Planlegger å se",
    "searches_platform": "Plattform",
    "searches_pokemon_ability_none": "Ingen evne funnet.",
    "searches_pokemon_none": "Ingen pokemon funnet.",
    "searches_profile_link": "Profil link:",
    "searches_quality": "Kvalitet:",
    "searches_quick_playtime": "Rask spilletid",
    "searches_quick_wins": "Rask vinner",
    "searches_rating": "Vurdering",
    "searches_score": "Resultat:",
    "searches_search_for": "Søk etter:",
    "searches_shorten_fail": "Kunne forkorte den URLen.",
    "searches_short_url": "Kort url",
    "searches_something_went_wrong": "Noe gikk galt.",
    "searches_specify_search_params": "Vennligst oppgi søkeparametere.",
    "searches_status": "Status",
    "searches_store_url": "Butikk url",
    "searches_streamer_offline": "Streamer {0} er frakoblet.",
    "searches_streamer_online": "Streamer {0} er online med {1} seere.",
    "searches_streams_following": "Du følger {0} strømmer på denne serveren.",
    "searches_streams_none": "Du følger ikke noen strømmer på denne serveren.",
    "searches_stream_no": "Ingen slik strøm.",
    "searches_stream_not_exist": "Strømmen eksisterer sannsynligvis ikke.",
    "searches_stream_removed": "Fjernet {0} sin strøm ({1}) fra varslinger.",
    "searches_stream_tracked": "Jeg vil varsle denne kanalen når statusen endres.",
    "searches_sunrise": "Soloppgang",
    "searches_sunset": "Solnedgang",
    "searches_temperature": "Temperatur",
    "searches_title": "Tittel:",
    "searches_top_3_fav_anime": "Topp 3 favoritt animer:",
    "searches_translation": "Oversettelse:",
    "searches_types": "Typer",
    "searches_ud_error": "Kunne ikke finne definisjonen for dette ordet.",
    "searches_url": "URL",
    "searches_viewers": "Seere",
    "searches_watching": "Ser på",
    "searches_wikia_error": "Kunne ikke finne det ordet på den angitte Wikia.",
    "searches_wikia_input_error": "Vennligst skriv inn et mål-wikia, etterfulgt av søket.",
    "searches_wiki_page_not_found": "Side ikke funnet.",
    "searches_wind_speed": "Vindfart",
    "searches_x_most_banned_champs": "De {0} mest forbydde 'champions'",
    "searches_yodify_error": "Kunne ikke 'yodify' setningen din",
    "utiliity_joined": "Ble med",
    "utility_activity_line": "`{0}.` {1} [{2:F2}/s] - {3} totalt",
    "utility_activity_page": "Aktivitet side #{0}",
    "utility_activity_users_total": "{0} brukere totalt.",
    "utility_author": "Forfatter",
    "utility_botid": "BOT ID",
    "utility_calcops": "Liste over funksjoner i {0}calc kommandoen",
    "utility_channelid": "denne kanalens {0} er {1}",
    "utility_channel_topic": "Kanal emne",
    "utility_commands_ran": "Kommandoer kjørt",
    "utility_convert": "{0} {1} er lik {2} {3}",
    "utility_convertlist": "Enheter som kan brukes av omformeren",
    "utility_convert_not_found": "Kan ikke konvertere {0} til {1}: enheter ikke funnet",
    "utility_convert_type_error": "Kan ikke konvertere {0} til {1}: typer enheter er ikke lik",
    "utility_created_at": "Laget på",
    "utility_custom_emojis": "Spesiallagde emojier",
    "utility_error": "Feil",
    "utility_features": "Egenskaper",
    "utility_id": "ID",
    "utility_index_out_of_range": "Indeks utenfor rekkevidde.",
    "utility_inrole_list": "Liste over brukere i rollen {0}:",
    "utility_inrole_not_allowed": "Du har ikke lov til å bruke denne kommandoen på roller med mange brukere i dem for å hindre misbruk.",
    "utility_invalid_value": "Ugyldig {0} verdi.",
    "utility_joined_discord": "Ble med Discord",
    "utility_joined_server": "Ble med serveren",
    "utility_listservers": "ID: {0}\nMedlemmer: {1}\nEier ID: {2}",
    "utility_listservers_none": "Ingen servere funnet på denne siden.",
    "utility_list_of_repeaters": "Liste over gjentagende meldinger",
    "utility_members": "Medlemmer",
    "utility_memory": "Minne",
    "utility_messages": "Meldinger",
    "utility_message_repeater": "Meldingsgjentager",
    "utility_name": "Navn",
    "utility_nickname": "Kallenavn",
    "utility_nobody_playing_game": "Det er ingen som spiller det spillet.",
    "utility_no_active_repeaters": "Det er ingen aktive gjentagere.",
    "utility_no_roles_on_page": "Det er ingen roller på denne siden.",
    "utility_no_shards_on_page": "Det er ingen shards på denne siden.",
    "utility_no_topic_set": "Ingen emne er satt.",
    "utility_owner": "Eier",
    "utility_owner_ids": "Eier IDer",
    "utility_presence": "Tilstedeværelse",
    "utility_presence_txt": "{0} Servere\n{1} Tekst kanaler\n{2} Talekanaler",
    "utility_quotes_deleted": "Slettet alle sitater med nøkkelordet `{0}`.",
    "utility_quotes_page": "Side {0} med sitater",
    "utility_quotes_page_none": "Ingen sitater funnet på denne siden.",
    "utility_quotes_remove_none": "Ingen sitater funnet som du kan fjerne.",
    "utility_quote_added": "Sitat lagt til",
    "utility_quote_deleted": "Sitat #{0} slettet.",
    "utility_region": "Region",
    "utility_registered_on": "Registrert den",
    "utility_remind": "Jeg vil minne {0} på å {1} i {2} `({3:. d.M.yyyy} om {4:HH:mm})`",
    "utility_remind_invalid_format": "Ikke et gyldig format. Sjekk kommandolisten.",
    "utility_remind_template": "Ny påminnelses-mal satt",
    "utility_repeater": "Gjentar {0} hver {1} dag(er), {2} time(r) og {3} minutt(er).",
    "utility_repeaters_list": "Liste over gjentagere",
    "utility_repeaters_none": "Ingen gjentagere kjører på denne serveren",
    "utility_repeater_stopped": "#{0} stoppet.",
    "utility_repeat_invoke_none": "Ingen gjentagende meldinger funnet på denne serveren.",
    "utility_result": "Resultat",
    "utility_roles": "Roller",
    "utility_roles_all_page": "Side #{0} av alle roller på denne serveren:",
    "utility_roles_page": "Side #{0} av roller for {1}",
    "utility_rrc_no_colors": "Ingen farger er i riktig format. Bruk for eksempel `#00ff00`.",
    "utility_rrc_start": "Startet rotering av {0} rollens farge.",
    "utility_rrc_stop": "Stoppet rotering av farger for {0} rollen",
    "utility_serverid": "{0} av denne serveren er {1}",
    "utility_server_info": "Server info",
    "utility_shard": "Shard",
    "utility_shard_stats": "Shard status",
    "utility_shard_stats_txt": "Shard **#{0}** sin status: {1} med {2} servere - for {3} siden",
    "utility_showemojis": "**Navn:** {0} **Link:** {1}",
    "utility_showemojis_none": "Ingen spesielle emojier funnet.",
    "utility_stats_songs": "Spiller {0} sanger, {1} i kø.",
    "utility_text_channels": "Tekst kanaler",
    "utility_togtub_room_link": "Her er linken til rommet ditt:",
    "utility_uptime": "Oppetid",
    "utility_userid": "{0} til brukeren {1} er {2}",
    "utility_users": "Brukere",
    "utility_voice_channels": "Tale kanaler",
    "gambling_animal_race_already_in": "Du har allerede sluttet deg til dette løpet!",
    "games_current_poll_results": "Foreløpige stemmeresultater",
    "games_no_votes_cast": "Ingen stemmer samlet",
    "games_poll_already_running": "Det kjøres allerede en avstemming på serveren.",
    "games_poll_created": "📃 {0} har startet en avstemming som krever din oppmerksomhet:",
    "games_poll_result": "`{0}.` {1} med {2} stemmer.",
    "games_poll_voted": "{0} stemte.",
    "games_poll_vote_private": "Send meg en privat melding med korresponderende antall svar.",
    "games_poll_vote_public": "Send en melding her med tilsvarende nummer til ditt svar.",
    "games_thanks_for_voting": "Takk for at du stemte, {0}",
    "games_x_votes_cast": "{0} totalt stemmer avgitt.",
    "games_pick_pl": "Plukk dem opp ved å skrive `{0}pick`",
    "games_pick_sn": "Plukk den opp ved å skrive `{0}pick`",
    "gambling_no_users_found": "Ingen bruker funnet",
    "gambling_page": "side {0}",
    "administration_must_be_in_voice": "Du må være i en talekanal på denne serveren",
    "administration_no_vcroles": "Det finnes ingen stemmekanal-roller",
    "administration_user_muted_time": "{0} har blitt **dempet** fra tekst og tale i {1} minutt(er)",
    "administration_vcrole_added": "Brukere som blir med i talekanalen {0} får rollen {1}.",
    "administration_vcrole_removed": "Brukere som blir med i talekanalen {0} får ikke lenger noen rolle.",
    "administration_vc_role_list": "Stemmekanal-roller",
    "customreactions_crad_disabled": "Meldingen som aktiverer reaksjonen med ID {0} vil ikke bli automatisk slettet.",
    "customreactions_crad_enabled": "Meldingen som aktiverer reaksjonen med ID {0} vil bli automatisk slettet.",
    "customreactions_crdm_disabled": "Respons-meldingen for tilpasset reaksjon med ID {0} vil ikke bli sendt som DM.",
    "customreactions_crdm_enabled": "Respons-meldingen for tilpasset reaksjon med ID {0} vil bli sendt som DM",
    "utility_aliases_none": "Ingen alias funnet",
    "utility_alias_added": "{0} er nå alias for {1}",
    "utility_alias_list": "Liste over alias",
    "utility_alias_removed": "{0} har ikke lenger noe alias",
    "utility_alias_remove_fail": "{0} hadde ikke noe alias",
    "searches_compet_playtime": "Kompetitiv spilltid",
    "administration_channel": "Kanal",
    "administration_command_text": "Kommando tekst",
    "administration_kicked_pl": "Sparket",
    "administration_moderator": "Moderator",
    "administration_page": "side {0}",
    "administration_reason": "Grunn",
    "administration_scadd": "Ny oppstartskommando lagt til.",
    "administration_scrm": "Oppstartskommando fjernet.",
    "administration_scrm_fail": "Fant ikke oppstartskommando",
    "administration_server": "Server",
    "administration_startcmdlist_none": "Ingen oppstartskommandoer på denne siden.",
    "administration_startcmds_cleared": "Fjernet alle oppstartskommandoer",
    "administration_unbanned_user": "Bruker {0} er ikke lenger utestengt",
    "administration_user_not_found": "Fant ikke bruker.",
    "administration_user_warned": "Advarte bruker {0}",
    "administration_user_warned_and_punished": "Bruker {0} ble advart og straffet med {1}",
    "administration_warned_on": "Advart på server {0}",
    "administration_warned_on_by": "Den {0} kl. {1} av {2}",
    "administration_warnings_cleared": "Alle advarsler fjernet for {0}",
    "administration_warnings_none": "Ingen advarsler på denne siden.",
    "administration_warnlog_for": "Advarselslogg for {0}",
    "administration_warnpl_none": "Ingen straff satt.",
    "administration_warn_cleared_by": "fjernet av {0}",
    "administration_warn_punish_list": "Straffliste",
    "administration_warn_punish_rem": "Å ha {0} advarsler vil ikke lenger gi noen straff.",
    "administration_warn_punish_set": "Brukere med {1} advarsler vil bli straffet med {0}",
    "administration_slowmodewl_role_start": "Slowmode vil nå ignorere rollen {0}.",
    "administration_slowmodewl_role_stop": "Slowmode ignorerer ikke lenger rollen {0}.",
    "administration_slowmodewl_user_start": "Slowmode vil nå ignorere brukeren {0}.",
    "administration_slowmodewl_user_stop": "Slowmode vil ikke lenger ignorere brukeren {0}",
    "utility_clpa_fail": "Kunne ikke hevde premie p.g.a. én av følgende grunner:",
    "utility_clpa_fail_already": "Det er mulig du allerede har mottatt premien din for denne måneden. Du kan bare hevde premien én gang i måneden med mindre du øker summen.",
    "utility_clpa_fail_already_title": "Allerede belønnet.",
    "utility_clpa_fail_conn": "Din Discord konto er ikke tilkoblet Patreon. Om du er usikker på hva dette betyr, eller ikke er sikker på hvordan du gjør det, kan du gå til [Patreon kontoinnstillinger](https://patreon.com/settings/account) og klikk på 'Connect to Discord'-knappen.",
    "utility_clpa_fail_conn_title": "Discord kontoen er ikke tilknyttet.",
    "utility_clpa_fail_sup": "For å være kvalifisert for belønning, må du støtte prosjektet på Patreon. Du kan bruke {0} kommandoen for å få link.",
    "utility_clpa_fail_sup_title": "Støttes ikke",
    "utility_clpa_fail_wait": "Du må vente noen timer etter du har gitt ditt løfte. Prøv igjen om litt.",
    "utility_clpa_fail_wait_title": "Vent litt.",
    "utility_clpa_success": "Du har mottatt {0}. Takk for at du støtter prosjektet!",
    "utility_clpa_too_early": "Belønninger kan bare hevdes fra og med den 5. dagen i måneden.",
    "searches_time": "Tiden i {0} er {1} - {2}",
    "administration_rh": "Sett visning av rollen {0} til {1}.",
    "gambling_name": "Navn",
    "gambling_shop": "Butikk",
    "gambling_shop_item_add": "Gjenstand lagt til",
    "gambling_shop_none": "Ingen enheter funnet på denne siden.",
    "gambling_shop_role": "Du får rollen {0}",
    "gambling_type": "Type",
    "utility_clpa_next_update": "Neste oppdatering om {0}",
    "administration_gvc_disabled": "Funksjonen 'Talekanal for spill' er slått av.",
    "administration_gvc_enabled": "{0} er nå 'talekanal for spill'.",
    "administration_not_in_voice": "Du er ikke i en talekanal på denne serveren.",
    "gambling_item": "Gjenstand",
    "gambling_out_of_stock": "Tomt.",
    "gambling_random_unique_item": "Tilfeldig unik gjenstand.",
    "gambling_shop_buy_error": "Kunne ikke sende deg gjenstanden. Valuta refundert.",
    "gambling_shop_item_not_found": "Ingen gjenstand funnet på angitt plass.",
    "gambling_shop_item_purchase": "Kjøp av gjenstand er gjennomført.",
    "gambling_shop_item_rm": "Gjenstand fjernet fra butikk.",
    "gambling_shop_item_wrong_type": "Kan ikke legge til den typen gjenstand på den plasseringen.",
    "gambling_shop_list_item_added": "Enhet lagt til.",
    "gambling_shop_list_item_not_unique": "Den gjenstanden er allerede lagt til",
    "gambling_shop_purchase": "Kjøp på server {0}",
    "gambling_shop_role_not_found": "Rollen som blir solgt eksisterer ikke lenger.",
    "gambling_shop_role_purchase": "Du har kjøp rollen {0}",
    "gambling_shop_role_purchase_error": "Kunne ikke gi deg rollen. Kjøp kansellert og valuta refundert.",
    "gambling_unique_items_left": "{0} unike gjenstander igjen",
    "permissions_blocked_commands": "Blokkerte kommandoer",
    "permissions_blocked_modules": "Blokkerte moduler",
    "permissions_gcmd_add": "Kommandoen {0} er nå blokkert på alle servere.",
    "permissions_gcmd_remove": "Kommandoen {0} er nå tilgjengelig på alle servere.",
    "permissions_gmod_add": "Modulen {0} er nå blokkert på alle servere.",
    "permissions_gmod_remove": "Modulen {0} er nå tilgjengelig på alle servere.",
    "permissions_lgp_none": "Ingen blokkerte kommandoer eller moduler.",
    "gambling_animal_race_no_race": "Det er ikke plass til flere spillere.",
    "utility_cant_read_or_send": "Du kan ikke lese eller sende meldinger i den kanalen.",
    "utility_quotes_notfound": "Ingen sitater funnet med det ID nummeret.",
    "administration_prefix_current": "Denne serverens prefiks er {0}",
    "administration_prefix_new": "Endret prefiks fra {0} til {1}",
    "administration_defprefix_current": "Standard prefiks er {0}",
    "administration_defprefix_new": "Endret standard prefiks fra {0} til {1}",
    "administration_bot_nick": "Bot'ens kallenavn er nå {0}",
    "administration_user_nick": "{0} sitt kallenavn er nå {1}",
    "administration_timezone_guild": "Denne guilden sin tidssone er {0}",
    "administration_timezone_not_found": "Kunne ikke finne tidssone. Bruk \"timezone\"-kommandoen for å se en liste over tilgjengelige tidssoner.",
    "administration_timezones_available": "Tilgjengelige tidssoner",
    "music_song_not_found": "Kunne ikke finne sang",
    "searches_define_unknown": "Kunne ikke finne definisjonen for det ordet",
    "utility_repeater_initial": "Første repeterende melding vil bli sendt om {0}t og {1}m",
    "utility_verbose_errors_enabled": "Ukorrekt bruk av kommandoer vil nå vise feilmeldinger.",
    "utility_verbose_errors_disabled": "Ukorrekt bruk av kommandoer vil ikke lenger vise feilmeldinger.",
    "permissions_perms_reset": "Tillatelsene er tilbakestilt for denne serveren.",
    "permissions_trigger": "Tillatelse #{0} {1} forhindrer kommandoen i å bli utført.",
    "administration_migration_error": "En feil oppstod under migreringen. Sjekk konsollen for  mer informasjon.",
    "searches_hex_invalid": "Ugyldig fargekode.",
    "permissions_global_perms_reset": "Globale tillatelser er tilbakestilt.",
    "help_module": "Modul: {0}",
    "games_hangman_stopped": "Hangman stoppet.",
    "music_autoplaying": "Spiller:",
    "music_queue_stopped": "Avspiller stoppet. Bruk kommandoen {0} for å starte avspilling.",
    "music_removed_song_error": "Ingen sang med den indexen.",
    "music_shuffling_playlist": "Stokker sanger",
    "music_songs_shuffle_enable": "Sanger vil spilles av i tilfeldig rekkefølge fra nå.",
    "music_songs_shuffle_disable": "Sanger vil ikke lenger spilles av i tilfeldig rekkefølge.",
    "music_song_skips_after": "Sanger vil hoppe etter {0}",
    "administration_warnings_list": "Liste over advarte brukere på denne serveren."
}