{
    "clashofclans_base_already_claimed": "Esa base ya fue reclamada o destruida.",
    "clashofclans_base_already_destroyed": "Esa base ya fue destruida.",
    "clashofclans_base_already_unclaimed": "Esa base no ha sido reclamada.",
    "clashofclans_base_destroyed": "**Destruida** la base #{0} en la guerrra contra {1}",
    "clashofclans_base_unclaimed": "{0} ha **liberado** la base #{1} en la guerra contra {2}",
    "clashofclans_claimed_base": "{0} reclamó la base #{1} en la guerra contra {2}",
    "clashofclans_claimed_other": "@{0} Ya has reclamado la base #{1}. No puedes reclamar otra.",
    "clashofclans_claim_expired": "La reclamación de @{0} en la guerra contra {1} ha expirado.",
    "clashofclans_enemy": "Enemigo",
    "clashofclans_info_about_war": "Información sobre la guerra contra {0}",
    "clashofclans_invalid_base_number": "Número de base inválido.",
    "clashofclans_invalid_size": "No es un tamaño de guerra válido.",
    "clashofclans_list_active_wars": "Lista de guerras activas",
    "clashofclans_not_claimed": "no reclamada",
    "clashofclans_not_partic": "No estás participando en esa guerra.",
    "clashofclans_not_partic_or_destroyed": "@{0} No estás participando en esa guerra o esa base ya fue destruida.",
    "clashofclans_no_active_wars": "No hay guerra activa.",
    "clashofclans_size": "Tamaño",
    "clashofclans_war_already_started": "La guerra contra {0} ya ha iniciado.",
    "clashofclans_war_created": "La guerra contra {0} ha sido creada.",
    "clashofclans_war_ended": "La guerra contra {0} ha terminado.",
    "clashofclans_war_not_exist": "Esa guerra no existe.",
    "clashofclans_war_started": "¡La guerra contra {0} ha iniciado!",
    "customreactions_all_stats_cleared": "Las estadísticas de los comandos personalizados han sido borradas.",
    "customreactions_deleted": "Comando personalizado eliminado",
    "customreactions_insuff_perms": "Insuficientes permisos. Necesitas administrar propiamente el Bot para comandos globales y ser administrador del servidor para locales.",
    "customreactions_list_all": "Lista de todos los comandos personalizados",
    "customreactions_name": "Comandos personalizados",
    "customreactions_new_cust_react": "Nuevo comando personalizado",
    "customreactions_no_found": "No se ha encontrado el comando.",
    "customreactions_no_found_id": "No se ha encontrado ningún comando con esa ID.",
    "customreactions_response": "Respuesta",
    "customreactions_stats": "Estadísticas de los comandos personales",
    "customreactions_stats_cleared": "Estadísticas borradas para el comando personalizado {0}.",
    "customreactions_stats_not_found": "No se encontraron estadísticas.",
    "customreactions_trigger": "Escribe",
    "nsfw_autohentai_stopped": "Hentai automático detenido.",
    "nsfw_not_found": "Sin resultados.",
    "pokemon_already_fainted": "{0} ya ha sido derrotado.",
    "pokemon_already_full": "{0} ya tiene todo su HP.",
    "pokemon_already_that_type": "Tu tipo ya es {0}",
    "pokemon_attack": "usó {0}{1} en {2}{3} y le hizo {4} de daño.",
    "pokemon_cant_attack_again": "¡No puedes atacar de nuevo sin ser atacado!",
    "pokemon_cant_attack_yourself": "No puedes atacarte a ti mismo.",
    "pokemon_fainted": "¡{0} ha sido derrotado!",
    "pokemon_healed": "se curó {0} con una {1}",
    "pokemon_hp_remaining": "{0} le queda {1} de HP.",
    "pokemon_invalid_move": "No puedes usar {0}. Escribe `{1}ml` para ver la lista de movimientos que puedes usar.",
    "pokemon_moves": "Lista de movimientos para el tipo {0}",
    "pokemon_not_effective": "No es efectivo.",
    "pokemon_no_currency": "No tienes suficientes {0}",
    "pokemon_revive_other": "revivido {0} con una {1}",
    "pokemon_revive_yourself": "Te has revivido con una {0}",
    "pokemon_settype_success": "Tu tipo ha cambiado a {0} por una {1}",
    "pokemon_somewhat_effective": "Es efectivo.",
    "pokemon_super_effective": "¡Es superefectivo!",
    "pokemon_too_many_moves": "¡Has usado muchos movimientos seguidos, así que no puedes moverte!",
    "pokemon_type_of_user": "El tipo de {0} es {1}",
    "pokemon_user_not_found": "No encuentro ese usuario.",
    "pokemon_you_fainted": "¡Ya no puedes continuar!",
    "administration_aar_disabled": "**Rol autoasignable** en usuarios que ingresen **desactivado**.",
    "administration_aar_enabled": "**Rol autoasignable** en usuarios que ingresen **activado**.",
    "administration_attachments": "Adjuntos",
    "administration_avatar_changed": "Avatar cambiado",
    "administration_bandm": "Has sido bloqueado del servidor {0}. \nRazón: {1}",
    "administration_banned_pl": "bloqueados",
    "administration_banned_user": "Usuario bloqueado",
    "administration_bot_name": "Cambiado el nombre del Bot a {0}",
    "administration_bot_status": "Cambiado el estado del bot a {0}",
    "administration_byedel_off": "Eliminación automática de mensajes de despedida desactivada.",
    "administration_byedel_on": "Los mensajes de despedida serán eliminados después de {0} segundos.",
    "administration_byemsg_cur": "El mensaje de despedida actual es: {0}",
    "administration_byemsg_enable": "Activa los mensajes de despedida escribiendo {0}",
    "administration_byemsg_new": "Nuevo mensaje de despedida configurado.",
    "administration_bye_off": "Anuncio de despedida desactivado.",
    "administration_bye_on": "Anuncio de despedida activado en este canal.",
    "administration_ch_name_change": "Nombre del canal cambiado.",
    "administration_ch_old_name": "Nombre anterior",
    "administration_ch_topic_change": "Tema del canal cambiado",
    "administration_cleaned_up": "Ordenado.",
    "administration_content": "Contenido",
    "administration_cr": "Rol creado con éxito {0}",
    "administration_createtextchan": "Canal de texto {0} creado.",
    "administration_createvoich": "Canal de voz {0} creado.",
    "administration_deafen": "Ensordecimiento satisfactorio.",
    "administration_deleted_server": "Servidor {0} eliminado",
    "administration_delmsg_off": "Detenida la eliminación automática de comandos de invocación.",
    "administration_delmsg_on": "Eliminación automática de comandos de invocación activada.",
    "administration_deltextchan": "Canal de texto {0} eliminado.",
    "administration_delvoich": "Canal de voz {0} eliminado.",
    "administration_dm_from": "MP de",
    "administration_donadd": "Añadido nuevo donador satisfactoriamente. Total donado por este usuario: {0} 👑",
    "administration_donators": "¡Gracias a las personas enlistadas por apoyar el proyecto!",
    "administration_fwall_start": "Redirigiré los MPs a todos los administradores.",
    "administration_fwall_stop": "Redirigiré los MPs solamente al primer administrador.",
    "administration_fwdm_start": "Redirigiré los MPs desde ahora.",
    "administration_fwdm_stop": "Ya no redirigiré los MPs.",
    "administration_greetdel_off": "Eliminación automática de los mensajes de bienvenida desactivada.",
    "administration_greetdel_on": "Los mensajes de bienvenida serán eliminados después de {0} segundos.",
    "administration_greetdmmsg_cur": "Actual mensaje de bienvenida por MP: {0}",
    "administration_greetdmmsg_enable": "Activa los mensajes de bienvenida por MP escribiendo {0}",
    "administration_greetdmmsg_new": "Nuevo mensaje de bienvenida por MP configurado.",
    "administration_greetdm_off": "Anuncio de bienvenida por MP desactivado.",
    "administration_greetdm_on": "Anuncio de bienvenida por MP activado.",
    "administration_greetmsg_cur": "Mensaje de bienvenida actual: {0}",
    "administration_greetmsg_enable": "Activa los mensajes de bienvenida escribiendo {0}",
    "administration_greetmsg_new": "Nuevo mensaje de bienvenida configurado.",
    "administration_greet_off": "Anuncio de bienvenida desactivado.",
    "administration_greet_on": "Anuncio de bienvenida activado en este canal.",
    "administration_hierarchy": "No puedes usar este comando con usuarios que tienen un rol más alto o igual al tuyo.",
    "administration_images_loaded": "¡Imágenes cargadas después de {0} segundos!",
    "administration_invalid_format": "Formato de entrada no válido.",
    "administration_invalid_params": "Parámetros no válidos.",
    "administration_joined": "{0} ha entrado {1}",
    "administration_kickdm": "Has sido expulsado del servidor {0}.\nRazón: {1}",
    "administration_kicked_user": "Usuario expulsado:",
    "administration_lang_list": "Lista de lenguajes",
    "administration_lang_set": "El lenguaje local del servidor ahora es {0} - {1}",
    "administration_lang_set_bot": "Lenguaje local por defecto del Bot ahora es {0} - {1}",
    "administration_lang_set_bot_show": "Lenguaje del Bot configurado a {0} - {1}",
    "administration_lang_set_fail": "No pude configurar el lenguaje local. Revisa la ayuda.",
    "administration_lang_set_show": "El lenguaje del servidor fue configurado a {0} - {1}",
    "administration_left": "{0} ha salido {1}",
    "administration_left_server": "Servidor abandonado {0}",
    "administration_log": "Registrando los eventos de {0} en este canal.",
    "administration_log_all": "Registrando todos los eventos en este canal.",
    "administration_log_disabled": "Registro deshabilitado.",
    "administration_log_events": "Registro de eventos a los que te puedes suscribir:",
    "administration_log_ignore": "El registro ignorará {0}.",
    "administration_log_not_ignore": "El registro no ignorará {0}.",
    "administration_log_stop": "El registro de los eventos de {0} fue detenido.",
    "administration_menrole": "{0} ha pedido mención de los siguientes roles:",
    "administration_message_from_bo": "Mensaje de {0} `[Administrador del Bot]`:",
    "administration_message_sent": "Mensaje enviado.",
    "administration_moved": "{0} movido de {1} a {2}",
    "administration_msg_del": "Mensaje eliminado en #{0}",
    "administration_msg_update": "Mensaje actualizado en #{0}",
    "administration_muted_pl": "Silenciados.",
    "administration_muted_sn": "Silenciado.",
    "administration_mute_error": "No tengo los permisos necesarios.",
    "administration_mute_role_set": "Nuevo rol de Silenciar definido.",
    "administration_need_admin": "Necesito permisos de **administrador** para hacer eso.",
    "administration_new_msg": "Nuevo mensaje.",
    "administration_new_nick": "Nuevo apodo.",
    "administration_new_topic": "Nuevo tema.",
    "administration_nick_change": "Apodo cambiado.",
    "administration_no_server": "No se puede encontrar ese servidor.",
    "administration_no_shard_id": "No encontré un fragmento con esa ID.",
    "administration_old_msg": "Mensaje anterior",
    "administration_old_nick": "Apodo anterior",
    "administration_old_topic": "Tema anterior",
    "administration_perms": "Error. Creo que no tengo suficientes permisos.",
    "administration_perms_reset": "Los permisos de este servidor han sido reiniciados.",
    "administration_prot_active": "Protecciones activas",
    "administration_prot_disable": "{0} ha sido **desactivado** en este servidor.",
    "administration_prot_enable": "{0} activado",
    "administration_prot_error": "Error. Necesito permisos para administrar roles.",
    "administration_prot_none": "Sin protección activada.",
    "administration_raid_cnt": "La entrada del usuario debe ser entre {0} y {1}.",
    "administration_raid_stats": "Si {0} o más usuarios entran entre {1} segundos, los voy a {2}",
    "administration_raid_time": "El tiempo debe ser entre {0} y {1} segundos.",
    "administration_rar": "He removido todos los roles del usuario {0}",
    "administration_rar_err": "No pude remover los roles. No tengo suficientes permisos.",
    "administration_rc": "El color del rol {0} ha sido cambiado.",
    "administration_rc_not_exist": "Ese rol no existe.",
    "administration_rc_params": "Los parámetros especificados no son válidos.",
    "administration_rc_perms": "Error debido a un color no válido o insuficiencia de permisos.",
    "administration_remrole": "He removido satisfactoriamente el rol {0} del usuario {1}.",
    "administration_remrole_err": "No pude remover el rol. Insuficientes permisos.",
    "administration_renrole": "Rol renombrado.",
    "administration_renrole_err": "No pude renombrar el rol. No tengo suficientes permisos.",
    "administration_renrole_perms": "No puedes editar roles con más poder que el tuyo.",
    "administration_reprm": "Removido el mensaje de estado: {0}",
    "administration_role_added": "El rol {0} ha sido añadido a la lista.",
    "administration_role_clean": "No encontré {0}.",
    "administration_role_in_list": "El rol {0} ya está en la lista.",
    "administration_ropl_added": "Añadido.",
    "administration_ropl_disabled": "Rotación de estados desactivada.",
    "administration_ropl_enabled": "Rotación de estado activada.",
    "administration_ropl_list": "Aquí está la lista de rotaciones de estado: {0}",
    "administration_ropl_not_set": "No hay rotaciones de estado configuradas.",
    "administration_self_assign_already": "Ya tienes el rol {0}.",
    "administration_self_assign_already_excl": "Ya tienes el rol autoasignable exclusivo {0}.",
    "administration_self_assign_excl": "Ahora los roles autoasignables son exclusivos.",
    "administration_self_assign_list": "Hay {0} roles autoasignables.",
    "administration_self_assign_not": "Ese rol no es autoasignable.",
    "administration_self_assign_not_have": "No tienes el rol {0}.",
    "administration_self_assign_no_excl": "Los roles autoasignables ya no son exclusivos.",
    "administration_self_assign_perms": "No puedo añadirte ese rol. No puedo añadirle roles a administradores u otros roles con rangos más altos.",
    "administration_self_assign_rem": "{0} ha sido removido de la lista de roles autoasignables.",
    "administration_self_assign_remove": "Ya no tienes el rol {0}.",
    "administration_self_assign_success": "Ahora tienes el rol {0}.",
    "administration_setrole": "Añadido satisfactoriamente el rol {0} al usuario {1}.",
    "administration_setrole_err": "No pude añadir el rol. Insuficientes permisos.",
    "administration_set_avatar": "Nuevo avatar configurado.",
    "administration_set_channel_name": "Nuevo nombre del canal configurado.",
    "administration_set_game": "Nuevo juego configurado.",
    "administration_set_stream": "Nueva transmisión configurada.",
    "administration_set_topic": "Nuevo tema del canal configurado.",
    "administration_shard_reconnected": "Fragmento {0} reconectado.",
    "administration_shard_reconnecting": "Reconectando fragmento {0}.",
    "administration_shutting_down": "Apagando",
    "administration_slowmode_desc": "Los usuarios no pueden enviar más de {0} mensajes cada {1} segundos.",
    "administration_slowmode_disabled": "Modo lento desactivado.",
    "administration_slowmode_init": "Modo lento iniciado",
    "administration_soft_banned_pl": "advertidos (expulsado)",
    "administration_spam_ignore": "{0} ignorará este canal.",
    "administration_spam_not_ignore": "{0} no ignorará este canal.",
    "administration_spam_stats": "Si un usuario publica {0} el mismo mensaje rápidamente, voy a {1}.\n__CanalesIgnorados__: {2}",
    "administration_text_chan_created": "Canal de texto creado.",
    "administration_text_chan_destroyed": "Canal de texto removido.",
    "administration_undeafen": "Ensordecimiento removido.",
    "administration_unmuted_sn": "Desilenciado",
    "administration_username": "Nombre de usuario",
    "administration_username_changed": "Nombre de usuario cambiado",
    "administration_users": "Usuarios",
    "administration_user_banned": "Usuario bloqueado",
    "administration_user_chat_mute": "{0} ha sido **silenciado** del chat.",
    "administration_user_chat_unmute": "{0} ha sido **desilenciado** del chat.",
    "administration_user_joined": "Usuario se unió.",
    "administration_user_left": "Usuario se fue.",
    "administration_user_muted": "{0} ha sido **silenciado** de chat y voz.",
    "administration_user_role_add": "Rol del usuario añadido",
    "administration_user_role_rem": "Rol del usuario removido",
    "administration_user_status_change": "{0} ahora está {1}",
    "administration_user_unmuted": "{0} ha sido **desilenciado** de chat y voz.",
    "administration_user_vjoined": "{0} ha entrado al canal de voz {1}.",
    "administration_user_vleft": "{0} ha salido del canal de voz {1}.",
    "administration_user_vmoved": "{0} movido del canal de voz {1} a {2}.",
    "administration_user_voice_mute": "{0} ha sido **silenciado de voz**",
    "administration_user_voice_unmute": "{0} ha sido **desilenciado de voz**.",
    "administration_voice_chan_created": "Canal de voz creado",
    "administration_voice_chan_destroyed": "Canal de voz destruido",
    "administration_vt_disabled": "Desactivada la opción de voz + texto.",
    "administration_vt_enabled": "Activada la opción de voz + texto.",
    "administration_vt_exit": "No tengo los permisos para **administrar roles** y/o **administrar canales**, así que no puedo ejecutar `voz+texto` en el servidor {0}.",
    "administration_vt_no_admin": "Estás activando o desactivando esto y **no poseo permisos de ADMINISTRADOR**. Esto puede causar problemas y tendrás que arreglar los canales tú mismo después.",
    "administration_vt_perms": "Necesito permisos para **administrar roles** y **administrar canales** para hacer esto. De preferencia permisos de Administración.",
    "administration_xmuted_text": "Usuario {0} de chat.",
    "administration_xmuted_text_and_voice": "Usuario {0} de chat y voz.",
    "administration_xmuted_voice": "Usuario {0} del chat de voz",
    "administration_sbdm": "Has sido advertido en el servidor {0}. \nRazón: {1}",
    "administration_user_unbanned": "Usuario desbloqueado:",
    "administration_migration_done": "¡Migración terminada!",
    "administration_migration_error": "Error al migrar, revisa la consola para más información.",
    "administration_presence_updates": "Actualizaciones de presencia",
    "administration_sb_user": "Usuario advertido",
    "gambling_awarded": "le ha regalado {0} a {1}",
    "gambling_better_luck": "Suerte la próxima.",
    "gambling_br_win": "¡Felicitaciones! Ganaste {0} por sacar sobre {1}.",
    "gambling_deck_reshuffled": "Mazo reconstruido.",
    "gambling_flipped": "lanzó {0}",
    "gambling_flip_guess": "¡Adivinaste! Ganas {0}",
    "gambling_flip_invalid": "Número especificado no es válido. Puedes lanzar de 1 a {0} monedas.",
    "gambling_flowerreaction_desc": "Añade la reacción {0} a este mensaje para obtener {1} ",
    "gambling_flowerreaction_footer": "Este evento estará activo por {0} horas.",
    "gambling_flowerreaction_title": "¡Inicia el evento de reacción!",
    "gambling_gifted": "le ha regalado {0} a {1}",
    "gambling_has": "{0} tiene {1}",
    "gambling_heads": "Cara",
    "gambling_leaderboard": "Marcador",
    "gambling_mass_award": "Se han enviado {0} a {1} usuarios en el rol {2}.",
    "gambling_max_bet_limit": "No puedes apostar más de {0}",
    "gambling_min_bet_limit": "No puedes apostar menos de {0}",
    "gambling_not_enough": "No tienes suficientes {0}",
    "gambling_no_more_cards": "No hay más cartas en el mazo.",
    "gambling_raffled_user": "Usuario escogido:",
    "gambling_roll": "Sacaste {0}.",
    "gambling_slot_bet": "Apostó",
    "gambling_slot_jackpot": "¡Cielos! ¡Felicitaciones! x{0}",
    "gambling_slot_single": "Solo una {0}, x{1}",
    "gambling_slot_three": "¡Guau! ¡Suertudo! ¡Tres iguales! x{0}",
    "gambling_slot_two": "¡Buen trabajo! Dos {0} - Apostado x{1}",
    "gambling_slot_won": "Ganó",
    "gambling_sneakygamestatus_desc": "Los usuarios deben escribir un código secreto para obtener {0}. Quedan {1} segundos. No le digas a nadie.",
    "gambling_sneakygamestatus_end": "El evento de EstadoEscurridizo ha terminado. {0} recibieron el premio.",
    "gambling_sneakygamestatus_title": "Evento de EstadoEscurridizo iniciado",
    "gambling_tails": "Cruz",
    "gambling_take": "le quitó {0} a {1}",
    "gambling_take_fail": "no pudo quitarle {0} a {1} porque el usuario no tiene tal cantidad de {2}.",
    "help_back_to_toc": "Regresar a la tabla de contenidos",
    "help_bot_owner_only": "Solo el dueño del Bot.",
    "help_channel_permission": "Requiere {0} permisos del canal.",
    "help_cmdlist_donate": "Puedes apoyar el proyecto en Patreon: <{0}> o PayPal: <{1}>",
    "help_cmd_and_alias": "Comandos y alias",
    "help_commandlist_regen": "Lista de comandos regenerada.",
    "help_commands_instr": "Escribe `{0}h NombreDelComando` para recibir ayuda específica. Ej: `{0}h >8ball`",
    "help_command_not_found": "No puedo encontrar ese comando. Por favor verifica que el comando exista antes de tratar de nuevo.",
    "help_desc": "Descripción",
    "help_donate": "Puedes apoyar el proyecto de NadekoBot en\nPatreon <{0}> o\nPayPal <{1}>\nNo olvides dejar tu usuario de Discord o ID en el mensaje.\n\n*Gracias** ♥",
    "help_guide": "**Lista de comandos**. <{0}>\n**Las guías para albergar y documentos pueden ser encontrados aquí**: <{1}>",
    "help_list_of_commands": "Lista de comandos",
    "help_list_of_modules": "Lista de módulos",
    "help_modules_footer": "Escribe `{0}cmds NombreDelMódulo` para obtener una lista de comandos en ese módulo. Ej: `{0}cmds games`",
    "help_module_not_found": "Ese módulo no existe.",
    "help_server_permission": "Requiere {0} permisos del servidor",
    "help_table_of_contents": "Tabla de contenidos",
    "help_usage": "Uso",
    "nsfw_autohentai_started": "Hentai automático iniciado. Publicando cada {0}s con los siguientes tags: \n{1}",
    "nsfw_tag": "Tag",
    "gambling_animal_race": "Carrera de animales",
    "gambling_animal_race_failed": "No pude iniciar la carrera porque no hay suficientes participantes.",
    "gambling_animal_race_full": "¡Todo listo! ¡Allá vamos!",
    "gambling_animal_race_join": "{0} entró como  un {1}",
    "gambling_animal_race_join_bet": "{0} entró como un {1} y apostó {2}.",
    "gambling_animal_race_join_instr": "Escribe {0}jr para entrar en la carrera.",
    "gambling_animal_race_starting": "Empezaremos en 20 segundos o cuando ya no haya lugar.",
    "gambling_animal_race_starting_with_x": "Empezando con {0} participantes.",
    "gambling_animal_race_won": "{0} como un {1} ganó la carrera.",
    "gambling_animal_race_won_money": "{0} como un {1} ganó la carrera y {2}.",
    "gambling_dice_invalid_number": "Número especificado no válido. Puedes lanzar {0}-{1} dados a la vez.",
    "gambling_dice_rolled": "sacaste {0}",
    "gambling_dice_rolled_num": "Dado lanzado: {0}",
    "gambling_race_failed_starting": "No pude iniciar la carrera. Probablemente otra está en curso.",
    "gambling_race_not_exist": "No hay carrera en este servidor.",
    "gambling_second_larger_than_first": "El segundo número debe ser más largo que el primero.",
    "gambling_changes_of_heart": "Cambios de opinión",
    "gambling_claimed_by": "Reclamado por",
    "gambling_divorces": "Divorcios",
    "gambling_likes": "Le gusta",
    "gambling_price": "Precio",
    "gambling_waifus_none": "Ninguna waifu ha sido reclamada aún.",
    "gambling_waifus_top_waifus": "Top de waifus",
    "gambling_waifu_affinity_already": "tu afinidad ya ha sido configurada hacia esa waifu o intentas remover tu afinidad sin tenerla.",
    "gambling_waifu_affinity_changed": "cambió su afinidad de {0} a {1}.\n\n*Esto es moralmente cuestionable.* 🤔",
    "gambling_waifu_affinity_cooldown": "Debes esperar {0} horas y {1} minutos para cambair tu afinidad otra vez.",
    "gambling_waifu_affinity_reset": "Tu afinidad ha sido reiniciada. Ya no tienes una persona que te guste.",
    "gambling_waifu_affinity_set": "quiere ser la waifu de {0}. Aww <3",
    "gambling_waifu_claimed": "reclamó a {0} como su waifu por {1}",
    "gambling_waifu_divorced_like": "Te has divorciado de una waifu que te quería. Monstruo sin corazón. {0} recibió {1} como compensación.",
    "gambling_waifu_egomaniac": "no puedes configurar tu afinidad hacia ti mismo, ególatra.",
    "gambling_waifu_fulfilled": "🎉 ¡Su amor es correspondido! 🎉\n¡El nuevo valor de {0} es {1}!",
    "gambling_waifu_isnt_cheap": "Ninguna waifu es tan barata. Debes pagar al menos {0} para obtener una waifu, aunque su valor actual sea menor.",
    "gambling_waifu_not_enough": "¡Debes pagar {0} o más para reclamar esa waifu!",
    "gambling_waifu_not_yours": "Esa waifu no es tuya.",
    "gambling_waifu_not_yourself": "No puedes reclamarte a ti mismo.",
    "gambling_waifu_recent_divorce": "Te divorciaste recientemente. Debes esperar {0} horas y {1} minutos para divorciarte otra vez.",
    "gambling_nobody": "Nadie",
    "gambling_waifu_divorced_notlike": "Te has divorciado de una waifu que no te quería. Recibes {0} de regreso.",
    "games_8ball": "Bola 8",
    "games_acrophobia": "Acrofobia",
    "games_acro_ended_no_sub": "El juego terminó sin oraciones.",
    "games_acro_no_votes_cast": "Nadie votó. El juego ha terminado sin ganador.",
    "games_acro_nym_was": "El acrónimo era {0}.",
    "games_acro_running": "Acrofobia ya se está ejecutando en este canal.",
    "games_acro_started": "Inicia el juego. Crea una oración con el siguiente acrónimo: {0}.",
    "games_acro_started_footer": "Tienes {0} segundos para enviar tu oración.",
    "games_acro_submit": "{0} envió su oración. ({1} en total)",
    "games_acro_vote": "Vota escribiendo el número correspondiente.",
    "games_acro_vote_cast": "¡{0} votó!",
    "games_acro_winner": "El ganador es {0} con {1} puntos.",
    "games_acro_winner_only": "¡{0} gana por ser el único que envió una oración!",
    "games_question": "Pregunta",
    "games_rps_draw": "¡Empate! Ambos eligieron {0}",
    "games_rps_win": "¡{0} gana! {1} vence {2}",
    "games_submissions_closed": "Envíos cerrados",
    "gambling_animal_race_already_started": "La carrera de animales ya está en ejecución.",
    "gambling_total_average": "Total: {0} Promedio: {1}",
    "games_category": "Categoría",
    "games_cleverbot_disabled": "Cleverbot desactivado en este servidor.",
    "games_cleverbot_enabled": "Cleverbot activado en este servidor.",
    "games_curgen_disabled": "La generación de moneda ha sido desactivada en este canal.",
    "games_curgen_enabled": "La generación de moneda ha sido activada en este canal.",
    "games_curgen_pl": "{0} {1} aparecieron.",
    "games_curgen_sn": "¡Una {0} apareció!",
    "games_failed_loading_question": "No pude cargar la pregunta.",
    "games_game_started": "Juego iniciado",
    "games_hangman_game_started": "Juego del ahorcado iniciado",
    "games_hangman_running": "Un juego del ahorcado ya se está ejecutando en este canal.",
    "games_hangman_start_errored": "Error iniciando el ahorcado.",
    "games_hangman_types": "Lista de \"{0}hangman\" términos:",
    "games_leaderboard": "Marcador",
    "games_not_enough": "No tienes suficientes {0}",
    "games_no_results": "Sin resultados",
    "games_picked": "recogió {0}",
    "games_planted": "{0} plantó {1}",
    "games_trivia_already_running": "Ya se está ejecutando una trivia en este servidor.",
    "games_trivia_game": "Trivia",
    "games_trivia_guess": "¡{0} adivinó! La respuesta era: {1}",
    "games_trivia_none": "No se está ejecutando ninguna trivia en este servidor.",
    "games_trivia_points": "{0} tiene {1} puntos",
    "games_trivia_stopping": "La trivia se detendrá luego de esta pregunta.",
    "games_trivia_times_up": "¡Tiempo! La respuesta correcta era {0}",
    "games_trivia_win": "¡{0} adivinó y ganó el juego! La respuesta era: {1}",
    "games_ttt_against_yourself": "No puedes jugar contra ti mismo.",
    "games_ttt_already_running": "El juego de Tres en raya ya se ha iniciado en este canal.",
    "games_ttt_a_draw": "¡Empate!",
    "games_ttt_created": "ha creado un juego de Tres en raya.",
    "games_ttt_has_won": "¡{0} gana!",
    "games_ttt_matched_three": "Hizo coincidir tres",
    "games_ttt_no_moves": "¡No quedan más movimientos!",
    "games_ttt_time_expired": "¡Tiempo!",
    "games_ttt_users_move": "Movimiento de {0}",
    "games_vs": "{0} vs {1}",
    "music_attempting_to_queue": "Intentando añadir a la cola {0} canciones...",
    "music_autoplay_disabled": "Reproducción automática desactivada.",
    "music_autoplay_enabled": "Reproducción automática activada.",
    "music_defvol_set": "El volumen por defecto configurado es {0}%",
    "music_dir_queue_complete": "Directorio completo",
    "music_fairplay": "Juego limpio",
    "music_finished_song": "Canción finalizada",
    "music_fp_disabled": "Juego limpio desactivado.",
    "music_fp_enabled": "Juego limpio activado.",
    "music_from_position": "De la posición",
    "music_id": "ID",
    "music_invalid_input": "Entrada no válida.",
    "music_max_playtime_none": "Tiempo de reproducción sin límite.",
    "music_max_playtime_set": "Tiempo de reproducción máximo configurado en {0} segundo(s).",
    "music_max_queue_unlimited": "Tamaño máximo de la cola configurada en ilimitado.",
    "music_max_queue_x": "Tamaño máximo de la cola configurado en {0} canción(es).",
    "music_must_be_in_voice": "Tienes que estar en un canal de voz.",
    "music_name": "Nombre",
    "music_now_playing": "Reproduciendo",
    "music_no_player": "No hay reproducción activa.",
    "music_no_search_results": "Sin resultados.",
    "music_paused": "Música pausada.",
    "music_player_queue": "Cola - Página {0}/{1}",
    "music_playing_song": "Reproduciendo",
    "music_playlists": "`#{0}` - **{1}** por *{2}* ({3} canciones)",
    "music_playlists_page": "Página {0} de listas de reproducción guardadas.",
    "music_playlist_deleted": "Lista de reproducción eliminada.",
    "music_playlist_delete_fail": "No pude eliminar esa lista. O no existe, o no eres el autor.",
    "music_playlist_id_not_found": "No existe una lista con tal ID.",
    "music_playlist_queue_complete": "Cola de lista de reproducción completa.",
    "music_playlist_saved": "Lista de reproducción guardada",
    "music_play_limit": "Límite de {0}",
    "music_queue": "Cola.",
    "music_queued_song": "Canción en cola.",
    "music_queue_cleared": "Se eliminó la cola de música.",
    "music_queue_full": "La cola está llena con {0}/{0}.",
    "music_removed_song": "Canción eliminada",
    "music_repeating_cur_song": "Repitiendo la canción actual",
    "music_repeating_playlist": "Repitiendo lista de reproducción",
    "music_repeating_track": "Repitiendo canción",
    "music_repeating_track_stopped": "Repetición de la canción actual detenida.",
    "music_resumed": "Reproducción resumida",
    "music_rpl_disabled": "Repetición de listas de reproducción desactivada.",
    "music_rpl_enabled": "Repetición de listas de reproducción activada.",
    "music_set_music_channel": "Desde ahora publicaré la reproducción, finalización, pausa y eliminación de canciones en este canal.",
    "music_skipped_to": "Saltado a `{0}:{1}`",
    "music_songs_shuffled": "Canciones reorganizadas.",
    "music_song_moved": "Canción movida",
    "music_time_format": "{0}h {1}m {2}s",
    "music_to_position": "A la posición",
    "music_unlimited": "ilimitada",
    "music_volume_input_invalid": "El volumen debe ser entre 0 y 100.",
    "music_volume_set": "Volumen definido en {0}%",
    "permissions_acm_disable": "Desactivado el uso de todos los módulos en el canal {0}.",
    "permissions_acm_enable": "Activado el uso de todos los módulos en el canal {0}.",
    "permissions_allowed": "Permitido",
    "permissions_arm_disable": "Desactivado el uso de todos los módulos para el rol {0}.",
    "permissions_arm_enable": "Activado el uso de todos los módulos para el rol {0}.",
    "permissions_asm_disable": "Desactivado el uso de todos los módulos en este servidor.",
    "permissions_asm_enable": "Activado el uso de todo los módulos en este servidor.",
    "permissions_aum_disable": "Desactivado el uso de todos los módulos para el usuario {0}.",
    "permissions_aum_enable": "Activado el uso de todos los módulos para el usuario {0}.",
    "permissions_blacklisted": "Enviado a la lista negra a: {0} con la ID: {1}",
    "permissions_cmdcd_add": "El comando {0} ahora tiene {1} de enfriamiento.",
    "permissions_cmdcd_cleared": "El comando {0} ya no tiene enfriamiento y todos los tiempos de enfriamiento han sido reiniciados.",
    "permissions_cmdcd_none": "No se ha configurado tiempo de enfriamiento.",
    "permissions_command_costs": "Costo del comando",
    "permissions_cx_disable": "Desactivado el uso de {0} {1} en el canal {2}.",
    "permissions_cx_enable": "Activado el uso de {0} {1} en el canal {2}.",
    "permissions_denied": "Prohibido",
    "permissions_filter_word_add": "Se ha añadido la palabra {0} a la lista de palabras filtradas.",
    "permissions_filter_word_list": "Lista de palabras filtradas",
    "permissions_filter_word_remove": "Removida la palabra {0} de la lista de palabras filtradas.",
    "permissions_invalid_second_param_between": "Segundo parámetro no válido. (Debe ser un número entre {0} y {1})",
    "permissions_invite_filter_channel_off": "Filtro de invitaciones desactivado en este canal.",
    "permissions_invite_filter_channel_on": "Filtro de invitaciones activado en este canal.",
    "permissions_invite_filter_server_off": "Filtro de invitaciones desactivado en este servidor.",
    "permissions_invite_filter_server_on": "Filtro de invitaciones activado en este servidor.",
    "permissions_moved_permission": "Permiso {0} movido de #{1} a #{2}",
    "permissions_not_found": "No puedo encontrar el permiso en #{0}",
    "permissions_no_costs": "No hay costo configurado.",
    "permissions_of_command": "comando",
    "permissions_of_module": "módulo",
    "permissions_page": "Página de permisos {0}",
    "permissions_permrole": "El rol de permisos actual es {0}",
    "permissions_permrole_changed": "Los usuarios ahora requieren el rol {0} para editar permisos.",
    "permissions_perm_out_of_range": "No se encontraron permisos.",
    "permissions_removed": "permisos removidos #{0} - {1}",
    "permissions_rx_disable": "Desactivado el uso de {0} {1} para el rol {2}.",
    "permissions_rx_enable": "Activado el uso de {0} {1} para el rol {2}.",
    "permissions_sec": "seg.",
    "permissions_sx_disable": "Desactivado el uso de {0} {1} en este servidor.",
    "permissions_sx_enable": "Activado el uso de {0} {1} en este servidor.",
    "permissions_unblacklisted": "Removido de la lista negra a: {0} con la ID: {1}",
    "permissions_uneditable": "ineditable",
    "permissions_ux_disable": "Desactivado el uso de {0} {1} para el usuario {2}.",
    "permissions_ux_enable": "Activado el uso de {0} {1} para el usuario {2}.",
    "permissions_verbose_false": "No mostraré más advertencias de permisos.",
    "permissions_verbose_true": "Desde ahora mostraré las advertencias de permisos.",
    "permissions_word_filter_channel_off": "Filtro de groserías desactivado en este canal.",
    "permissions_word_filter_channel_on": "Filtro de groserías activado en este canal.",
    "permissions_word_filter_server_off": "Filtro de groserías desactivado en este servidor.",
    "permissions_word_filter_server_on": "Filtro de groserías activado en este servidor.",
    "searches_abilities": "Habilidades",
    "searches_anime_no_fav": "No tiene anime favorito aún",
    "searches_atl_ad_started": "Iniciada la traducción automática de mensajes en este canal. Los mensajes del usuario serán eliminados automáticamente.",
    "searches_atl_removed": "tu lenguaje de traducción automática ha sido removido.",
    "searches_atl_set": "Tu lenguaje de traducción automática ha sido configurado a {0}>{1}",
    "searches_atl_started": "Iniciada la traducción automática de mensajes en este canal.",
    "searches_atl_stopped": "Detenida la traducción automática de mensajes en este canal.",
    "searches_bad_input_format": "Mal formato o algo salió mal.",
    "searches_card_not_found": "No encontré esa carta.",
    "searches_catfact": "hecho",
    "searches_chapters": "Capítulos",
    "searches_comic_number": "Cómic #",
    "searches_compet_loses": "Pérdidas en competitivo",
    "searches_compet_played": "Juegos en competitivo",
    "searches_compet_rank": "Rango en competitivo",
    "searches_compet_wins": "Victorias en competitivo",
    "searches_completed": "Completadas",
    "searches_condition": "Condición",
    "searches_cost": "Costo",
    "searches_date": "Fecha",
    "searches_define": "Defininir:",
    "searches_dropped": "Dejadas de ver",
    "searches_episodes": "Episodios",
    "searches_error_occured": "Ocurrió un error.",
    "searches_example": "Ejemplo",
    "searches_failed_finding_anime": "No encontré ese anime.",
    "searches_failed_finding_manga": "No encontré ese manga.",
    "searches_genres": "Géneros",
    "searches_hashtag_error": "No encontré una definición para ese tag.",
    "searches_height_weight": "Altura/Peso",
    "searches_height_weight_val": "{0}m/{1}kg",
    "searches_humidity": "Humedad",
    "searches_image_search_for": "Búsqueda de imagen para:",
    "searches_imdb_fail": "No encontré esa película.",
    "searches_invalid_lang": "Fuente o lenguaje no válido.",
    "searches_jokes_not_loaded": "No se cargaron las bromas.",
    "searches_latlong": "Lat/Long",
    "searches_level": "Nivel",
    "searches_list_of_place_tags": "Lista de tags en {0}place",
    "searches_location": "Locación",
    "searches_magicitems_not_loaded": "Objetos mágicos no cargados.",
    "searches_mal_profile": "Perfil de MAL de {0}",
    "searches_mashape_api_missing": "El dueño del Bot no especificó una MashapeApiKey. No puedes usar esto.",
    "searches_min_max": "Mín/Máx",
    "searches_no_channel_found": "No encontré ese canal.",
    "searches_no_results": "Sin resultados.",
    "searches_on_hold": "En espera",
    "searches_original_url": "Enlace original",
    "searches_osu_api_key": "Se requiere una clave de API de osu!",
    "searches_osu_failed": "No pude encontrar esa firma de osu!",
    "searches_over_x": "Encontré alrededor de {0} imágenes. Mostrando {0} aleatorias.",
    "searches_ow_user_not_found": "¡Usuario no encontrado! Por favor revisa la región y BattleTag antes de intentar de nuevo.",
    "searches_plan_to_watch": "Planeadas ver",
    "searches_platform": "Plataforma",
    "searches_pokemon_ability_none": "No encontré tal habilidad.",
    "searches_pokemon_none": "No encontré ese Pokémon.",
    "searches_profile_link": "Enlace al perfil:",
    "searches_quality": "Atributo:",
    "searches_quick_playtime": "Reproducción rápida:",
    "searches_quick_wins": "Victorias rápidas",
    "searches_rating": "Rating",
    "searches_score": "Puntuación:",
    "searches_search_for": "Búsqueda para:",
    "searches_shorten_fail": "No pude acortar ese enlace.",
    "searches_short_url": "Enlace acortado",
    "searches_something_went_wrong": "Algo salió mal.",
    "searches_specify_search_params": "Por favor especifica parámetros de búsqueda.",
    "searches_status": "Estado",
    "searches_store_url": "Guardar enlace",
    "searches_streamer_offline": "El usuario {0} está desconectado.",
    "searches_streamer_online": "El usuario {0} está en línea con {1} espectadores.",
    "searches_streams_following": "Estás siguiendo {0} transmisiones en este servidor.",
    "searches_streams_none": "No estás siguiendo ninguna transmisión en este servidor.",
    "searches_stream_no": "No existe esa transmisión.",
    "searches_stream_not_exist": "La transmisión probablemente no existe.",
    "searches_stream_removed": "Removida la transmisión de {0} ({1}) de las notificaciones.",
    "searches_stream_tracked": "Notificaré en este canal cuando el estado cambie.",
    "searches_sunrise": "Salida del sol",
    "searches_sunset": "Puesta del sol",
    "searches_temperature": "Temperatura",
    "searches_title": "Título:",
    "searches_top_3_fav_anime": "Top 3 de anime favoritos:",
    "searches_translation": "Traducción:",
    "searches_types": "Tipos:",
    "searches_ud_error": "No pude encontrar una definición para ese término.",
    "searches_url": "Enlace",
    "searches_viewers": "Espectadores",
    "searches_watching": "Mirando",
    "searches_wikia_error": "No pude encontrar ese término en la Wikia especificada.",
    "searches_wikia_input_error": "Por favor ingresa la Wikia seguido por el término de búsqueda.",
    "searches_wiki_page_not_found": "Página no encontrada.",
    "searches_wind_speed": "Velocidad del viento",
    "searches_x_most_banned_champs": "Los {0} campeones más bloqueados",
    "searches_yodify_error": "No pude yodificar tu oración",
    "utiliity_joined": "Entró",
    "utility_activity_line": "`{0}.` {1} [{2:F2}/s] - {3} en total",
    "utility_activity_page": "Página de actividad #{0}",
    "utility_activity_users_total": "{0} usuarios en total.",
    "utility_author": "Autor",
    "utility_botid": "ID del Bot",
    "utility_calcops": "Lista de funciones en el comando {0}calc",
    "utility_channelid": "{0} de este canal es {1}",
    "utility_channel_topic": "Tema del canal",
    "utility_commands_ran": "Comandos ejecutados",
    "utility_convert": "{0} {1} es igual a {2} {3}",
    "utility_convertlist": "Unidades que pueden ser usadas por el conversor",
    "utility_convert_not_found": "No pude convertir {0} a {1}: Unidades no encontradas",
    "utility_convert_type_error": "No pude convertir {0} a  {1}: el tipo de unidad no es igual",
    "utility_created_at": "Creada el",
    "utility_csc_join": "Entró al canal del cruce de servidor.",
    "utility_csc_leave": "Salió del canal del cruce de servidor.",
    "utility_csc_token": "Este es tu token CSC",
    "utility_custom_emojis": "Emoticones personales",
    "utility_error": "Error",
    "utility_features": "Características",
    "utility_id": "ID",
    "utility_index_out_of_range": "Entrada fuera de rango",
    "utility_inrole_list": "Lista de usuarios en el rol {0}",
    "utility_inrole_not_allowed": "No tienes permitido usar este comando en roles con muchos usuarios para prevenir abuso.",
    "utility_invalid_value": "Valor en {0} no válido.",
    "utility_joined_discord": "Ingresó a Discord",
    "utility_joined_server": "Ingresó al servidor",
    "utility_listservers": "ID: {0}\nMiembros: {1}\nIDs de dueños: {2}",
    "utility_listservers_none": "No encontré servidores en esa página.",
    "utility_list_of_repeaters": "Lista de repetidores",
    "utility_members": "Miembros",
    "utility_memory": "Memoria",
    "utility_messages": "Mensajes",
    "utility_message_repeater": "Repetidor de mensajes",
    "utility_name": "Nombre",
    "utility_nickname": "Apodo",
    "utility_nobody_playing_game": "Nadie está jugando eso.",
    "utility_no_active_repeaters": "No hay repeticiones activas",
    "utility_no_roles_on_page": "No hay roles en esta página.",
    "utility_no_shards_on_page": "No hay fragmentos en esta página.",
    "utility_no_topic_set": "No hay tema configurado.",
    "utility_owner": "Dueño",
    "utility_owner_ids": "ID del dueño",
    "utility_presence": "Presencia",
    "utility_presence_txt": "{0} servidores\n{1} canales de texto\n{2} canales de voz",
    "utility_quotes_deleted": "Eliminadas todas las citas con la palabra clave {0}",
    "utility_quotes_page": "Página {0} de citas",
    "utility_quotes_page_none": "No se encontraron citas que coincidan con la ID especificada.",
    "utility_quotes_remove_none": "No hay citas que puedas remover",
    "utility_quote_added": "Cita añadida",
    "utility_quote_deleted": "Cita #{0} eliminada.",
    "utility_region": "Región",
    "utility_registered_on": "Registrado el",
    "utility_remind": "Le recordaré a {0} que {1} en {2} `({3:d.M.yyyy.} a las {4:HH:mm})`",
    "utility_remind_invalid_format": "Formato de tiempo no válido. Revisa la lista de comandos.",
    "utility_remind_template": "Nueva plantilla de recordatorio configurada.",
    "utility_repeater": "Repitiendo {0} cada {1} día(s), {2} hora(s) y {3} minuto(s).",
    "utility_repeaters_list": "Lista de repeticiones",
    "utility_repeaters_none": "No hay repetidores ejecutándose.",
    "utility_repeater_stopped": "#{0} detenido.",
    "utility_repeat_invoke_none": "No hay repeticiones de mensajes en este servidor.",
    "utility_result": "Resultado",
    "utility_roles": "Roles",
    "utility_roles_all_page": "Página #{0} de todos los roles en este servidor.",
    "utility_roles_page": "Página #{0} de roles para {1}",
    "utility_rrc_no_colors": "Los colores no están en el formato correcto. Usa `#00ff00` por ejemplo.",
    "utility_rrc_start": "Iniciada la rotación de colores para el rol {0}.",
    "utility_rrc_stop": "Detenida la rotación de colores para el rol {0}",
    "utility_serverid": "{0} de este servidor es {1}",
    "utility_server_info": "Información del servidor",
    "utility_shard": "Fragmento.",
    "utility_shard_stats": "Estadísticas del fragmento.",
    "utility_shard_stats_txt": "Fragmento **#{0}** está en estado {1} con {2} servidores.",
    "utility_showemojis": "**Nombre:** {0} **Enlace:** {1}",
    "utility_showemojis_none": "No encontré emoticones especiales.",
    "utility_stats_songs": "Reproduciendo {0} canciones, {1} en cola.",
    "utility_text_channels": "Canales de texto",
    "utility_togtub_room_link": "Aquí está el enlace a tu cuarto:",
    "utility_uptime": "Tiempo en línea",
    "utility_userid": "{0} del usuario {1} es {2}",
    "utility_users": "Usuarios",
    "utility_voice_channels": "Canales de voz",
    "gambling_animal_race_already_in": "¡Ya entraste a esta carrera!",
    "games_current_poll_results": "Resultados de la encuesta",
    "games_no_votes_cast": "Sin votos.",
    "games_poll_already_running": "Ya hay una encuesta en ejecución.",
    "games_poll_created": "📃 {0} ha creado una encuesta que requiere de tu atención.",
    "games_poll_result": "`{0}.` {1} con {2} votos.",
    "games_poll_voted": "{0} votó.",
    "games_poll_vote_private": "Envíame un mensaje privado con el número correspondiente a la respuesta.",
    "games_poll_vote_public": "Envía un mensaje aquí con el número correspondiente a la respuesta.",
    "games_thanks_for_voting": "Gracias por votar, {0}",
    "games_x_votes_cast": "{0} votos totales.",
    "games_pick_pl": "Tómalas escribiendo `{0}pick`",
    "games_pick_sn": "Tómala escribiendo `{0}pick`",
    "gambling_no_users_found": "No encontré ese usuario.",
    "gambling_page": "página {0}",
    "administration_must_be_in_voice": "debes estar en un canal de voz.",
    "administration_no_vcroles": "No hay roles para el canal de voz.",
    "administration_user_muted_time": "{0} ha sido **silenciado** de chat y voz por {1} minutos.",
    "administration_vcrole_added": "Los usuarios que entren al canal de voz {0} obtendrán el rol {1}.",
    "administration_vcrole_removed": "Los usuarios que entren al canal de voz {0} ya no obtendrán un rol.",
    "administration_vc_role_list": "Roles para el canal de voz",
    "customreactions_crad_disabled": "El mensaje de ejecución del comando personalizado con la ID {0} no será eliminado automáticamente.",
    "customreactions_crad_enabled": "El mensaje de ejecución del comando personalizado con la ID {0} será eliminado automáticamente.",
    "customreactions_crdm_disabled": "Respuesta del mensaje para el comando personalizado con la ID {0} no será enviada como MP.",
    "customreactions_crdm_enabled": "Respuesta del mensaje para el comando personalizado con la ID {0} será enviada como MP.",
    "utility_aliases_none": "No encontré ningún alias.",
    "utility_alias_added": "Escribir {0} ahora será un alias de {1}.",
    "utility_alias_list": "Lista de alias",
    "utility_alias_removed": "El comando {0} ya no tiene un alias.",
    "utility_alias_remove_fail": "El comando {0} no tiene un alias.",
    "searches_compet_playtime": "Tiempo de juego en competitivo",
    "administration_channel": "Canal",
    "administration_command_text": "Comando de texto",
    "administration_kicked_pl": "Expulsados",
    "administration_moderator": "Moderador",
    "administration_page": "Página {0}",
    "administration_reason": "Razón",
    "administration_scadd": "Nuevo comando de inicio añadido.",
    "administration_scrm": "Comando de inicio removido satisfactoriamente.",
    "administration_scrm_fail": "Comando de inicio no encontrado.",
    "administration_server": "Servidor",
    "administration_startcmdlist_none": "No hay comandos de inicio en esta página.",
    "administration_startcmds_cleared": "Reiniciados todos los comandos de inicio.",
    "administration_unbanned_user": "El usuario {0} ha sido desbloqueado.",
    "administration_user_not_found": "No encuentro tal usuario.",
    "administration_user_warned": "El usuario {0} ha sido advertido.",
    "administration_user_warned_and_punished": "El usuario {0} ha sido advertido y el castigo {1} ha sido aplicado.",
    "administration_warned_on": "Advertido en el servidor {0}",
    "administration_warned_on_by": "El {0} a las {1} por {2}",
    "administration_warnings_cleared": "Todas las advertencias han sido reiniciadas para {0}.",
    "administration_warnings_none": "No hay advertencias en esta página.",
    "administration_warnlog_for": "Registro de advertencias para {0}",
    "administration_warnpl_none": "No hay castigos configurados.",
    "administration_warn_cleared_by": "Reiniciados por {0}",
    "administration_warn_punish_list": "Lista de castigos de advertencia",
    "administration_warn_punish_rem": "Tener {0} advertencias ya no ejecutará un castigo.",
    "administration_warn_punish_set": "Aplicaré el castigo {0} a los usuarios con {1} advertencias.",
    "administration_slowmodewl_role_start": "El modo lento ahora ignorará el rol {0}.",
    "administration_slowmodewl_role_stop": "El modo lento ya no ignorará el rol {0}.",
    "administration_slowmodewl_user_start": "El modo lento ignorará al usuario {0}.",
    "administration_slowmodewl_user_stop": "El modo lento ya no ignorará al usuario {0}.",
    "utility_clpa_fail": "Imposible reclamar recompensas debido a una de las siguientes razones:",
    "utility_clpa_fail_already": "Tal vez ya has recibido tu recompensa de este mes. Puedes recibir recompensa solo una vez cada mes a menos que incrementes el monto.",
    "utility_clpa_fail_already_title": "Ya recompensado",
    "utility_clpa_fail_conn": "Puede que tu cuenta de Discord no esté conectada a Patreon. Si no estás seguro de lo que significa, o no sabes cómo conectarla, tienes que ir a la página de configuración de Patreon (https://patreon.com/settings/account) y presionar el botón de 'conectar a Discord'.",
    "utility_clpa_fail_conn_title": "Cuenta de Discord no conectada.",
    "utility_clpa_fail_sup": "Para elegir una recompensa, debes apoyar el proyecto en Patreon. Puedes usar el comando {0} para obtener el enlace.",
    "utility_clpa_fail_sup_title": "No apoyando",
    "utility_clpa_fail_wait": "Tienes que esperar algunas horas después de hacer tu colaboración, sino, trata otra vez más tarde.",
    "utility_clpa_fail_wait_title": "Espera un tiempo",
    "utility_clpa_success": "Has recibido {0} ¡Gracias por apoyar el proyecto!",
    "utility_clpa_too_early": "Las recompensas pueden ser reclamadas el día 5 de cada mes.",
    "searches_time": "La hora en {0} es {1} - {2}.",
    "administration_rh": "Configura la exposición del rol de gremio {0} a {1}.",
    "gambling_name": "Nombre",
    "gambling_shop": "Tienda",
    "gambling_shop_item_add": "Objeto añadido",
    "gambling_shop_none": "No hay objetos en esta página.",
    "gambling_shop_role": "Obtendrás el rol {0}.",
    "gambling_type": "Tipo",
    "utility_clpa_next_update": "Próxima actualización en {0}",
    "administration_global_perms_reset": "Los permisos globales han sido reiniciados.",
    "administration_gvc_disabled": "El canal de juego por voz ha sido desactivado.",
    "administration_gvc_enabled": "{0} ahora es un canal de juego por voz.",
    "administration_not_in_voice": "No estás en un canal de voz en este servidor.",
    "gambling_item": "Objeto",
    "gambling_out_of_stock": "No disponible",
    "gambling_random_unique_item": "Objeto aleatorio único",
    "gambling_shop_buy_error": "Error enviando el mensaje privado. Se te ha reembolsado.",
    "gambling_shop_item_not_found": "No se encontró ningún objeto.",
    "gambling_shop_item_purchase": "Compra satisfactoria.",
    "gambling_shop_item_rm": "Objeto removido.",
    "gambling_shop_item_wrong_type": "No se admite ese tipo de objeto.",
    "gambling_shop_list_item_added": "Objeto añadido satisfactoriamente.",
    "gambling_shop_list_item_not_unique": "Ese objeto ya ha sido añadido.",
    "gambling_shop_purchase": "Compra en el servidor {0}",
    "gambling_shop_role_not_found": "El rol que está siendo vendido no existe.",
    "gambling_shop_role_purchase": "Has comprado satisfactoriamente el rol {0}",
    "gambling_shop_role_purchase_error": "Error asignando el rol. Has recibido un reembolso.",
    "gambling_unique_items_left": "{0} objetos únicos restantes.",
    "permissions_blocked_commands": "Comandos bloqueados",
    "permissions_blocked_modules": "Módulos bloqueados",
    "permissions_gcmd_add": "El comando {0} ha sido desactivado en todos los servidores.",
    "permissions_gcmd_remove": "El comando {0} ha sido activado en todos los servidores.",
    "permissions_gmod_add": "El módulo {0} ha sido desactivado en todos los servidores.",
    "permissions_gmod_remove": "El módulo {0} ha sido activado en todos los servidores.",
    "permissions_lgp_none": "No hay comandos o módulos bloqueados.",
    "gambling_animal_race_no_race": "¡Esta carrera de animales está llena!",
    "utility_cant_read_or_send": "No puedes leer ni enviar mensajes a ese canal.",
    "utility_quotes_notfound": "No se han encontrado citas con la ID especificada."
}