{
    "clashofclans_base_already_claimed": "Baza aceea este deja revendicată sau distrusă.",
    "clashofclans_base_already_destroyed": "Baza aceea este deja distrusă.",
    "clashofclans_base_already_unclaimed": "Baza aceea nu este revendicată.",
    "clashofclans_base_destroyed": "**DISTRUS** baza #{0} intr-un razboi contra {1} ",
    "clashofclans_base_unclaimed": "{0} a **NEREVENDICAT** baza #{1} intr-un razboi contra {2} ",
    "clashofclans_claimed_base": "{0} a revendicat o baza #{1} intr-un razboi contra {2}",
    "clashofclans_claimed_other": "@{0} Deja ai revendicat baza #{1}. Nu poți revendica una nouă.",
    "clashofclans_claim_expired": "Revendicarea lui @{0} în războiul împotriva lui {1} a expirat.",
    "clashofclans_enemy": "Inamic",
    "clashofclans_info_about_war": "Informație despre războiul contra {0} ",
    "clashofclans_invalid_base_number": "Număr de bază invalid.",
    "clashofclans_invalid_size": "Dimensiunea războiului invalid.",
    "clashofclans_list_active_wars": "Lista războaielor în desfășurare",
    "clashofclans_not_claimed": "nerevendicat",
    "clashofclans_not_partic": "Nu participi în acel război.",
    "clashofclans_not_partic_or_destroyed": "@{0} Nu participi in războiul acela, sau baza aceea este deja distrusă.",
    "clashofclans_no_active_wars": "Nici un război în desfășurare.",
    "clashofclans_size": "Mărime",
    "clashofclans_war_already_started": "Războiul împotriva  {0} a început deja.",
    "clashofclans_war_created": "Război împotriva {0} creat.",
    "clashofclans_war_ended": "Război împotriva {0} sfârșit.",
    "clashofclans_war_not_exist": "Acel război nu există.",
    "clashofclans_war_started": "Războiul împotriva {0} a început!",
    "customreactions_all_stats_cleared": "Toate reacțiile custom au fost șterse.",
    "customreactions_deleted": "Reacție Custom ștearsă",
    "customreactions_insuff_perms": "Permisiuni insuficiente. Necesită deținerea bot-ului pentru reacții custom globale, și administrator pentru reacții custom locale.",
    "customreactions_list_all": "Lista tuturor reacțiilor custom",
    "customreactions_name": "Reacții Custom",
    "customreactions_new_cust_react": "Reacție Custom Nouă",
    "customreactions_no_found": "Nici o reacție custom găsită.",
    "customreactions_no_found_id": "Nici o reacție cu acel ID găsită.",
    "customreactions_response": "Răspuns",
    "customreactions_stats": "Statisticile Reacțiilor Custom",
    "customreactions_stats_cleared": "Statistici șterse pentru reacția custom {0}.",
    "customreactions_stats_not_found": "Nu a fost găsită nicio statistică pentru acel declanșator, nicio acțiune nu a fost luată.",
    "customreactions_trigger": "Declanșator",
    "nsfw_autohentai_stopped": "Autohentai oprit.",
    "nsfw_not_found": "Nici un rezultat găsit.",
    "pokemon_already_fainted": "{0} a leșinat deja.",
    "pokemon_already_full": "{0} are HP-ul plin deja.",
    "pokemon_already_that_type": "Tipul tău este deja {0}",
    "pokemon_attack": "folosit {0}{1} pe {2}{3} pentru {4} daune.",
    "pokemon_cant_attack_again": "Nu poți să ataci din nou fara retorsiune!",
    "pokemon_cant_attack_yourself": "Nu poți să te ataci pe tine însuși.",
    "pokemon_fainted": "{0} a leșinat!",
    "pokemon_healed": "vindecat {0} cu un/o {1}  ",
    "pokemon_hp_remaining": "{0} are {1} HP rămas.",
    "pokemon_invalid_move": "Nu poți folosi {0}. Scrie `{1}ml` să vezi o listă de mişcări pe care le poţi folosi. ",
    "pokemon_moves": "Lista mișcărilor pentru tipul {0}",
    "pokemon_not_effective": "Nu are efect.",
    "pokemon_no_currency": "Nu ai destui {0}",
    "pokemon_revive_other": "reînviat {0} cu o {1}",
    "pokemon_revive_yourself": "Te-ai reînviat cu o {0}",
    "pokemon_settype_success": "Tipul tău a fost schimbat din {0} pentru o {1}",
    "pokemon_somewhat_effective": "Este oarecum efectiv",
    "pokemon_super_effective": "Este foarte efectiv!",
    "pokemon_too_many_moves": "Ai folosit prea multe mișcări una după alta, nu te mai poți mișca!",
    "pokemon_type_of_user": "Tipul lui {0} este {1}",
    "pokemon_user_not_found": "Jucătorul nu a fost găsit.",
    "pokemon_you_fainted": "Ai leșinat, nu poți să te miști!",
    "administration_aar_disabled": "**Auto atribuire rol** la intrarea utilizatorului este acum **dezactivată**",
    "administration_aar_enabled": "**Auto atribuire rol** la intrarea utilizatorului este acum **activată**",
    "administration_attachments": "Atașamente",
    "administration_avatar_changed": "Avatar schimbat",
    "administration_bandm": "Ai fost banat din server-ul {0}\nCauză: {1}",
    "administration_banned_pl": "bannați",
    "administration_banned_user": "Utilizator bannat",
    "administration_bot_name": "Numele bot-ului schimbat în {0}",
    "administration_bot_status": "Statusul bot-ului schimbat în {0}",
    "administration_byedel_off": "Ștergerea automată a mesajelor de la revedere a fost dezactivată.",
    "administration_byedel_on": "Mesajele de la revedere o sa fie șterse după {0} secunde.",
    "administration_byemsg_cur": "Mesajul actual de la revedere: {0}  ",
    "administration_byemsg_enable": "Permite mesaje de la revedere scriind {0} ",
    "administration_byemsg_new": "Mesaj nou de la revedere făcut.",
    "administration_bye_off": "Anunțuri de la revedere dezactivate.",
    "administration_bye_on": "Anunțuri de la revedere sunt activate in canalul acesta.",
    "administration_ch_name_change": "Numele Canaluli Schimbat",
    "administration_ch_old_name": "Nume vechi\n",
    "administration_ch_topic_change": "Subiectul Canalului Schimbat",
    "administration_cleaned_up": "Curăţat.",
    "administration_content": "Conținut",
    "administration_cr": "Rolul {0} creat cu succes",
    "administration_createtextchan": "Canalul de text {0} creat.",
    "administration_createvoich": "Canalul de voce {0} creat.",
    "administration_deafen": "Asurzire reușită.",
    "administration_deleted_server": "Serverul {0} șters",
    "administration_delmsg_off": "Ștergerea automată a invocărilor de comandă reușite a fost oprită.",
    "administration_delmsg_on": "Ștergerea automată a invocărilor de comandă reușite a fost pornită.",
    "administration_deltextchan": "Canalul de text {0} șters.",
    "administration_delvoich": "Canalul de voce {0} șters.",
    "administration_dm_from": "DM de la",
    "administration_donadd": "Un nou donator a fost adăugat cu succes. Total donat de la acest utilizator: {0} 👑 ",
    "administration_donators": "Mulțumesc oamenilor listați mai jos pentru că au făcut ca acest proiect să aibă loc!",
    "administration_fwall_start": "Voi transmite DM-uri la toți proprietarii.",
    "administration_fwall_stop": "Voi transmite DM-uri numai la primul proprietar.",
    "administration_fwdm_start": "Voi transmite DM-uri de acum înainte.",
    "administration_fwdm_stop": "Nu voi transmite DM-uri de acum înainte.",
    "administration_greetdel_off": "Ștergerea automată a mesajelor de bun venit a fost dezactivată.",
    "administration_greetdel_on": "Mesajele de bun venit vor fi șterse după {0} secunde.",
    "administration_greetdmmsg_cur": "Mesajul curent de bun venit: {0}",
    "administration_greetdmmsg_enable": "Activează measje de bun venit prin DM scriind {0} ",
    "administration_greetdmmsg_new": "Mesaj innoit de bun venit prin DM setat.",
    "administration_greetdm_off": "Mesaje de întâmpinare prin DM au fost dezactivate.",
    "administration_greetdm_on": "Mesaje de bun venit prin DM au fost activate.",
    "administration_greetmsg_cur": "Mesajul actual de bun venit: {0}  ",
    "administration_greetmsg_enable": "Activează mesaje de bun venit scriind {0}   ",
    "administration_greetmsg_new": "Mesaj innoit de bun venit setat.",
    "administration_greet_off": "Anunțuri de bun venit dezactivate.",
    "administration_greet_on": "Anunțuri de bun venit sunt activate în canalul acesta. ",
    "administration_hierarchy": "Nu poți folosi această comandă pe alți utilizatori cu un grad mai mare sau egal ca altău in ierarhia de roluri.",
    "administration_images_loaded": "Imagini incărcate după {0} secunde!",
    "administration_invalid_format": "Formatul de intrare este invalid.",
    "administration_invalid_params": "Parametrii nevalizi",
    "administration_joined": "{0} a intrat în {1}",
    "administration_kickdm": "Ai fost dat afară din {0} server.\nDin cauză că: {1}",
    "administration_kicked_user": "Utilizator dat afară",
    "administration_lang_list": "Lista limbilor",
    "administration_lang_set": "Serverul tău local este acum {0} - {1}",
    "administration_lang_set_bot": "Parametrul implicit al botului este acum {0} - {1}",
    "administration_lang_set_bot_show": "Limba bot-ului este setată în {0} - {1}",
    "administration_lang_set_fail": "Nu a reușit setarea locală. Revizuiți această comandă de ajutor.",
    "administration_lang_set_show": "Limba acestui server este setată în {0} - {1}",
    "administration_left": "{0} a ieșit din {1}",
    "administration_left_server": "Ieșit server {0}",
    "administration_log": "Se înregistrează {0} eveniment in acest canal.",
    "administration_log_all": "Se înregistrează toate evenimentele in acest canal.",
    "administration_log_disabled": "Înregistrare dezactivată.",
    "administration_log_events": "Înregistrează evenimente la care poți fi abonat:",
    "administration_log_ignore": "Înregistrarea va ignora {0}",
    "administration_log_not_ignore": "Înregistrarea nu va ignora {0}",
    "administration_log_stop": "S-a oprit înregistrarea {0} evenimentului.",
    "administration_menrole": "{0} a invocat o semnalare pe următoarele roluri",
    "administration_message_from_bo": "Mesaj de la {0} `[Prorietar de Bot]` :",
    "administration_message_sent": "Mesaj trimis.",
    "administration_moved": "{0} mutat de la {1} la {2}",
    "administration_msg_del": "Mesajul va fi șters în #{0}",
    "administration_msg_update": "Mesajul va fi updatat în #{0}",
    "administration_muted_pl": "Muți",
    "administration_muted_sn": "Mut",
    "administration_mute_error": "Este foarte probabil să nu am permisia necesară pentru asta.",
    "administration_mute_role_set": "Un nou rol de mut a fost setat.",
    "administration_need_admin": "Am nevoie de permisia **Administrație** ca să fac asta.",
    "administration_new_msg": "Mesaj nou",
    "administration_new_nick": "Poreclă nouă",
    "administration_new_topic": "Topic nou",
    "administration_nick_change": "Poreclă schimbată",
    "administration_no_server": "Nu pot să găsesc acel server",
    "administration_no_shard_id": "Nici un shard cu acel ID a fost găsit.",
    "administration_old_msg": "Mesaj vechi",
    "administration_old_nick": "Poreclă veche",
    "administration_old_topic": "Topic vechi",
    "administration_perms": "Eroare. Mai mult ca sigur că nu am destule permisiuni.",
    "administration_prot_active": "Protecții active.",
    "administration_prot_disable": "{0} a fost **dezactivat** pe acest server.",
    "administration_prot_enable": "{0} Activat",
    "administration_prot_error": "Eroare. Am nevoie de permisiunea ManageRoles",
    "administration_prot_none": "Nici o protecție activată.",
    "administration_raid_cnt": "Pragul de utilizatori trebuie să fie între {0} și {1}.",
    "administration_raid_stats": "Dacă {0} sau mai mulți utilizatori intră înainte de {1} seconds, o să-i {2}.",
    "administration_raid_time": "Timpul trebuie să fie între {0} și {1} secunde.",
    "administration_rar": "Toate rolurile au fost luate cu succes de la utilizator {0} ",
    "administration_rar_err": "Nu am reușit să dau jos rolurile. Nu am permisiuni suficiente.",
    "administration_rc": "Culoarea {0} rolului a fost schimbată.",
    "administration_rc_not_exist": "Rolul acela nu există.",
    "administration_rc_params": "Parametrii specificați nu sunt valizi.",
    "administration_rc_perms": "O eroare a luat loc din cauza unei culori invalide sau din cauza permisiunilor insuficiente.",
    "administration_remrole": "Rolul a fost dat jos cu success {0} de la utilizator {1}",
    "administration_remrole_err": "Nu am putut să dau jos rolul. Nu am permisiuni suficiente.",
    "administration_renrole": "Rol redenumit.",
    "administration_renrole_err": "Redenumirea rolului a fost nereușită. Nu am permisii suficiente.",
    "administration_renrole_perms": "Nu poți edita un rol mai mare decât al tău \n",
    "administration_reprm": "Am eliminat mesajul de joc: {0}",
    "administration_role_added": "Rolul {0} a fost adăugat listei.",
    "administration_role_clean": "{0} nu a fost găsit. Curățat.",
    "administration_role_in_list": "Rolul {0} este deja în listă.",
    "administration_ropl_added": "Adăugat",
    "administration_ropl_disabled": "Alternarea statusului de joc a fost oprită.",
    "administration_ropl_enabled": "Alternarea statusului de joc a fost pornită.",
    "administration_ropl_list": "Aici este o listă cu statusurile alternante\n{0}",
    "administration_ropl_not_set": "Nu sunt setate stadiile de redare în rotație.",
    "administration_self_assign_already": "Ai rolul {0} deja.",
    "administration_self_assign_already_excl": "Ai deja {0} rolul auto-distribuit exclus.",
    "administration_self_assign_excl": "Rolurile auto atribuite sunt acum exclusive!",
    "administration_self_assign_list": "Există {0} roluri pe care ți le poți atribui.",
    "administration_self_assign_not": "Nu îți poți atribui acel rol.",
    "administration_self_assign_not_have": "Nu ai rolul {0}.",
    "administration_self_assign_no_excl": "Rolurile auto atribuite nu mai sunt exclusive!",
    "administration_self_assign_perms": "Nu pot să îți adaug acest rol. ' Nu pot adăuga roluri deținătorilor sau alte roluri mai sus decât rolul meu în ierarhia rolurilor.'",
    "administration_self_assign_rem": "{0} a fost eliminat din lista rolurilor auto atribuibile.",
    "administration_self_assign_remove": "Nu mai ai rolul {0}.",
    "administration_self_assign_success": "Ai rolul {0} acum.",
    "administration_setrole": "Rolul {0} adăugat utilizatorului {1} cu succes!",
    "administration_setrole_err": "Am eşuat sa adaug rolul. Am permisii insuficiente.",
    "administration_set_avatar": "Avatar nou setat!",
    "administration_set_channel_name": "Nou nume de canal setat.",
    "administration_set_game": "Joc nou setat",
    "administration_set_stream": "Nou stream setat.",
    "administration_set_topic": "Nou topic al canalului setat.",
    "administration_shard_reconnected": "Shard {0} reconectat.",
    "administration_shard_reconnecting": "Shard {0} reconectare.",
    "administration_shutting_down": "Închidere",
    "administration_slowmode_desc": "Utilizatorii nu pot trimite mai mult de {0} mesaje în fiecare {1} secunde.",
    "administration_slowmode_disabled": "Modul încet a fost oprit",
    "administration_slowmode_init": "Modul încet a fost pornit.",
    "administration_soft_banned_pl": "banat-ușor",
    "administration_spam_ignore": "{0} va ignora canalul acesta.",
    "administration_spam_not_ignore": "{0} nu va mai ignora canalul acesta.",
    "administration_spam_stats": "Dacă un utilizator postează {0} aceleași mesaje consecutiv, o să le {1}.\n   __CanaleIgnorate__: {2} ",
    "administration_text_chan_created": "Canal text creat.",
    "administration_text_chan_destroyed": "Canal text distrus.",
    "administration_undeafen": "Deasurzit cu succes.",
    "administration_unmuted_sn": "Deamuțit",
    "administration_username": "Nume de utilizator",
    "administration_username_changed": "Nume de utilizator schimbat",
    "administration_users": "Utilizatori",
    "administration_user_banned": "Utilizator bannat",
    "administration_user_chat_mute": "{0} a fost **mut** din scris.",
    "administration_user_chat_unmute": "{0} a fost **dezamuțit** de la chat.",
    "administration_user_joined": "Utilizator a intrat",
    "administration_user_left": "Utilizator a ieșit",
    "administration_user_muted": "{0} a fost **amuțit** de la text si chat vocal.",
    "administration_user_role_add": "Rolul utilizatorului a fost adăugat.",
    "administration_user_role_rem": "Rolul utilizatorului a fost eliminat.",
    "administration_user_status_change": "{0} este acum {1}",
    "administration_user_unmuted": "{0} a fost **dezamuțit** de la text si chat vocal.",
    "administration_user_vjoined": "{0} a intrat {1} canal de voce.",
    "administration_user_vleft": "{0} a ieșit {1} canal de voce.",
    "administration_user_vmoved": "{0} mutat de la canalul de voce {1} la {2}.",
    "administration_user_voice_mute": "{0} a fost **amuțit vocal**.",
    "administration_user_voice_unmute": "{0} a fost **dezamuțit vocal**.",
    "administration_voice_chan_created": "Canal de voce creat",
    "administration_voice_chan_destroyed": "Canal de voce distrus",
    "administration_vt_disabled": "Dezactivată caracteristica vocal + text",
    "administration_vt_enabled": "Activată caracteristica vocal + text",
    "administration_vt_exit": "Nu am permisiunea **Manage Roles** și/sau **Manage Channels**, deci nu pot rula voce + text pe serverul {0}.",
    "administration_vt_no_admin": "Activezi/dezactivezi aceasta caracteristica si **Nu am permisiuni de ADMINISTRATOR**. Asta poate cauza probleme, si va trebui sa stergi toate canalele de text dupa.",
    "administration_vt_perms": "Am nevoie de cel putin permisiunile de **gestionare roluri** si **gestionare canale** pentru a activa aceasta caracteristica. (preferabil permisie Administrator)",
    "administration_xmuted_text": "Utilizatorul {0} de la chatul de text.",
    "administration_xmuted_text_and_voice": "Utilizatorul {0} de la chatul vocal și de text.",
    "administration_xmuted_voice": "Utilizatorul {0} de la chatul vocal.",
    "administration_sbdm": "Ai fost banat-ușor din serverul {0}.\nMotivul: {1}",
    "administration_user_unbanned": "Utilizator bannat.",
    "administration_migration_done": "Migrare terminata!",
    "administration_presence_updates": "Actualizări de prezență.",
    "administration_sb_user": "Utilizator banat-ușor.",
    "gambling_awarded": "A acordat {0} la {1}.",
    "gambling_better_luck": "Mai mult noroc următoarea dată!",
    "gambling_br_win": "Bravo! Ai câștigat {0} pentru că ai rulat mai mult de {1}",
    "gambling_deck_reshuffled": "Pachet reamestecat.",
    "gambling_flipped": "aruncat {0}",
    "gambling_flip_guess": "Ai ghicit! Ai câștigat {0}",
    "gambling_flip_invalid": "Numar specificat invalid. Poti arunca de la 1 la {0} monede.",
    "gambling_flowerreaction_desc": "Adaugă reacția {0} la acest mesaj pentru a primi {1}.",
    "gambling_flowerreaction_footer": "Acest eveniment este activ pentru {0} ore.",
    "gambling_flowerreaction_title": "Evenimentul Reacția cu Flori a început.",
    "gambling_gifted": "a dăruit {0} lui {1}",
    "gambling_has": "{0} are {1}",
    "gambling_heads": "Cap",
    "gambling_leaderboard": "Clasament",
    "gambling_mass_award": "Premiat {0} la {1} useri de la {2} rol.",
    "gambling_max_bet_limit": "Nu poţi paria mai mult de {0}",
    "gambling_min_bet_limit": "Nu poţi paria mai puţin decat {0}",
    "gambling_not_enough": "Nu ai destule {0}",
    "gambling_no_more_cards": "Nu mai sunt cărți în pachet.",
    "gambling_raffled_user": "Utilizator raffled",
    "gambling_roll": "Ai aruncat {0}.",
    "gambling_slot_bet": "Pariu",
    "gambling_slot_jackpot": "UAAAAAAUUU!!! Felicitări!!! x{0}",
    "gambling_slot_single": "Un singur {0}, x{1}",
    "gambling_slot_three": "Wow! Norocos! Trei de același tip! x{0}",
    "gambling_slot_two": "Bună treabă! Două {0} - pariat x{1}",
    "gambling_slot_won": "Câștigat",
    "gambling_sneakygamestatus_desc": "Utilizatorii trebuie să tasteze un cod secret pentru a primii {0}.\nDureaza {1} secunde. Nu spune nimănui. Shhh.",
    "gambling_sneakygamestatus_end": "Evenimentul SneakyGame s-a încheiat. {0} utilizatori au primit recompensa.",
    "gambling_sneakygamestatus_title": "Evenimentul SneakyGameStatus a început",
    "gambling_tails": "Pajură",
    "gambling_take": "Am reușit să iau {0} de la {1}.",
    "gambling_take_fail": "nu a fost abil să ia {0} de la {1} deoarece utilizatorul nu are așa de mult {2}!",
    "help_back_to_toc": "Înapoi la cuprins.",
    "help_bot_owner_only": "Numai deținătorul bot-ului.",
    "help_channel_permission": "Necesită permisia {0} a canalului.",
    "help_cmdlist_donate": "Poti sustine proiectul pe patreon: <{0}> sau paypal: <{1}>",
    "help_cmd_and_alias": "Comenzi si abrevieri",
    "help_commandlist_regen": "Lista de comenzi generata.",
    "help_commands_instr": "Tasteaza `{0}h NumeleComenzii` pentru a vedea informatii legate de acea comanda. ex. `{0}h >8ball`",
    "help_command_not_found": "Nu gasesc acea comanda. Te rog asigura-te ca exista comanda inainte de a incerca din nou.",
    "help_desc": "Descriere",
    "help_donate": "Poți susține proiectul NadekoBot pe\nPatreon <{0}> sau\nPaypal <{1}>\nNu uita să iți lași numele de Discord sau ID-ul în mesaj.\n\n**Mulțumesc** ♥️",
    "help_guide": "** Listă de comenzi **: <{0}>\n** Ghiduri și documente de găzduire pot fi găsite aici **: <{1}>",
    "help_list_of_commands": "Lista comenzilor",
    "help_list_of_modules": "Lista modulelor",
    "help_modules_footer": "Scrie `{0}cmds NumeleModulului` pentru a primii o listă cu comenzi în acest modul. ex `{0}cmds games`",
    "help_module_not_found": "Modulul acela nu există.",
    "help_server_permission": "Necesită {0} permisiunea serverului.",
    "help_table_of_contents": "Cuprins",
    "help_usage": "Folosință",
    "nsfw_autohentai_started": "Autohentai pornit. Voi posta o dată la {0}s cu una dintre următoarele etichete:\n{1}",
    "nsfw_tag": "Tag",
    "gambling_animal_race": "Cursă cu animale",
    "gambling_animal_race_failed": "Pornirea cursei a eșuat datorită faptului că nu erau suficienți participanți.",
    "gambling_animal_race_full": "Cursa este plinã! Începe imediat.",
    "gambling_animal_race_join": "{0} a intrat ca {1}",
    "gambling_animal_race_join_bet": "{0} a intrat ca {1} si a pariat {2}!",
    "gambling_animal_race_join_instr": "Scrie {0}jr pentru a intra în cursă.",
    "gambling_animal_race_starting": "Incepem în 20 de secunde sau când camera este plină.",
    "gambling_animal_race_starting_with_x": "Începem cu {0} participanți.",
    "gambling_animal_race_won": "{0} ca {1} A câștigat cursa!",
    "gambling_animal_race_won_money": "{0} ca {1} A câștigat cursa și {2}!",
    "gambling_dice_invalid_number": "Se specifică un număr invalid. Puteți rula {0} - {1} zaruri o dată.",
    "gambling_dice_rolled": "Învârtit {0}",
    "gambling_dice_rolled_num": "Zaruri învârtite: {0}",
    "gambling_race_failed_starting": "Începerea cursei a eșusat. O altă cursă este probabil pornită.",
    "gambling_race_not_exist": "Nici o cursă nu există în acest server.",
    "gambling_second_larger_than_first": "Al doilea număr trebuie să fie mai mare decât primul.",
    "gambling_changes_of_heart": "Răzgândiri",
    "gambling_claimed_by": "Revendicat de",
    "gambling_divorces": "Divorțuri",
    "gambling_likes": "Aprecieri",
    "gambling_price": "Preț",
    "gambling_waifus_none": "Niciun waifu nu a fost revendicat încă.",
    "gambling_waifus_top_waifus": "Topul waifurilor",
    "gambling_waifu_affinity_already": "Afinitatea ta este deja setată pe acel waifu sau încerci să iți elimini afinitatea în moment ce tu nu ai una.",
    "gambling_waifu_affinity_changed": "Afinitatea a fost schimbată de la {0} la {1}.\n*Acest lucru este dubios din punct de vedere moral.* 🤔",
    "gambling_waifu_affinity_cooldown": "Trebuie să aștepți {0} ore și {1} minute pentru a-ți schimba afinitatea din nou.",
    "gambling_waifu_affinity_reset": "Afinitatea ta a fost resetată. Nu mai ai o persoană de care îți place.",
    "gambling_waifu_affinity_set": "vrea să fie waiful lui {0}. Aww <3",
    "gambling_waifu_claimed": "a revendicat pe {0} ca și waifu pentru {1}!",
    "gambling_waifu_divorced_like": "Ai divorțat un waifu care îi place de tine. Ești un monstru fără inimă.\n{0} a primit {1} drept compensație.",
    "gambling_waifu_egomaniac": "Nu poți să iți setezi afinitatea pe tine, egocentristule.",
    "gambling_waifu_fulfilled": "🎉 Iubirea lor este împlinită! 🎉\nNoua valoare a lui {0} este acum {1}!",
    "gambling_waifu_isnt_cheap": "Niciun waifu nu este atât de ieftin. Trebuie să platești cel puțin {0} pentru a lua un waifu, chiar dacă valoarea lui adevărată este mai mică.",
    "gambling_waifu_not_enough": "Trebuie să plătești {0} sau mai mult pentru a revendica acel waifu!",
    "gambling_waifu_not_yours": "Acel waifu nu este al tău.",
    "gambling_waifu_not_yourself": "Nu poți să te revendici pe tine.",
    "gambling_waifu_recent_divorce": "Ai divorțat recent. Trebuie să aștepți {0} ore și {1} minute pentru a divorța din nou.",
    "gambling_nobody": "Nimeni",
    "gambling_waifu_divorced_notlike": "Ai divorțat un waifu care nu îi place de tine. Ai primit {0} înapoi.",
    "games_8ball": "8ball",
    "games_acrophobia": "Acrofobia",
    "games_acro_ended_no_sub": "Joc terminat fără prezentări.",
    "games_acro_no_votes_cast": "Niciun vot exprimat. Jocul s-a terminat fară câștigător.",
    "games_acro_nym_was": "Acronimul a fost {0}",
    "games_acro_running": "Jocul Acrofobia este deja în desfășurare în acest canal.",
    "games_acro_started": "Jocul a început. Formează o propoziție cu următorul acronim: {0}.",
    "games_acro_started_footer": "Ai {0} secunde pentru a lua o prezentare.",
    "games_acro_submit": "{0} și-a prezentat propoziția. ({1} total)",
    "games_acro_vote": "Voteaza scriind un număr al unei prezentări",
    "games_acro_vote_cast": "{0} a votat!",
    "games_acro_winner": "Câștigătorul este {0} cu {1} puncte.",
    "games_acro_winner_only": "{0} este câștigătorul pentru că este singurul utilizator care a făcut o prezentare!",
    "games_question": "Întrebare",
    "games_rps_draw": "Este o remiză! Amândoi selectați {0}",
    "games_rps_win": "{0} a câștigat! {1} a învins pe {2}",
    "games_submissions_closed": "Prezentări închise",
    "gambling_animal_race_already_started": "Cursa de animale este deja în desfășurare.",
    "gambling_total_average": "Total: {0} Media: {1}",
    "games_category": "Categorie",
    "games_cleverbot_disabled": "Cleverbot dezactivat pe acest server.",
    "games_cleverbot_enabled": "Activează cleverbot pe acest server.",
    "games_curgen_disabled": "Generatorul de valută a fost dezactivat în acest canal.",
    "games_curgen_enabled": "Generatorul de valută a fost activat în acest canal.",
    "games_curgen_pl": "{0} aleatoriu {1} a apărut!",
    "games_curgen_sn": "Un aleatoriu {0} a apărut!",
    "games_failed_loading_question": "Am eșuat încărcând o întrebare.",
    "games_game_started": "Joc început",
    "games_hangman_game_started": "Spânzurătoarea a început",
    "games_hangman_running": "Jocul spânzurătoarea este deja pornit pe acest canal.",
    "games_hangman_start_errored": "Pornirea spanzurătoarei a dat eroare.",
    "games_hangman_types": "Lista tipurilor de termeni \"{0}executor\":",
    "games_leaderboard": "Clasament",
    "games_not_enough": "Nu ai destul {0}",
    "games_no_results": "Nici un rezultat",
    "games_picked": "cules {0}",
    "games_planted": "{0} a plantat {1}",
    "games_trivia_already_running": "Jocul trivia este deja pornit pe acest server.",
    "games_trivia_game": "Joc Trivia",
    "games_trivia_guess": "{0} a ghicit! Răspunsul era: {1}",
    "games_trivia_none": "Nu este pornit trivia pe acest server.",
    "games_trivia_points": "{0}are {1} puncte",
    "games_trivia_stopping": "Ne oprim după această întrebare.",
    "games_trivia_times_up": "Timpul s-a scurs! Răspunsul corect era {0}",
    "games_trivia_win": "{0} a ghicit si a CÂSTIGAT jocul! Răspunsul era: {1}",
    "games_ttt_against_yourself": "Nu poți juca împotriva ta.",
    "games_ttt_already_running": "X și 0 este deja pornit pe acest canal.",
    "games_ttt_a_draw": "Egalitate!",
    "games_ttt_created": "a creat un meci de X și 0",
    "games_ttt_has_won": "{0} a câștigat!",
    "games_ttt_matched_three": "Potrivit trei",
    "games_ttt_no_moves": "Nu mai ai mișări.",
    "games_ttt_time_expired": "Timp expirat!",
    "games_ttt_users_move": "{0} mutări",
    "games_vs": "{0} vs {1}",
    "music_attempting_to_queue": "Încercarea de a reda {0} cântece ...",
    "music_autoplay_disabled": "Autoplay dezactivat.",
    "music_autoplay_enabled": "Autoplay activat.",
    "music_defvol_set": "Volumul standard setat la {0}%",
    "music_dir_queue_complete": "Coada de corespondență este completă.",
    "music_fairplay": "Joc cinstit",
    "music_finished_song": "Cântec terminat.",
    "music_fp_disabled": "Joc cinstit dezactivat.",
    "music_fp_enabled": "Joc cinstit activat.",
    "music_from_position": "Din poziția",
    "music_id": "Id",
    "music_invalid_input": "Intrare invalidă.",
    "music_max_playtime_none": "Timpul de joc maxim acum nu are limită.",
    "music_max_playtime_set": "Timpul de joc maxim setat la {0} secunde.",
    "music_max_queue_unlimited": "Mărimea maximă a cozii muzicale setată la nelimitat.",
    "music_max_queue_x": "Mărimea maximă a cozii muzicale setată la {0} cântec(e).",
    "music_must_be_in_voice": "Trebuie să fii în canalul de voce pe acest server.",
    "music_name": "Nume",
    "music_now_playing": "Cântă acum",
    "music_no_player": "Nici un music player activ.",
    "music_no_search_results": "Nici un rezultat de căutare.",
    "music_paused": "Redarea muzicală pauzată.",
    "music_player_queue": "Rândul playerului - Pagina {0}/{1}",
    "music_playing_song": "Redare melodie",
    "music_playlists": "#{0}` - **{1}** de *{2}* ({3} căntece)",
    "music_playlists_page": "Pagina {0} de playlisturi salvate",
    "music_playlist_deleted": "Playlist șters.",
    "music_playlist_delete_fail": "Am eșuat să sterg această listă de redare. Ea nu există sau nu sunteți autorul ei.",
    "music_playlist_id_not_found": "Un playlist cu acest ID nu există.",
    "music_playlist_queue_complete": "Rândul listei de redare complet.",
    "music_playlist_saved": "Playlist salvat",
    "music_play_limit": "limită {0}s",
    "music_queue": "Rând",
    "music_queued_song": "Cântece la rând",
    "music_queue_cleared": "Rândul muzical eliminat.",
    "music_queue_full": "Rândul este plin la {0}/{0}",
    "music_removed_song": "Cântec șters",
    "music_repeating_cur_song": "Se repeta cântecul curent",
    "music_repeating_playlist": "Repetare playlist",
    "music_repeating_track": "Repetare cântec",
    "music_repeating_track_stopped": "Repetiția pieselor curente este oprită.",
    "music_resumed": "Redarea muzicii a fost reluată.",
    "music_rpl_disabled": "Repetarea listei de redare dezactivată.",
    "music_rpl_enabled": "Repetarea listei de redare activată.",
    "music_set_music_channel": "Acum voi scoate melodiile cântate, terminate, pauzate și eliminate în acest canal.",
    "music_skipped_to": "S-a sărit la `{0}:{1}`",
    "music_song_moved": "Cântec mutat",
    "music_time_format": "{0}o {1}m {2}s",
    "music_to_position": "Către poziția",
    "music_unlimited": "nelimitat",
    "music_volume_input_invalid": "Volumul trebuie să fie între 0 și 100",
    "music_volume_set": "Volumul setat la {0}",
    "permissions_acm_disable": "Dezactivat folosirea a TOATE MODULELE pe canal {0}.",
    "permissions_acm_enable": "Activat folosirea a TOATE MODULELE pe canal {0}.",
    "permissions_allowed": "Permis",
    "permissions_arm_disable": "Dezactivat folosirea a TOATE MODULELE pentru rol {0}.",
    "permissions_arm_enable": "Activat folosirea a TOATE MODULELE pentru rol {0}.",
    "permissions_asm_disable": "Dezactivat folosirea a TOATE MODULELE pe acest server.",
    "permissions_asm_enable": "Activat folosirea a TOATE MODULELE pe acest server.",
    "permissions_aum_disable": "Dezactivat folosirea a TOATE MODULELE pentru utilizator {0}.",
    "permissions_aum_enable": "Activat folosirea a TOATE MODULELE pentru utilizator {0}.",
    "permissions_blacklisted": "Adaugat la lista neagră {0} cu ID-ul {1}",
    "permissions_cmdcd_add": "Comanda {0} acum are {1}s cooldown.",
    "permissions_cmdcd_cleared": "Comanda {0} nu are cooldown acum și toate cooldownurile existente au fost șterse.",
    "permissions_cmdcd_none": "Nu sunt comenzi cu cooldown setate.",
    "permissions_command_costs": "Comanda costă",
    "permissions_cx_disable": "Dezactivat folosirea de {0} {1} pe canal {2}.",
    "permissions_cx_enable": "Activat folosirea de {0} {1} pe canal {2}.",
    "permissions_denied": "Respins",
    "permissions_filter_word_add": "Adăugat cuvantul {0} în lista de cuvinte filtrate.",
    "permissions_filter_word_list": "Listă de cuvinte filtrate.",
    "permissions_filter_word_remove": "Am șters cuvantul {0} din lista de cuvinte filtrate.",
    "permissions_invalid_second_param_between": "Parametru secundar invalid.(Trebuie să fie un număr între {0} și {1})",
    "permissions_invite_filter_channel_off": "Filtrul de invitații dezactivat pe acest canal.",
    "permissions_invite_filter_channel_on": "Filtrul de invitații activat pe acest canal.",
    "permissions_invite_filter_server_off": "Filtrul de invitații dezactivat pe acest server.",
    "permissions_invite_filter_server_on": "Filtrul de invitații activat pe acest server.",
    "permissions_moved_permission": "Mutat permisiuni {0} de la #{1} la #{2}",
    "permissions_not_found": "Nu pot găsi permisia în index #{0}",
    "permissions_no_costs": "Nici-un cost încă.",
    "permissions_of_command": "comandă",
    "permissions_of_module": "modul",
    "permissions_page": "Pagina de permisiuni {0}",
    "permissions_permrole": "Permisiunile rolurilor curente sunt {0}.",
    "permissions_permrole_changed": "Utilizatorii au acum nevoie de rolul {0} pentru a edita permisiunile.",
    "permissions_perm_out_of_range": "Nici o permisie găsită in acel index.",
    "permissions_removed": "scoasă permisia #{0} - {1}",
    "permissions_rx_disable": "Dezactivată folosirea de {0} {1} pentru rolul {2}.",
    "permissions_rx_enable": "Activată folosirea de {0} {1} pentru rolul {2}.",
    "permissions_sec": "sec.",
    "permissions_sx_disable": "Dezactivată folosirea de {0} {1} pe acest server.",
    "permissions_sx_enable": "Activată folosirea de {0} {1} pe acest server.",
    "permissions_unblacklisted": "Șters din lista neagră {0} cu ID-ul {1}",
    "permissions_uneditable": "needitabil",
    "permissions_ux_disable": "Dezactivarea folosirii {0} {1} pentru {2} utilizator.",
    "permissions_ux_enable": "Activarea folosirii {0} {1} pentru {2} utilizator.",
    "permissions_verbose_false": "Nu o să mai arăt permisiile avertizărilor.",
    "permissions_verbose_true": "Acum o să mai arăt permisiile avertizărilor.",
    "permissions_word_filter_channel_off": "Filtrarea cuvintelor dezactivată pe acest canal.",
    "permissions_word_filter_channel_on": "Filtrarea cuvintelor activată pe acest canal.",
    "permissions_word_filter_server_off": "Filtrarea cuvintelor dezactivată pe acest server.",
    "permissions_word_filter_server_on": "Filtrarea cuvintelor activată pe acest server.",
    "searches_abilities": "Abilități",
    "searches_anime_no_fav": "Nici un anime favorit încă",
    "searches_atl_ad_started": "Am început traducerea automată a mesajelor din acest canal. Mesajele utilizatorului vor fi șterse automat.",
    "searches_atl_removed": "Traducerea automată a fost scoasă.",
    "searches_atl_set": "Auto-traducerea limbii a fost setată {0}>{1}",
    "searches_atl_started": "Am început traducerea automata a mesajelor pe acest canal.",
    "searches_atl_stopped": "Am oprit traducerea automata a mesajelor pe acest canal.",
    "searches_bad_input_format": "Formatul de intrare greșit, sau ceva nu a mers bine.",
    "searches_card_not_found": "Nu am găsit cartea aceea.",
    "searches_catfact": "fapt",
    "searches_chapters": "Capitole",
    "searches_comic_number": "Revistă de benzi desenate #",
    "searches_compet_loses": "Pierderi competitive",
    "searches_compet_played": "Competitive jucate",
    "searches_compet_rank": "Clasament competitiv",
    "searches_compet_wins": "Competitive câștigate",
    "searches_completed": "Completat",
    "searches_condition": "Condiție",
    "searches_cost": "Cost",
    "searches_date": "Dată",
    "searches_define": "Definește:",
    "searches_dropped": "Aruncat",
    "searches_episodes": "Episoade",
    "searches_error_occured": "O eroare a apărut.",
    "searches_example": "Exemplu",
    "searches_failed_finding_anime": "Nu am găsit acel anime.",
    "searches_failed_finding_manga": "Nu am găsit acel manga.",
    "searches_genres": "Genuri",
    "searches_hashtag_error": "Nu a reușit să se găsească o definiție pentru acea etichetă.",
    "searches_height_weight": "Înalțime/Greutate",
    "searches_height_weight_val": "{0}m/{1}kg",
    "searches_humidity": "Umiditate",
    "searches_image_search_for": "Căutare imagine pentru:",
    "searches_imdb_fail": "Nu am găsit acel film.",
    "searches_invalid_lang": "Sursa sau limba țintă invalidă.",
    "searches_jokes_not_loaded": "Glumele nu au fost încărcate.",
    "searches_latlong": "Lat/Long",
    "searches_level": "Nivel",
    "searches_list_of_place_tags": "Lista {0}etichete plasate",
    "searches_location": "Locație",
    "searches_magicitems_not_loaded": "Articolele magice nu au fost încărcate",
    "searches_mal_profile": "profilul MAL al lui {0}",
    "searches_mashape_api_missing": "Proprietarul botului nu a specificat MashapeApiKey. Nu puteți utiliza această funcție.",
    "searches_min_max": "Min/Max",
    "searches_no_channel_found": "Nici-un canal găsit.",
    "searches_no_results": "Nici-un rezultat găsit.",
    "searches_on_hold": "În așteptare",
    "searches_original_url": "Url original",
    "searches_osu_api_key": "Osu! Cheia API este necesară.",
    "searches_osu_failed": "Am eșuat recuperarea semnăturii osu!",
    "searches_over_x": "Am găsit peste {0} imagini. Redau aleatoriu {0}.",
    "searches_ow_user_not_found": "Utilizator nu a fost găsit! Verificați Regiunea și Tagul de Luptă înainte de a încerca din nou.",
    "searches_plan_to_watch": "Planificat de urmărit",
    "searches_platform": "Platformă",
    "searches_pokemon_ability_none": "Nici o abilitate găsită.",
    "searches_pokemon_none": "Nici un pokemon găsit.",
    "searches_profile_link": "Link Profil:",
    "searches_quality": "Calitate:",
    "searches_quick_playtime": "Timp de redare rapid",
    "searches_quick_wins": "Victorii rapide\n",
    "searches_rating": "Evaluare",
    "searches_score": "Scor:",
    "searches_search_for": "Căutare pentru:",
    "searches_shorten_fail": "Nu am reușit să scurtez acel url.",
    "searches_short_url": "Url scurt",
    "searches_something_went_wrong": "Ceva nu a mers bine.",
    "searches_specify_search_params": "Te rog specifică parametrii de căutare.",
    "searches_status": "Status",
    "searches_store_url": "Url stocat",
    "searches_streamer_offline": "Streamer-ul {0} este offline.",
    "searches_streamer_online": "Streamer-ul {0} este online cu {1} vizualizatori.",
    "searches_streams_following": "Urmărești {0} fluxuri pe acest server.",
    "searches_streams_none": "Nu urmărești nici un flux pe acest server.",
    "searches_stream_no": "Nu există un astfel de flux.",
    "searches_stream_not_exist": "Fluxul, probabil, nu există.",
    "searches_stream_removed": "Eliminat fluxul {0} ({1}) din notificări.",
    "searches_stream_tracked": "Voi notifica când statutul acestui canal se va schimba.",
    "searches_sunrise": "Răsărit",
    "searches_sunset": "Apus",
    "searches_temperature": "Temperatură",
    "searches_title": "Titlu:",
    "searches_top_3_fav_anime": "Top 3 animeuri favorite:",
    "searches_translation": "Traducere:",
    "searches_types": "Tipuri",
    "searches_ud_error": "Nu s-a găsit definiția pentru acest termen.",
    "searches_url": "Url",
    "searches_viewers": "Vizualizatori",
    "searches_watching": "Privește",
    "searches_wikia_error": "Nu a reușit să găsească acest termen pe wikia specificată.",
    "searches_wikia_input_error": "Introduceți o wikia țintă, urmată de criteriul de căutare.",
    "searches_wiki_page_not_found": "Pagina nu a fost găsită.",
    "searches_wind_speed": "Viteza vântului",
    "searches_x_most_banned_champs": "{0} Cei mai mulți campioni interziși",
    "searches_yodify_error": "Nu am reușit să-ți yodificăm propoziția.",
    "utiliity_joined": "A intrat",
    "utility_activity_line": "`{0}.` {1} [{2:F2}/s] - {3} total",
    "utility_activity_page": "Pagina de activitate #{0}",
    "utility_activity_users_total": "{0} utilizatori în total.",
    "utility_author": "Autor",
    "utility_botid": "ID Bot",
    "utility_calcops": "Lista funcțiilor din comanda {0}calc",
    "utility_channelid": "{0} din acest canal este {1}",
    "utility_channel_topic": "Topicul Canalului",
    "utility_commands_ran": "Gamă de comenzi",
    "utility_convert": "{0} {1} este egal cu {2} {3}",
    "utility_convertlist": "Unități care pot să fie folosite în convertizor",
    "utility_convert_not_found": "Nu se poate converti {0} la {1}: unitățile nu pot fii găsite",
    "utility_convert_type_error": "Nu se poate converti {0} la {1}: tipurile de unități nu sunt egale.",
    "utility_created_at": "Creat la",
    "utility_custom_emojis": "Emojis personalizate",
    "utility_error": "Eroare",
    "utility_features": "Caracteristici",
    "utility_id": "ID",
    "utility_index_out_of_range": "Indexul este în afara intervalului.",
    "utility_inrole_list": "Lista utilizatorilor în rolul {0}",
    "utility_inrole_not_allowed": "Nu ai voie să folosești această comanda pe roluri cu mulți utilizatori pentru a prevenii abuzul.",
    "utility_invalid_value": "Valoare invalidă {0}.",
    "utility_joined_discord": "Alăturat Discord",
    "utility_joined_server": "Alăturat Server",
    "utility_listservers": "Id: {0}\nMembrii: {1}\nID-ul Deținătorului: {2}",
    "utility_listservers_none": "Nici un server nu a fost găsit pe pagina aia.",
    "utility_list_of_repeaters": "Lista repetoarelor",
    "utility_members": "Membrii",
    "utility_memory": "Memorie",
    "utility_messages": "Mesaje",
    "utility_message_repeater": "Repetator de mesaje",
    "utility_name": "Nume",
    "utility_nickname": "Poreclă",
    "utility_nobody_playing_game": "Nimeni nu joacă jocul acela.",
    "utility_no_active_repeaters": "Nici-un repetator activ.",
    "utility_no_roles_on_page": "Nu sunt roluri pe pagina asta.",
    "utility_no_shards_on_page": "Nici-un shard în această pagină.",
    "utility_no_topic_set": "Nici un topic setat.",
    "utility_owner": "Proprietar",
    "utility_owner_ids": "ID-uri Propietar",
    "utility_presence": "Prezență",
    "utility_presence_txt": "{0} Servere\n{1} Canale de scris\n{2} Canale de voce",
    "utility_quotes_deleted": "S-au șters toate citatele cu cuvântul cheie {0}.",
    "utility_quotes_page": "Pagina {0} de citate",
    "utility_quotes_page_none": "Nici un citat în această pagina.",
    "utility_quotes_remove_none": "Nu a fost găsit citat pe care îl poți îndepărta.",
    "utility_quote_added": "Citat Adăugat",
    "utility_quote_deleted": "Citat #{0} șters.",
    "utility_region": "Regiune",
    "utility_registered_on": "Înregistrat pe",
    "utility_remind": "O să îi aduc aminte lui {0} a {1} să {2} `({3:d.M.yyyy.} at {4:HH:mm})`",
    "utility_remind_invalid_format": "Nu este un format de timp valid. Verificați lista de comenzi.",
    "utility_remind_template": "Setarea noului set de șabloane.",
    "utility_repeater": "Repetând {0} în fiecare {1} zi(le), {2} oră(e) și {3} minut(e).",
    "utility_repeaters_list": "Lista repetatoarelor",
    "utility_repeaters_none": "Nu există repetoare care să meargă pe acest server.",
    "utility_repeater_stopped": "#{0} oprit.",
    "utility_repeat_invoke_none": "Nu e de găsit nici un mesaj repetat pe server-ul ăsta.",
    "utility_result": "Rezultat",
    "utility_roles": "Roluri",
    "utility_roles_all_page": "Pagina #{0} a toate rolurilor de pe server-ul ăsta:",
    "utility_roles_page": "Pagina #{0} a rolurilor pentru {1}",
    "utility_rrc_no_colors": "Nici o culoare este in formatul corect. Folosește de exemplu `#00ff00`.",
    "utility_rrc_start": "A început rotația culoarei a rolului {0}.",
    "utility_rrc_stop": "S-a oprit rotația culoarei a rolului {0}.",
    "utility_serverid": "{0} acestui server este {1}",
    "utility_server_info": "Info Server",
    "utility_shard": "Parte",
    "utility_shard_stats": "Statisticile părții",
    "utility_shard_stats_txt": "Partea **#{0}** este în {1} situație cu {2} servere",
    "utility_showemojis": "**Nume:** {0} **Link:** {1}",
    "utility_showemojis_none": "Nu au fost găsite emoji-uri speciale.",
    "utility_stats_songs": "Redate {0} melodii, {1} în așteptare.",
    "utility_text_channels": "Canale de scris",
    "utility_togtub_room_link": "Aici este link-ul pentru camera ta:",
    "utility_uptime": "Timp de funcționare",
    "utility_userid": "{0} a utilizatorului {1} este {2}",
    "utility_users": "Utilizatori",
    "utility_voice_channels": "Canale de voce",
    "gambling_animal_race_already_in": "Deja ai intrat in cursa asta!",
    "games_current_poll_results": "Rezultate curente chestionar",
    "games_no_votes_cast": "Nici un vot pus.",
    "games_poll_already_running": "Chestionarul este deja pornit pe acest server.",
    "games_poll_created": "📃 {0} a creat un chestionar ce necesită atenția ta:",
    "games_poll_result": "`{0}.` {1} cu {2} voturi.",
    "games_poll_voted": "{0} au votat. ",
    "games_poll_vote_private": "Dă-mi un mesaj privat cu numărul corespondent a răspunsului.",
    "games_poll_vote_public": "Dă-mi un mesaj aici cu numărul corespondent a răspunsului.",
    "games_thanks_for_voting": "Mulțumesc pentru votul tău, {0}",
    "games_x_votes_cast": "{0} totalul de voturi puse.",
    "games_pick_pl": "Culege-le scriind `{0}pick`",
    "games_pick_sn": "Culege-o scriind `{0}pick`",
    "gambling_no_users_found": "Nu a fost găsit nici un utilizator.",
    "gambling_page": "pagină {0}",
    "administration_must_be_in_voice": "Trebuie sa fii intr-un canal de voce în acest server.",
    "administration_no_vcroles": "Nu sunt roluri pentru canale de voce.",
    "administration_user_muted_time": "{0} este **mut** de scris și de vorbit din chat pentru {1} minute.",
    "administration_vcrole_added": "Utilizatorii care intră {0} canal de voce o să primească {1} rol. ",
    "administration_vcrole_removed": "Utilizatorii care intră {0} canal de voce nu o să mai primească un rol.",
    "administration_vc_role_list": "Roluri de canale de voce",
    "customreactions_crad_disabled": "Mesajul care declanșează reacția personalizată cu ID {0} nu va fi șters automat.",
    "customreactions_crad_enabled": "Mesajul care declanșează reacția personalizată cu ID {0} va fi șters automat.",
    "customreactions_crdm_disabled": "Mesaj de răspuins pentru reacţiia custom cu id {0} nu va fi trimis ca un DM.",
    "customreactions_crdm_enabled": "Mesaj de răspuns pentru reacţia custom cu id {0} va fi trimis ca un DM.  ",
    "utility_aliases_none": "Nici un alais găsit",
    "utility_alias_added": "Scriind {0} va fii un alias acum de {1}.",
    "utility_alias_list": "Lista de alias-uri.",
    "utility_alias_removed": "Declanșatorul {0} nu mai are o abreviere.",
    "utility_alias_remove_fail": "Declanșatorul {0} nu are o abreviere.",
    "searches_compet_playtime": "Timp jucat competitiv",
    "administration_channel": "Canal",
    "administration_command_text": "Comandă de text",
    "administration_kicked_pl": "Dați afară",
    "administration_moderator": "Moderator",
    "administration_page": "pagina {0}",
    "administration_reason": "Motiv",
    "administration_scadd": "Comandă nouă de pornire adăugată.",
    "administration_scrm": "Comanda de pornire a fost ștearsă cu succes.",
    "administration_scrm_fail": "Comanda de pornire nu este gasită.",
    "administration_server": "Server",
    "administration_startcmdlist_none": "Nici o comandă de pornire pe această pagină.",
    "administration_startcmds_cleared": "Șterse toate comenzile de pornire.",
    "administration_unbanned_user": "Utilizatorul {0} a fost debanat.",
    "administration_user_not_found": "Utilizatorul nu a fost găsit.",
    "administration_user_warned": "Utilizatorul {0} a fost avertizat.",
    "administration_user_warned_and_punished": "Utilizatorul {0} a fost avertizat si {1} pedeapsa a fost aplicată.",
    "administration_warned_on": "Avertizat pe {0} server",
    "administration_warned_on_by": "Pe {0} la {1} de {2}",
    "administration_warnings_cleared": "Toate avertizările au fost șterse pentru {0}",
    "administration_warnings_none": "Nici un avertisment pe această pagina.",
    "administration_warnlog_for": "Înregistrare avertizări pentru {0}",
    "administration_warnpl_none": "Nici o pedeapsă setată.",
    "administration_warn_cleared_by": "curățat de {0}",
    "administration_warn_punish_list": "Lista pedepselor avertizărilor",
    "administration_warn_punish_rem": "Având {0} avertizări nu o să mai declanșeze pedeapsa.",
    "administration_warn_punish_set": "O sa aplic pedeapsa {0} la utilizatorii cu {1} avertizări.",
    "administration_slowmodewl_role_start": "Modul Încetinire o să ignore rolul {0}.",
    "administration_slowmodewl_role_stop": "Modul Încetinire nu o să mai ignore rolul {0}.",
    "administration_slowmodewl_user_start": "Modul Încetinire o să ignore utilizatorul {0}.",
    "administration_slowmodewl_user_stop": "Modul Încetinire nu o să îl ignore pe utilizatorul {0}.",
    "utility_clpa_fail": "Nu ai primit premiul din cauza următoarelor motive:",
    "utility_clpa_fail_already": "Poate că v-ați primit deja recompensa pentru această lună. Puteți primi recompense numai o dată pe lună dacă nu vă măriți angajamentul.",
    "utility_clpa_fail_already_title": "Deja recompensat",
    "utility_clpa_fail_conn": "Contul tău de discord s-ar putea să nu fie conectat la Patreon. Daca nu ești sigur ce înseamnă asta, sau nu știi cum să te conectezi - trebuie să mergi în [Pagina de setări cont patreon]\n(https://patreon.com/settings/account) și să dai click pe butonul 'Connect to discord'.",
    "utility_clpa_fail_conn_title": "Contul discord nu este conectat",
    "utility_clpa_fail_sup": "Pentru a fi eligibil pentru recompensa, trebuie să sprijiniți proiectul pe patreon. Puteți utiliza comanda {0} pentru a obține linkul.",
    "utility_clpa_fail_sup_title": "Nu suportă",
    "utility_clpa_fail_wait": "Trebuie să așteptați câteva ore după ce ați făcut angajamentul, dacă nu ați făcut-o, încercați din nou mai târziu.",
    "utility_clpa_fail_wait_title": "Așteaptă puțin timp",
    "utility_clpa_success": "Ai primit {0} Mulțumesc pentru susținerea proiectului!",
    "utility_clpa_too_early": "Premiile se pot revendica pana în sau după data de 5 a fiecărei luni.",
    "searches_time": "Timpul în {0} este {1} - {2}",
    "administration_rh": "Setez afișarea rolului {0} la {1}.",
    "gambling_name": "Nume",
    "gambling_shop": "Magazin",
    "gambling_shop_item_add": "Articol adăugat în magazin",
    "gambling_shop_none": "Nici un articol de magazin nu a fost găsit pe această pagină.",
    "gambling_shop_role": "O sa primești rolul {0}.",
    "gambling_type": "Tip",
    "utility_clpa_next_update": "Urmatorul update în {0}",
    "administration_gvc_disabled": "Caracteristica Canalul Vocal de Joc a fost dezactivat pe acest server.",
    "administration_gvc_enabled": "{0} este un Canal Vocal de Joc acum.",
    "administration_not_in_voice": "Nu ești intr-un canal vocal pe acest server.",
    "gambling_item": "Item",
    "gambling_out_of_stock": "Nu mai este în stoc.",
    "gambling_random_unique_item": "Articol unic aleatoriu.",
    "gambling_shop_buy_error": "Eroare trimițând elementul în mesaj privat. A fost returnat",
    "gambling_shop_item_not_found": "Nici-un item în acel index nu a fost găsit.",
    "gambling_shop_item_purchase": "Articol cumpărat cu succes.",
    "gambling_shop_item_rm": "Articol șters din magazin.",
    "gambling_shop_item_wrong_type": "Această intrare de magazin nu acceptă adăugarea de articole.",
    "gambling_shop_list_item_added": "Articol adăugat cu succes.",
    "gambling_shop_list_item_not_unique": "Acel articol este deja adăugat.",
    "gambling_shop_purchase": "Cumpărat pe serverul {0}",
    "gambling_shop_role_not_found": "Rolul care se vinde nu mai există.",
    "gambling_shop_role_purchase": "Ai cumpărat cu succes rolul {0}.",
    "gambling_shop_role_purchase_error": "Eroare la atribuirea rolului. Achiziția dumneavoastră a fost rambursată.",
    "gambling_unique_items_left": "{0} articole unice rămase.",
    "permissions_blocked_commands": "Comenzi blocate",
    "permissions_blocked_modules": "Module Blocate",
    "permissions_gcmd_add": "Comanda {0} a fost dezactivată pe toate serverele.",
    "permissions_gcmd_remove": "Comanda {0} a fost activată pe toate serverele.",
    "permissions_gmod_add": "Modulul {0} a fost dezactivat pe toate serverele.",
    "permissions_gmod_remove": "Modulul {0} a fost activat pe toate serverele.",
    "permissions_lgp_none": "Nu sunt comenzi blocate sau module.",
    "gambling_animal_race_no_race": "Cursa animalelor este plină!",
    "utility_cant_read_or_send": "Nu poți să citești sau să trimiți mesaje din acel canal.",
    "utility_quotes_notfound": "Nici un citat găsit care se potrivește cu ID citatului specificat.",
    "administration_prefix_current": "Prefixul pe acest server este {0}",
    "administration_prefix_new": "Am schimbat prefixul pe acest server din {0} în {1}",
    "administration_defprefix_current": "Prefixul implicit al bot-ului este {0}",
    "administration_defprefix_new": "Am schimbat prefixul implicit at bot-ului din {0} în {1}",
    "administration_bot_nick": "",
    "administration_user_nick": "",
    "administration_timezone_guild": "",
    "administration_timezone_not_found": "",
    "administration_timezones_available": "",
    "music_song_not_found": "",
    "searches_define_unknown": "",
    "utility_repeater_initial": "",
    "utility_verbose_errors_enabled": "",
    "utility_verbose_errors_disabled": "",
    "permissions_perms_reset": "",
    "permissions_trigger": "",
    "administration_migration_error": "",
    "searches_hex_invalid": "",
    "permissions_global_perms_reset": "",
    "help_module": "",
    "games_hangman_stopped": "",
    "music_autoplaying": "",
    "music_queue_stopped": "",
    "music_removed_song_error": "",
    "music_shuffling_playlist": "",
    "music_songs_shuffle_enable": "",
    "music_songs_shuffle_disable": "",
    "music_song_skips_after": "",
    "administration_warnings_list": ""
}