{
    "clashofclans_base_already_claimed": "Та база је већ под захетвом или је уништена.",
    "clashofclans_base_already_destroyed": "Та база је већ под захтевом.",
    "clashofclans_base_already_unclaimed": "Та база није под захтевом.",
    "clashofclans_base_destroyed": "**УНИШТЕНА** база #{0} у рату против {1}",
    "clashofclans_base_unclaimed": "{0} је **ПОНИШТИО ЗАХТЕВ** за базу #{1} у рату против {2}",
    "clashofclans_claimed_base": "{0} захтева базу #{1} у рату против {2}",
    "clashofclans_claimed_other": "@{0} Ти већ захтеваш базу #{1}. Не можеш захтевати још једну.",
    "clashofclans_claim_expired": "Захтев од @{0} у рату против {1} је истекао.",
    "clashofclans_enemy": "Противник",
    "clashofclans_info_about_war": "Подаци о рату против {0}",
    "clashofclans_invalid_base_number": "Број базе није валидан.",
    "clashofclans_invalid_size": "Величина рата није валидна.",
    "clashofclans_list_active_wars": "Листа ратова у току",
    "clashofclans_not_claimed": "нема захтева",
    "clashofclans_not_partic": "Ти не учествујеш у том рату.",
    "clashofclans_not_partic_or_destroyed": "@{0} Ти или не учествујеш у рату или је та база већ уништена.",
    "clashofclans_no_active_wars": "Нема ратова у току.",
    "clashofclans_size": "Величина",
    "clashofclans_war_already_started": "Рат против {0} је већ почео.",
    "clashofclans_war_created": "Рат против {0} је направљен.",
    "clashofclans_war_ended": "Рат против {0} је завршен.",
    "clashofclans_war_not_exist": "Тај рат не постоји.",
    "clashofclans_war_started": "Рат против {0} је започет!",
    "customreactions_all_stats_cleared": "Сва статистика Реакција по  Избору је обрисана.",
    "customreactions_deleted": "Реакција по Избору обрисана",
    "customreactions_insuff_perms": "Немате дозволу. Потребно је поседовати бота за глобалне Реакције по Избору, а Администратор за серверске Реакције по Избору.",
    "customreactions_list_all": "Листа свих реакција по избору",
    "customreactions_name": "Реакције по Избору",
    "customreactions_new_cust_react": "Нова Реакција по Избору",
    "customreactions_no_found": "Реакција по избору није нађена.",
    "customreactions_no_found_id": "Није нађена реакција са тим идентификатором.",
    "customreactions_response": "Одговор",
    "customreactions_stats": "Статистика Реакција по Избору",
    "customreactions_stats_cleared": "Статистика је обрисана за  {0} реакцију по избору.",
    "customreactions_stats_not_found": "Није нађена статистика за тај окидач. Нема промене.",
    "customreactions_trigger": "Окидач",
    "nsfw_autohentai_stopped": "АутоХентаи заустављен.",
    "nsfw_not_found": "No results found.",
    "pokemon_already_fainted": "{0} је већ онесвешћен.",
    "pokemon_already_full": "{0} је већ потпуно здрав.",
    "pokemon_already_that_type": "Твој тип већ јесте {0}",
    "pokemon_attack": "је искористио {0}{1} на {2}{3} и нанео {4} штете.",
    "pokemon_cant_attack_again": "Не можеш напасти пре узвратног ударца.",
    "pokemon_cant_attack_yourself": "Не можеш напасти себе.",
    "pokemon_fainted": "{0} се онесвестио.",
    "pokemon_healed": "је излечио {0} са једним {1}",
    "pokemon_hp_remaining": "{0} има {1} преосталог здравља.",
    "pokemon_invalid_move": "Не можеш искористити {0}. Укуцај `{1}ml` да би видео листу удараца које можеш користити.",
    "pokemon_moves": "Листа покрета за {0} тип",
    "pokemon_not_effective": "Није ефективно.",
    "pokemon_no_currency": "Немаш довољно {0}",
    "pokemon_revive_other": "је оживео {0} са једним {1}",
    "pokemon_revive_yourself": "Оживео си себе са једним {0}",
    "pokemon_settype_success": "Твој тип је промењен на {0} за један {1}",
    "pokemon_somewhat_effective": "Има неког ефекта!",
    "pokemon_super_effective": "Супер ефективно!",
    "pokemon_too_many_moves": "Користио си превише напада узастопно, не можеш да се крећеш!",
    "pokemon_type_of_user": "{0}-ов тип је {1}",
    "pokemon_user_not_found": "Корисник није нађен.",
    "pokemon_you_fainted": "Онесвешћен си, не можеш да се крећеш.",
    "administration_aar_disabled": "**Auto assign role** on user join is now **disabled**.",
    "administration_aar_enabled": "**Auto assign role** on user join is now **enabled**.",
    "administration_attachments": "Attachments",
    "administration_avatar_changed": "Avatar Changed",
    "administration_bandm": "You have been banned from {0} server.\nReason: {1}",
    "administration_banned_pl": "banned",
    "administration_banned_user": "User Banned",
    "administration_bot_name": "Bot name changed to {0}",
    "administration_bot_status": "Bot status changed to {0}",
    "administration_byedel_off": "Automatic deletion of bye messages has been disabled.",
    "administration_byedel_on": "Bye messages will be deleted after {0} seconds.",
    "administration_byemsg_cur": "Current bye message: {0}",
    "administration_byemsg_enable": "Enable bye messages by typing {0}",
    "administration_byemsg_new": "New bye message set.",
    "administration_bye_off": "Bye announcements disabled.",
    "administration_bye_on": "Bye announcements enabled on this channel.",
    "administration_ch_name_change": "Channel Name Changed",
    "administration_ch_old_name": "Old Name",
    "administration_ch_topic_change": "Channel Topic Changed",
    "administration_cleaned_up": "Cleaned up.",
    "administration_content": "Content",
    "administration_cr": "Sucessfully created role {0}",
    "administration_createtextchan": "Text channel {0} created.",
    "administration_createvoich": "Voice channel {0} created.",
    "administration_deafen": "Deafen successful.",
    "administration_deleted_server": "Deleted server {0}",
    "administration_delmsg_off": "Stopped automatic deletion of successful command invokations.",
    "administration_delmsg_on": "Now automatically deleting sucessful command invokations.",
    "administration_deltextchan": "Text channel {0} deleted.",
    "administration_delvoich": "Voice channel {0} deleted.",
    "administration_dm_from": "DM from",
    "administration_donadd": "Sucessfully added a new donator.Total donated amount from this user: {0} 👑",
    "administration_donators": "Thanks to the people listed below for making this project hjappen!",
    "administration_fwall_start": "I will forward DMs to all owners.",
    "administration_fwall_stop": "I will forward DMs only to the first owner.",
    "administration_fwdm_start": "I will forward DMs from now on.",
    "administration_fwdm_stop": "I will stop forwarding DMs from now on.",
    "administration_greetdel_off": "Automatic deletion of greet messages has been disabled.",
    "administration_greetdel_on": "Greet messages will be deleted after {0} seconds.",
    "administration_greetdmmsg_cur": "Current DM greet message: {0}",
    "administration_greetdmmsg_enable": "Enable DM greet messages by typing {0}",
    "administration_greetdmmsg_new": "New DM greet message set.",
    "administration_greetdm_off": "DM greet announcements disabled.",
    "administration_greetdm_on": "DM greet announcements enabled.",
    "administration_greetmsg_cur": "Current greet message: {0}",
    "administration_greetmsg_enable": "Enable greet messages by typing {0}",
    "administration_greetmsg_new": "New greet message set.",
    "administration_greet_off": "Greet announcements disabled.",
    "administration_greet_on": "Greet announcements enabled on this channel.",
    "administration_hierarchy": "You can't use this command on users with a role higher or equal to yours in the role hierarchy.",
    "administration_images_loaded": "Images loaded after {0} seconds!",
    "administration_invalid_format": "Invalid input format.",
    "administration_invalid_params": "Invalid parameters.",
    "administration_joined": "{0} has joined {1}",
    "administration_kickdm": "You have been kicked from {0} server.\nReason: {1}",
    "administration_kicked_user": "Кикован корисник",
    "administration_lang_list": "List Of Languages",
    "administration_lang_set": "Your server's locale is now {0} - {1}",
    "administration_lang_set_bot": "Bot's default locale is now {0} - {1}",
    "administration_lang_set_bot_show": "Језик бота је постављен на {0} - {1}",
    "administration_lang_set_fail": "Failed setting locale. Revisit this command's help.",
    "administration_lang_set_show": "This server's language is set to {0} - {1}",
    "administration_left": "{0} has left {1}",
    "administration_left_server": "Left server {0}",
    "administration_log": "Logging {0} event in this channel.",
    "administration_log_all": "Logging all events in this channel.",
    "administration_log_disabled": "Logging disabled.",
    "administration_log_events": "Log events you can subscribe to:",
    "administration_log_ignore": "Logging will ignore {0}",
    "administration_log_not_ignore": "Logging will not ignore {0}",
    "administration_log_stop": "Stopped logging {0} event.",
    "administration_menrole": "{0} has invoked a mention on the following roles",
    "administration_message_from_bo": "Message from {0} `[Bot Owner]`:",
    "administration_message_sent": "Message sent.",
    "administration_moved": "{0} moved from {1} to {2}",
    "administration_msg_del": "Message Deleted in #{0}",
    "administration_msg_update": "Message Updated in #{0}",
    "administration_muted_pl": "Muted",
    "administration_muted_sn": "Muted",
    "administration_mute_error": "I don't have the permission necessary for that most likely.",
    "administration_mute_role_set": "New mute role set.",
    "administration_need_admin": "I need **Administration** permission to do that.",
    "administration_new_msg": "New Message",
    "administration_new_nick": "New Nickname",
    "administration_new_topic": "New Topic",
    "administration_nick_change": "Nickname Changed",
    "administration_no_server": "Can't find that server",
    "administration_no_shard_id": "No shard with that ID found.",
    "administration_old_msg": "Стара порука",
    "administration_old_nick": "Стари надимак",
    "administration_old_topic": "Стара тема",
    "administration_perms": "Error. Most likely I don't have sufficient permissions.",
    "administration_perms_reset": "Permissions for this server are reset.",
    "administration_prot_active": "Активне заштите",
    "administration_prot_disable": "{0} has been **disabled** on this server.",
    "administration_prot_enable": "{0} Enabled",
    "administration_prot_error": "Error. I need ManageRoles permission",
    "administration_prot_none": "Нема активних заштита.",
    "administration_raid_cnt": "User threshold must be between {0} and {1}.",
    "administration_raid_stats": "If {0} or more users join within {1} seconds, I will {2} them.",
    "administration_raid_time": "Time must be between {0} and {1} seconds.",
    "administration_rar": "Successfully removed all roles from user {0}",
    "administration_rar_err": "Failed to remove roles. I have insufficient permissions.",
    "administration_rc": "Color of {0} role has been changed.",
    "administration_rc_not_exist": "That role does not exist.",
    "administration_rc_params": "The parameters specified are invalid.",
    "administration_rc_perms": "Error occured due to invalid color or insufficient permissions.",
    "administration_remrole": "Successfully removed role {0} from user {1}",
    "administration_remrole_err": "Failed to remove role. I have insufficient permissions.",
    "administration_renrole": "Role renamed.",
    "administration_renrole_err": "Failed to rename role. I have insufficient permissions.",
    "administration_renrole_perms": "You can't edit roles higher than your highest role.",
    "administration_reprm": "Removed the playing message: {0}",
    "administration_role_added": "Role {0} as been added to the list.",
    "administration_role_clean": "{0} not found.Cleaned up.",
    "administration_role_in_list": "Role {0} is already in the list.",
    "administration_ropl_added": "Added.",
    "administration_ropl_disabled": "Rotating playing status disabled.",
    "administration_ropl_enabled": "Rotating playing status enabled.",
    "administration_ropl_list": "Here is a list of rotating statuses:\n{0}",
    "administration_ropl_not_set": "No rotating playing statuses set.",
    "administration_self_assign_already": "You already have {0} role.",
    "administration_self_assign_already_excl": "You already have {0} exclusive self-assigned role.",
    "administration_self_assign_excl": "Self assigned roles are now exclusive!",
    "administration_self_assign_list": "There are {0} self assignable roles",
    "administration_self_assign_not": "That role is not self-assignable.",
    "administration_self_assign_not_have": "You don't have {0} role.",
    "administration_self_assign_no_excl": "Self assigned roles are now not exclusive!",
    "administration_self_assign_perms": "I am unable to add that role to you. `I can't add roles to owners or other roles higher than my role in the role hierarchy.`",
    "administration_self_assign_rem": "{0} has been removed from the list of self-assignable roles.",
    "administration_self_assign_remove": "You no longer have {0} role.",
    "administration_self_assign_success": "You now have {0} role.",
    "administration_setrole": "Sucessfully added role {0} to user {1}",
    "administration_setrole_err": "Failed to add role. I have insufficient permissions.",
    "administration_set_avatar": "New avatar set!",
    "administration_set_channel_name": "New channel name set.",
    "administration_set_game": "New game set!",
    "administration_set_stream": "New stream set!",
    "administration_set_topic": "New channel topic set.",
    "administration_shard_reconnected": "Shard {0} reconnected.",
    "administration_shard_reconnecting": "Shard {0} reconnecting.",
    "administration_shutting_down": "Shutting down",
    "administration_slowmode_desc": "Users can't send more than {0} messages every {1} seconds.",
    "administration_slowmode_disabled": "Slow mode disabled.",
    "administration_slowmode_init": "Slow mode initiated",
    "administration_soft_banned_pl": "soft-banned (kicked)",
    "administration_spam_ignore": "{0} will ignore this channel.",
    "administration_spam_not_ignore": "{0} will no longer ignore this channel.",
    "administration_spam_stats": "If a user posts {0} same messages in a row, I will {1} them.\n    __IgnoredChannels__: {2}",
    "administration_text_chan_created": "Уништен текстуелни канал",
    "administration_text_chan_destroyed": "Text Channel Destroyed ",
    "administration_undeafen": "Undeafen successful.",
    "administration_unmuted_sn": "Unmuted",
    "administration_username": "Username",
    "administration_username_changed": "Username Changed",
    "administration_users": "Users",
    "administration_user_banned": "User Banned",
    "administration_user_chat_mute": "{0} has been **muted** from chatting.",
    "administration_user_chat_unmute": "{0} has been **unmuted** from chatting.",
    "administration_user_joined": "User Joined",
    "administration_user_left": "User Left",
    "administration_user_muted": "{0} has been **muted** from text and voice chat.",
    "administration_user_role_add": "User's Role Added",
    "administration_user_role_rem": "User's  Role Removed",
    "administration_user_status_change": "{0} is now {1}",
    "administration_user_unmuted": "{0} has been **unmuted** from text and voice chat.",
    "administration_user_vjoined": "{0} has joined {1} voice channel.",
    "administration_user_vleft": "{0} has left {1} voice channel.",
    "administration_user_vmoved": "{0} moved from {1} to {2} voice channel.",
    "administration_user_voice_mute": "{0} has been **voice muted**.",
    "administration_user_voice_unmute": "{0} has been **voice unmuted**.",
    "administration_voice_chan_created": "Voice Channel Destroyed",
    "administration_voice_chan_destroyed": "Voice Channel Destroyed",
    "administration_vt_disabled": "Disabled voice + text feature.",
    "administration_vt_enabled": "Enabled voice + text feature.",
    "administration_vt_exit": "I don't have **manage roles** and/or **manage channels** permission, so I cannot run `voice+text` on {0} server.",
    "administration_vt_no_admin": "You are enabling/disabling this feature and **I do not have ADMINISTRATOR permissions**. This may cause some issues, and you will have to clean up text channels yourself afterwards.",
    "administration_vt_perms": "I require atleast **manage roles** and **manage channels** permissions to enable this feature. (preffered Administration permission)",
    "administration_xmuted_text": "User {0} from text chat",
    "administration_xmuted_text_and_voice": "User {0} from text and voice chat",
    "administration_xmuted_voice": "User {0} from voice chat",
    "administration_sbdm": "You have been soft-banned from {0} server.\nReason: {1}",
    "administration_user_unbanned": "User Unbanned",
    "administration_migration_done": "Migration done!",
    "administration_migration_error": "Error while migrating, check bot's console for more information.",
    "administration_presence_updates": "Presence Updates",
    "administration_sb_user": "User Soft-Banned",
    "gambling_awarded": "has awarded {0} to {1}",
    "gambling_better_luck": "Better luck next time ^_^",
    "gambling_br_win": "Congratulations! You won {0} for rolling above {1}",
    "gambling_deck_reshuffled": "Deck reshuffled.",
    "gambling_flipped": "flipped {0}.",
    "gambling_flip_guess": "You guessed it! You won {0}",
    "gambling_flip_invalid": "Invalid number specified. You can flip 1 to {0} coins.",
    "gambling_flowerreaction_desc": "Add {0} reaction to this message to get {1} ",
    "gambling_flowerreaction_footer": "This event is active for up to {0} hours.",
    "gambling_flowerreaction_title": "Flower reaction event started!",
    "gambling_gifted": "has gifted {0} to {1}",
    "gambling_has": "{0} has {1}",
    "gambling_heads": "Heads",
    "gambling_leaderboard": "Leaderboard",
    "gambling_mass_award": "Awarded {0} to {1} users from {2} role.",
    "gambling_max_bet_limit": "You can't bet more than {0}",
    "gambling_min_bet_limit": "You can't bet less than {0}",
    "gambling_not_enough": "You don't have enough {0}",
    "gambling_no_more_cards": "No more cards in the deck.",
    "gambling_raffled_user": "Raffled User",
    "gambling_roll": "You rolled {0}.",
    "gambling_slot_bet": "Bet",
    "gambling_slot_jackpot": "WOAAHHHHHH!!! Congratulations!!! x{0}",
    "gambling_slot_single": "A single {0}, x{1}",
    "gambling_slot_three": "Wow! Lucky! Three of a kind! x{0}",
    "gambling_slot_two": "Good job! Two {0} - bet x{1}",
    "gambling_slot_won": "Won",
    "gambling_sneakygamestatus_desc": "Users must type a secret code to get {0}.\nLasts {1} seconds. Don't tell anyone. Shhh.",
    "gambling_sneakygamestatus_end": "SneakyGame event ended. {0} users received the reward.",
    "gambling_sneakygamestatus_title": "SneakyGameStatus event started",
    "gambling_tails": "Tails",
    "gambling_take": "successfully took {0} from {1}",
    "gambling_take_fail": "was unable to take {0} from{1} because the user doesn't have that much {2}!",
    "help_back_to_toc": "Назад на Садржај",
    "help_bot_owner_only": "Само Власник Бота",
    "help_channel_permission": "Захтева {0} дозволу на каналу.",
    "help_cmdlist_donate": "Можете подржати пројекат на Пејтриону: <{0}> или Пејпалу: <{1}>",
    "help_cmd_and_alias": "Команде и псеудоними",
    "help_commandlist_regen": "Листа команди је обновљена.",
    "help_commands_instr": "Укуцај `{0}h ИмеКоманде` да видиш помоћ за ту команду. нпр. `{0}h >8ball`",
    "help_command_not_found": "Не могу да нађем ту команду. Проверите да ли команда постоји, па покушајте поново.",
    "help_desc": "Опис",
    "help_donate": "Можете подржати НадекоБот пројекат на \nПејтриону <{0}> или\nПејпалу <{1}>\nНе заборавите да оставите своје корисничко име или ИД.\n\n**Хвала** ♥️",
    "help_guide": "**List of Commands**: <{0}>\n**Hosting Guides and docs can be found here**: <{1}>",
    "help_list_of_commands": "Листа Команди",
    "help_list_of_modules": "Листа Модула",
    "help_modules_footer": "Укуцај `{0}cmds ИмеМодула` да видиш листу свих команди у том модулу. нпр `{0}cmds games`",
    "help_module_not_found": "Тај модул не постоји.",
    "help_server_permission": "Захтева {0} дозволу на серверу.",
    "help_table_of_contents": "Садржај",
    "help_usage": "Упутство",
    "nsfw_autohentai_started": "Аутохентаи започет. Постоваћу сваких {0} сек. користећи један од следећих тагова:\n{1}",
    "nsfw_tag": "Таг",
    "gambling_animal_race": "Трка Животиња",
    "gambling_animal_race_failed": "Започињање трке није успело јер нема довољно учесника.",
    "gambling_animal_race_full": "Трка је пуна! Почиње одмах.",
    "gambling_animal_race_join": "{0} се прикључио као {1}",
    "gambling_animal_race_join_bet": "{0} се прикључио као {1} и уложио {2}!",
    "gambling_animal_race_join_instr": "Укуцај {0}jr да би се прикључио трци.",
    "gambling_animal_race_starting": "Почиње за 20 секунди или када је соба пуна.",
    "gambling_animal_race_starting_with_x": "Почиње са {0} учесника.",
    "gambling_animal_race_won": "{0} као {1} је победио!",
    "gambling_animal_race_won_money": "{0} као {1} је победио трку и освојио {2}!",
    "gambling_dice_invalid_number": "Неисправан број. Можете бацити {0}-{1} коцкица у исто време.",
    "gambling_dice_rolled": "је добио {0}",
    "gambling_dice_rolled_num": "Коцкица бачена: {0}",
    "gambling_race_failed_starting": "Неуспешно започињање партије. Друга трка је вероватно у току.",
    "gambling_race_not_exist": "Не постоји трка на овом серверу.",
    "gambling_second_larger_than_first": "Други број мора бити већи од првог.",
    "gambling_changes_of_heart": "Промена Осећања",
    "gambling_claimed_by": "Присвојена од стране",
    "gambling_divorces": "Развода",
    "gambling_likes": "Свиђа јој се",
    "gambling_price": "Цена",
    "gambling_waifus_none": "Ниједна waifu још није присвојена.",
    "gambling_waifus_top_waifus": "Најбоље Waifu",
    "gambling_waifu_affinity_already": "твој афинитет је већ постављен на ту waifu или покушаваш да обришеш афинитет који не постоји.",
    "gambling_waifu_affinity_changed": "променили су афинитет са {0} на {1}.",
    "gambling_waifu_affinity_cooldown": "Морате сачекати {0} сати и {1} минута да поново промените афинитет.",
    "gambling_waifu_affinity_reset": "Твој афинитет је ресетован, Више немаш особу која ти се свиђа.",
    "gambling_waifu_affinity_set": "хоће да буде waifu од {0}",
    "gambling_waifu_claimed": "је присвојио {0} као своју waifu за {1}!",
    "gambling_waifu_divorced_like": "Развео си waifu којој се свиђаш. Душмане! {0} је добио {1} као компензацију.",
    "gambling_waifu_egomaniac": "не можеш ставити афинитет на себе, егоманијаче.",
    "gambling_waifu_fulfilled": "🎉 Њихова љубав је испуњена! 🎉\nНова вредност за {0} је {1}!",
    "gambling_waifu_isnt_cheap": "Ни једна waifu није тако јефтина. Мораш да платиш бар {0} да би имао waifu, чак иако је њена вредност мања.",
    "gambling_waifu_not_enough": "Мораш да платиш {0} или више да би присвојио ту waifu.",
    "gambling_waifu_not_yours": "Та waifu није твоја.",
    "gambling_waifu_not_yourself": "Не можеш присвојити себе.",
    "gambling_waifu_recent_divorce": "Скоро сте се развели. Морате сачекати {0} сати и {1} минута да се разведете поново.",
    "gambling_nobody": "Нико",
    "gambling_waifu_divorced_notlike": "Развео си waifu којој се не свиђаш. Добио си {0} назад.",
    "games_8ball": "8кугла",
    "games_acrophobia": "Акрофобија",
    "games_acro_ended_no_sub": "Игра је се завршила без уноса.",
    "games_acro_no_votes_cast": "Нема гласова. Игра је се завршила без победника.",
    "games_acro_nym_was": "Акроним је био {0}.",
    "games_acro_running": "Игра акрофобије већ постоји у овом каналу.",
    "games_acro_started": "Игра је почела. Направи реченицу са овим акронимом: {0}",
    "games_acro_started_footer": "Имате {0} секунди за унос.",
    "games_acro_submit": "{0} су доставили своју реченицу. ({1} укупно)",
    "games_acro_vote": "Гласај тако што укуцаш број уноса.",
    "games_acro_vote_cast": "{0} је гласао!",
    "games_acro_winner": "Победник је {0} са {1} поена.",
    "games_acro_winner_only": "{0} је победник зато што је једини корисник са уносом.",
    "games_question": "Питање",
    "games_rps_draw": "Нерешено! Обоје сте изабрали {0}",
    "games_rps_win": "{0} је победио! {1} је јаче од {2}",
    "games_submissions_closed": "Уноси затворени",
    "gambling_animal_race_already_started": "Трка животиња већ постоји.",
    "gambling_total_average": "Укупно: {0} Просечно: {1}",
    "games_category": "Категорија",
    "games_cleverbot_disabled": "Клевербот је угашен на овом серверу.",
    "games_cleverbot_enabled": "Клевербот је упаљен на овом серверу.",
    "games_curgen_disabled": "Генерација валуте је угашена на овом каналу.",
    "games_curgen_enabled": "Генерација валуте је упаљена на овом каналу.",
    "games_curgen_pl": "{0} случајних {1} се појавило!",
    "games_curgen_sn": "Случајан {0} се појавио!",
    "games_failed_loading_question": "Није успело учитавање питања.",
    "games_game_started": "Игра је почела",
    "games_hangman_game_started": "Игра вешалица је почела",
    "games_hangman_running": "Игра вешалица већ постоји на овом каналу.",
    "games_hangman_start_errored": "Игра вешалица није успешно почела.",
    "games_hangman_types": "Листа \"{0}hangman\" типова термина:",
    "games_leaderboard": "Ранг листа\n",
    "games_not_enough": "Немаш довољно {0}",
    "games_no_results": "Нема резултата.",
    "games_picked": "је убрао {0}",
    "games_planted": "{0} је засадио {1}",
    "games_trivia_already_running": "Игра тривије већ постоји на овом серверу.",
    "games_trivia_game": "Игра тривије",
    "games_trivia_guess": "{0} је погодио! Одговор је био: {1}",
    "games_trivia_none": "Нема тривије у току на овом серверу.",
    "games_trivia_points": "{0} има {1} поена",
    "games_trivia_stopping": "Игра се зауставља после овог питања.",
    "games_trivia_times_up": "Време је истекло! Тачан одговор је {0}",
    "games_trivia_win": "{0} је погодио и ПОБЕДИО игру! Одговор је био: {1}",
    "games_ttt_against_yourself": "Не можеш играти против себе.",
    "games_ttt_already_running": "Игра икс-окс већ постоји на овом каналу.",
    "games_ttt_a_draw": "Нерешено!",
    "games_ttt_created": "је направио игру икс-окса.",
    "games_ttt_has_won": "{0} је победио!",
    "games_ttt_matched_three": "Три спојене",
    "games_ttt_no_moves": "Нема више потеза!",
    "games_ttt_time_expired": "Време је истекло!",
    "games_ttt_users_move": "{0}-ов потез.",
    "games_vs": "{0} против {1}",
    "music_attempting_to_queue": "Покушавам да учитам {0} песама...",
    "music_autoplay_disabled": "Аутопуштање је угашено.",
    "music_autoplay_enabled": "Аутопуштање је упаљено.",
    "music_defvol_set": "Стална вредност јачине је понедешена на {0}%",
    "music_dir_queue_complete": "Директоријум успешно стављен у плејлисту.",
    "music_fairplay": "ферплеј",
    "music_finished_song": "Песма је завршена",
    "music_fp_disabled": "Ферплеј је угашен.",
    "music_fp_enabled": "Ферплеј је упаљен.",
    "music_from_position": "Са позиције",
    "music_id": "ИД",
    "music_invalid_input": "Нисправан унос.",
    "music_max_playtime_none": "Максимални плејтајм више нема лимит.",
    "music_max_playtime_set": "Максимално време пуштања је сада {0} секунди.",
    "music_max_queue_unlimited": "Максимална величина реда је неограничена.",
    "music_max_queue_x": "Максимална величина реда подешена на {0} песама.",
    "music_must_be_in_voice": "Требаш бити у говорном каналу на овом серверу.",
    "music_name": "Име",
    "music_now_playing": "Сада се пушта",
    "music_no_player": "Нема активног музичког плејера.",
    "music_no_search_results": "Нема резултата претраге.",
    "music_paused": "Музика је паузирана.",
    "music_player_queue": "Ред пуштања - Страна {0}/{1}",
    "music_playing_song": "Пушта се песма",
    "music_playlists": "`#{0}` - **{1}** by *{2}* ({3} песама)",
    "music_playlists_page": "Страна {0} сачуваних плејлисти",
    "music_playlist_deleted": "Плејлиста обрисана.",
    "music_playlist_delete_fail": "Није успело брисање те плејлисте. Или не постоји, или ниси ти ниси њен аутор.",
    "music_playlist_id_not_found": "Плејлиста са тим ИДем не постоји.",
    "music_playlist_queue_complete": "Успешно учитавање плејлисте.",
    "music_playlist_saved": "Плејлиста је сачувана.",
    "music_play_limit": "{0}s лимит",
    "music_queue": "Ред",
    "music_queued_song": "Песма је учитана",
    "music_queue_cleared": "Музички ред је очишћен.",
    "music_queue_full": "Ред је пун на {0}/{0}.",
    "music_removed_song": "Песма је обрисана",
    "music_repeating_cur_song": "Понављам тренутну песму",
    "music_repeating_playlist": "Понављам плејлисту",
    "music_repeating_track": "Понављам нумеру",
    "music_repeating_track_stopped": "Понављање нумбере стопирано.",
    "music_resumed": "Музика је пуштена.",
    "music_rpl_disabled": "Понављање плејлисте је угашено.",
    "music_rpl_enabled": "Понављање плејлисте је упаљено.",
    "music_set_music_channel": "Исписиваћу поруке за почетак, крај, паузу и брисање песме у овом каналу.",
    "music_skipped_to": "Прескочено на `{0}:{1}`",
    "music_songs_shuffled": "Песме су измешане",
    "music_song_moved": "Песме су померене",
    "music_time_format": "{0}х {1}м {2}с",
    "music_to_position": "На позицију",
    "music_unlimited": "неограничено",
    "music_volume_input_invalid": "Јачина звука мора бити између 0 и 100",
    "music_volume_set": "Јачина звука подешена на {0}%",
    "permissions_acm_disable": "Искључено коришћење СВИХ МОДУЛА на каналу {0}.",
    "permissions_acm_enable": "Укључено коришћење СВИХ МОДУЛА на каналу {0}.",
    "permissions_allowed": "Дозвољено",
    "permissions_arm_disable": "Искључено коришћење СВИХ МОДУЛА за ролу {0}.",
    "permissions_arm_enable": "Укључено коришћење СВИХ МОДУЛА за ролу {0}.",
    "permissions_asm_disable": "Искључено коришћење СВИХ МОДУЛА на овом серверу.",
    "permissions_asm_enable": "Укључено коришћење СВИХ МОДУЛА на овом серверу.",
    "permissions_aum_disable": "Искључено коришћење СВИХ МОДУЛА за корисника {0}.",
    "permissions_aum_enable": "Укључено коришћење СВИХ МОДУЛА за корисника {0}.",
    "permissions_blacklisted": "{0} сa ИДем {1} је стављен на црну листу.",
    "permissions_cmdcd_add": "Команда {0} сада има {1}с кулдаун. ",
    "permissions_cmdcd_cleared": "Команда{0} сада нема кулдаун и сви постојећи кулдаунови су обрисани.",
    "permissions_cmdcd_none": "Нема кулдауна за команде.",
    "permissions_command_costs": "Цене команди",
    "permissions_cx_disable": "Искључено коришћење {0} {1} на каналу {2}.",
    "permissions_cx_enable": "Укључено коришћење {0} {1} на каналу {2}.",
    "permissions_denied": "Забрањено",
    "permissions_filter_word_add": "Додата реч {0} у листу филтрираних речи.",
    "permissions_filter_word_list": "Листа филтрираних речи",
    "permissions_filter_word_remove": "Уклоњена реч {0} из листе филтрираних речи.",
    "permissions_invalid_second_param_between": "Неисправан други параметар. (Мора бити број између {0} и {1})",
    "permissions_invite_filter_channel_off": "Филтрирање позивница је угашено на овом каналу.",
    "permissions_invite_filter_channel_on": "Филтрирање позивница је упаљено на овом каналу.",
    "permissions_invite_filter_server_off": "Филтрирање позивница је угашено на овом серверу.",
    "permissions_invite_filter_server_on": "Филтрирање позивница је упаљено на овом серверу.",
    "permissions_moved_permission": "Померена дозвола {0} са #{1} на #{2}",
    "permissions_not_found": "Не могу да пронађем дозволу са индексом #{0}",
    "permissions_no_costs": "Нема постављених цена.",
    "permissions_of_command": "команде",
    "permissions_of_module": "модула",
    "permissions_page": "Страна са дозволама {0}",
    "permissions_permrole": "Тренутна рола за дозволе је {0}.",
    "permissions_permrole_changed": "Корисници сада захтевају {0} ролу да би мењали дозволе.",
    "permissions_perm_out_of_range": "Не постоји дозвола са тим индексом.",
    "permissions_removed": "уклоњена дозвола #{0} - {1}",
    "permissions_rx_disable": "Искључено коришћење {0} {1} за {2} ролу.",
    "permissions_rx_enable": "Укључено коришћење {0} {1} за {2} ролу.",
    "permissions_sec": "сек.",
    "permissions_sx_disable": "Искључено коришћење {0} {1} на овом серверу.",
    "permissions_sx_enable": "Укључено коришћење {0} {1} на овом серверу.",
    "permissions_unblacklisted": "{0} сa ИДем {1} је скинут са црне листе.",
    "permissions_uneditable": "неизмењиво",
    "permissions_ux_disable": "Искључено коришћење {0} {1} за {2} корисника.",
    "permissions_ux_enable": "Укључено коришћење {0} {1} за {2} корисника.",
    "permissions_verbose_false": "Више нећу приказивати упозорења за дозволе.",
    "permissions_verbose_true": "Од сада ћу приказивати упозорења за дозволе.",
    "permissions_word_filter_channel_off": "Филтрирање речи је угашено на овом каналу.",
    "permissions_word_filter_channel_on": "Филтрирање речи је упаљено на овом каналу.",
    "permissions_word_filter_server_off": "Филтрирање речи је угашено на овом серверу.",
    "permissions_word_filter_server_on": "Филтрирање речи је упаљено на овом серверу.",
    "searches_abilities": "Моћи",
    "searches_anime_no_fav": "Нема омиљених анимеа.",
    "searches_atl_ad_started": "Започето аутоматско превођење порука у овом каналу. Поруке корисника ће бити аутоматски обрисане.",
    "searches_atl_removed": "твој језик ауто-превођења је обрисан.",
    "searches_atl_set": "Ваш језик за превођење је постављен од {0}>{1}",
    "searches_atl_started": "Започето аутоматско превођење порука на овом каналу",
    "searches_atl_stopped": "Стопирано аутоматско превођење порука на овом каналу",
    "searches_bad_input_format": "Није добар формат уноса, или нешто друго.",
    "searches_card_not_found": "Не могу да нађем ту карту.",
    "searches_catfact": "чињеница",
    "searches_chapters": "Поглавља",
    "searches_comic_number": "Стрип #",
    "searches_compet_loses": "Такмичарских партија изгубљено",
    "searches_compet_played": "Такмичарских партија играно",
    "searches_compet_rank": "Такмичарски ранг",
    "searches_compet_wins": "Такмичних победа",
    "searches_completed": "Завршено",
    "searches_condition": "Услови",
    "searches_cost": "Цена",
    "searches_date": "Датум",
    "searches_define": "Дефиниши:",
    "searches_dropped": "Испуштене",
    "searches_episodes": "Епизода",
    "searches_error_occured": "Дошло је до грешке.",
    "searches_example": "Пример",
    "searches_failed_finding_anime": "Није нађен тај аниму.",
    "searches_failed_finding_manga": "Није нађен тај манго.",
    "searches_genres": "Жанрови",
    "searches_hashtag_error": "Није успешно проналажење дефиниције за тај таг.",
    "searches_height_weight": "Висина/Ширина",
    "searches_height_weight_val": "{0}м/{1}кг",
    "searches_humidity": "Влажност Ваздуха",
    "searches_image_search_for": "Претрага слика за:",
    "searches_imdb_fail": "Филм није нађен.",
    "searches_invalid_lang": "Неисправан почетни или крајњи језик.",
    "searches_jokes_not_loaded": "Вицеви нису учитани",
    "searches_latlong": "Лат/Лонг",
    "searches_level": "Ниво",
    "searches_list_of_place_tags": "Листа {0}place тагова",
    "searches_location": "Место",
    "searches_magicitems_not_loaded": "Магични предмети нису учитани.",
    "searches_mal_profile": "{0}'s МАЛ профил",
    "searches_mashape_api_missing": "Власник бота није унео MashapeApiKey. Не можете да користите ову функционалност.",
    "searches_min_max": "Мин/Макс",
    "searches_no_channel_found": "Канал није пронађен.",
    "searches_no_results": "Нема резултата.",
    "searches_on_hold": "Паузирано",
    "searches_original_url": "Оригинални линк",
    "searches_osu_api_key": "Захтева се osu! API кључ.",
    "searches_osu_failed": "Неуспешно учитавање osu! потписа.",
    "searches_over_x": "Пронађено преко {0} слика. Насумично учитавам {0}.",
    "searches_ow_user_not_found": "Корисник није пронађен. Проверите регион и BattleTag пре него што покушате поново.",
    "searches_plan_to_watch": "Планира да гледа",
    "searches_platform": "Платформа",
    "searches_pokemon_ability_none": "Није пронађена моћ.",
    "searches_pokemon_none": "Није пронађен покемон.",
    "searches_profile_link": "Линк ка профилу:",
    "searches_quality": "Квалитет:",
    "searches_quick_playtime": "Време игре у квик моду",
    "searches_quick_wins": "Победа у квик моду",
    "searches_rating": "Рејтинг",
    "searches_score": "Скор:",
    "searches_search_for": "Тражи за:",
    "searches_shorten_fail": "Није успешно скраћивање тог линка.",
    "searches_short_url": "Кратак линк",
    "searches_something_went_wrong": "Дошло је до грешке.",
    "searches_specify_search_params": "Унеси параметре за претрагу.",
    "searches_status": "Статус",
    "searches_store_url": "Линк Продавнице",
    "searches_streamer_offline": "Стример {0} није на мрежи.",
    "searches_streamer_online": "Стример {0} је на мрежи са {1} прегледа.",
    "searches_streams_following": "Пратите стримера {0} на овом серверу.",
    "searches_streams_none": "Не пратиш ниједан стрим ан овом серверу.",
    "searches_stream_no": "Нема тог стрима.",
    "searches_stream_not_exist": "Стрим вероватно не постоји.",
    "searches_stream_removed": "Уклоњен {0} стрим ({1}) из обавештења. ",
    "searches_stream_tracked": "Обавестићу овај канал када се статус промени.",
    "searches_sunrise": "Излазак сунца",
    "searches_sunset": "Залазак сунца",
    "searches_temperature": "Температура",
    "searches_title": "Наслов:",
    "searches_top_3_fav_anime": "3 омиљене аниме:",
    "searches_translation": "Превод:",
    "searches_types": "Типови",
    "searches_ud_error": "Неуспешно проналажење дефиниције за тај термин",
    "searches_url": "Линк",
    "searches_viewers": "Гледаоци",
    "searches_watching": "Гледа",
    "searches_wikia_error": "Није успешно проналажење термина на тој викији.",
    "searches_wikia_input_error": "Унеси име викије, а затим термин за претрагу.",
    "searches_wiki_page_not_found": "Страница није нађена.",
    "searches_wind_speed": "Брзина ветра",
    "searches_x_most_banned_champs": "{0} највише банованих хероја",
    "searches_yodify_error": "Јодификовање реченице није успешно.",
    "utiliity_joined": "Ушао",
    "utility_activity_line": "`{0}.` {1} [{2:F2}/s] - {3} укупно",
    "utility_activity_page": "Страна активности #{0}",
    "utility_activity_users_total": "{0} укупно корисника.",
    "utility_author": "Аутор",
    "utility_botid": "Бот ИД",
    "utility_calcops": "Листа функција у {0}calc команди",
    "utility_channelid": "{0} овог канала је {1}",
    "utility_channel_topic": "Тема канала",
    "utility_commands_ran": "Извршених команди",
    "utility_convert": "{0} {1} је једнако {2} {3}",
    "utility_convertlist": "Мере које могу бити коришћене у конвертеру",
    "utility_convert_not_found": "Неуспешно конвертовање {0} у {1}: мера није пронађена",
    "utility_convert_type_error": "Неуспешно конвертовање {0} у {1}: типови мера нису једнаки",
    "utility_created_at": "Направљен",
    "utility_csc_join": "Прикључен у међусерверни канал.",
    "utility_csc_leave": "Међусерверни канал напуштен.",
    "utility_csc_token": "Ово је твој CSC токен",
    "utility_custom_emojis": "Емотикони по Мери",
    "utility_error": "Грешка",
    "utility_features": "Додатак",
    "utility_id": "ИД",
    "utility_index_out_of_range": "Индекс је ван опсега.",
    "utility_inrole_list": "Листа корисника у роли {0}.",
    "utility_inrole_not_allowed": "није ти дозвољено да користиш ову команду на ролама са пуно корисника да би се спречила злоупотреба.",
    "utility_invalid_value": "Нетачна вредност {0}.",
    "utility_joined_discord": "Регистровао се",
    "utility_joined_server": "Ушао на сервер",
    "utility_listservers": "ИД: {0}\nЧланова; {1}\nИд Власника; {2}",
    "utility_listservers_none": "Нема сервера на овој страници.",
    "utility_list_of_repeaters": "Листа Понављача",
    "utility_members": "Чланова",
    "utility_memory": "Меморија",
    "utility_messages": "Поруке",
    "utility_message_repeater": "Понављач Порука",
    "utility_name": "Име",
    "utility_nickname": "Надимак",
    "utility_nobody_playing_game": "Нико не игра ту игру.",
    "utility_no_active_repeaters": "Нема активних понављача.",
    "utility_no_roles_on_page": "Нема рола на овој страни.",
    "utility_no_shards_on_page": "Нема шардова на овој страни.",
    "utility_no_topic_set": "Нема теме.",
    "utility_owner": "Бласник",
    "utility_owner_ids": "ИДеви Власника",
    "utility_presence": "Присуство",
    "utility_presence_txt": "{0} Сервера\n{1} Текстуалних Канала\n{2} Говорних Канала",
    "utility_quotes_deleted": "Обрисани су сви цитати са кључном речи {0}.",
    "utility_quotes_page": "Страна {0} цитата.",
    "utility_quotes_page_none": "Нема цитата на овој страни.",
    "utility_quotes_remove_none": "Није нађен цитат који можеш да обришеш.",
    "utility_quote_added": "Цитат додат",
    "utility_quote_deleted": "Цитат #{0} је обрисан.",
    "utility_region": "Регион",
    "utility_registered_on": "Регистрован",
    "utility_remind": "Подсетићу {0} да {1} у {2} `({3:d.M.yyyy.} at {4:HH:mm})` ",
    "utility_remind_invalid_format": "Није исправан формат времена. Проверите листу команди.",
    "utility_remind_template": "Нови темплејт за подсетник је постаљен.",
    "utility_repeater": "Понављање {0} сваких {1} дан(а), {2} сат(а) и {3} минута(а).",
    "utility_repeaters_list": "Листа понављача",
    "utility_repeaters_none": "Нема понављача на овом серверу.",
    "utility_repeater_stopped": "#{0} прекинуто. ",
    "utility_repeat_invoke_none": "Нису пронађене понављајуће поруке на овом серверу.",
    "utility_result": "Резултат",
    "utility_roles": "Роле",
    "utility_roles_all_page": "Страна #{0} свих рола на овом серверу: ",
    "utility_roles_page": "Страна #{0} рола за {1} ",
    "utility_rrc_no_colors": "Боје нису у исправном формату. Користите `#00ff00` као пример.",
    "utility_rrc_start": "Започето ротирање боје {0} роле. ",
    "utility_rrc_stop": "Стопирано ротираење боја за {0} ролу.",
    "utility_serverid": "{0} овог сервера је {1} ",
    "utility_server_info": "Инфо Сервера",
    "utility_shard": "Шард",
    "utility_shard_stats": "Статови Шардова",
    "utility_shard_stats_txt": "Шард **#{0}** је у {1} стању са {2} сервера.",
    "utility_showemojis": "**Име:** {0} **Линк:** {1} ",
    "utility_showemojis_none": "Нема специјалних емотикона.",
    "utility_stats_songs": "Пуштено {0} песама, {1} на чекању. ",
    "utility_text_channels": "Текст Канали",
    "utility_togtub_room_link": "Ево га твој линк ка соби:",
    "utility_uptime": "Време Рада",
    "utility_userid": "{0} од корисника {1} је {2} ",
    "utility_users": "Корисници",
    "utility_voice_channels": "Говорни канал",
    "gambling_animal_race_already_in": "Већ си у овој трци!",
    "games_current_poll_results": "Тренутни резултати анкете",
    "games_no_votes_cast": "Нема гласова.",
    "games_poll_already_running": "Анкета већ постоји на овом серверу.",
    "games_poll_created": "📃 {0} је направио анкету која захтева вашу пажњу.",
    "games_poll_result": "`{0}.` {1} са {2} гласова. ",
    "games_poll_voted": "{0} је гласао",
    "games_poll_vote_private": "Пошаљите ми број одговора у приватној поруци.",
    "games_poll_vote_public": "Пошаљите број одговора у овом каналу.",
    "games_thanks_for_voting": "Хвала што сте гласали, {0}.",
    "games_x_votes_cast": "{0} укупан број гласова.",
    "games_pick_pl": "Покупите их куцајући `{0}pick` ",
    "games_pick_sn": "Покупи тако што укуцаш `{0}pick`",
    "gambling_no_users_found": "Нема корисника.",
    "gambling_page": "страница {0}",
    "administration_must_be_in_voice": "Мораш бити у гласовном каналу на овом серверу.",
    "administration_no_vcroles": "Нема рола за говорне канале.",
    "administration_user_muted_time": "{0} је **занемљен** из текстовних и гласовних канала на {1} минута. ",
    "administration_vcrole_added": "Корисници који уђу у говорни канал {0} ће добити ролу {1}.",
    "administration_vcrole_removed": "Корисници који се придруже {0} говорни канал више неће добити улогу.",
    "administration_vc_role_list": "Воице канала улоге",
    "customreactions_crad_disabled": "Порука ов прилагођене реакцију са ИД {0} неће бити аутоматски обрисан.",
    "customreactions_crad_enabled": "Порука ов прилагођене реакцију са ИД {0} ће се аутоматски бришу.",
    "customreactions_crdm_disabled": "Одговор порука за прилагођену реакције са ИД {0} неће бити послата као директна порука",
    "customreactions_crdm_enabled": "Одговор порука за прилагођену реакције са ИД {0} ће бити послат као ДМ.",
    "utility_aliases_none": "Но звани нашао",
    "utility_alias_added": "куцање {0} ће сада бити алиас {1}.",
    "utility_alias_list": "Листа псеудонимима",
    "utility_alias_removed": "Окидач {0} више нема псеудоним.",
    "utility_alias_remove_fail": "Окидач {0} није имао псеудоним.",
    "searches_compet_playtime": "конкурентна време за игру",
    "administration_channel": "канал",
    "administration_command_text": "команда Текст",
    "administration_kicked_pl": "шутирали",
    "administration_moderator": "модератор",
    "administration_page": "страница {0}",
    "administration_reason": "Разлог",
    "administration_scadd": "Нова покретање команда додаје.",
    "administration_scrm": "Стартуп команда успешно уклоњен.",
    "administration_scrm_fail": "Стартуп цомманд нот фоунд.",
    "administration_server": "Сервер",
    "administration_startcmdlist_none": "Без почетних команде на овој страници.",
    "administration_startcmds_cleared": "Очишћена све покретање команде.",
    "administration_unbanned_user": "Корисник {0} је скинут бан.",
    "administration_user_not_found": "Корисник није пронађен.",
    "administration_user_warned": "Корисник {0} је упозорио.",
    "administration_user_warned_and_punished": "Корисник {0} је упозорио и {1} казна је примењен.",
    "administration_warned_on": "Упозорио на {0} сервера",
    "administration_warned_on_by": "{0} у {1} ​​до {2}",
    "administration_warnings_cleared": "Сва упозорења су дозволу за {0}.",
    "administration_warnings_none": "Без упозорења на овој страници.",
    "administration_warnlog_for": "Упозорење за {0}",
    "administration_warnpl_none": "Нема казне сет.",
    "administration_warn_cleared_by": "избацила {0}",
    "administration_warn_punish_list": "Упозорење листу казну",
    "administration_warn_punish_rem": "Имајући {0} упозорења не ће активирати казну.",
    "administration_warn_punish_set": "Ја ће се односити {0} казну за кориснике са {1} упозорења.",
    "administration_slowmodewl_role_start": "Споро режим ће сада игнорисати {0} улогу.",
    "administration_slowmodewl_role_stop": "Словмоде више неће игнорисати {0} улогу.",
    "administration_slowmodewl_user_start": "Споро режим неће игнорисати корисника {0}.",
    "administration_slowmodewl_user_stop": "Споро режим више неће игнорисати корисника {0}.",
    "utility_clpa_fail": "Фаилед тврдећи награде због једног од следећих разлога:",
    "utility_clpa_fail_already": "Можда сте већ добили награду за овај месец. Можете примати награде само једном месечно ако не повећате заклетву.",
    "utility_clpa_fail_already_title": "već награђени",
    "utility_clpa_fail_conn": "Ваш неслога рачун не може бити прикључен на Патреон. Ако нисте сигурни шта то значи, или не знају како да се повеже - морате да идете у [Патреон Подешавања налога] (https://patreon.com/settings/account) и кликните на \"Цоннецт то неслогу 'дугме .",
    "utility_clpa_fail_conn_title": "Неслога рачун није повезан",
    "utility_clpa_fail_sup": "Да би се остварило право на награду, морате подржати пројекат на патреон. Можете да користите {0} наредбу да добије везу.",
    "utility_clpa_fail_sup_title": "не подржава",
    "utility_clpa_fail_wait": "Мораћете да сачекате неколико сати након што своју заклетву, ако нисте, покушајте поново касније.",
    "utility_clpa_fail_wait_title": "Сачекајте мало времена",
    "utility_clpa_success": "Сте примили {0} Хвала на подршци пројекту!",
    "utility_clpa_too_early": "Награде може тврдити или после 5. у месецу.",
    "searches_time": "Тиме ин {0} је {1} - {2}",
    "administration_rh": "Подесите приказ клански улоге {0} до {1}.",
    "gambling_name": "име",
    "gambling_shop": "продавница",
    "gambling_shop_item_add": "Схоп ставка је додата",
    "gambling_shop_none": "Но схоп ставки на овој страници.",
    "gambling_shop_role": "Добићете {0} улогу.",
    "gambling_type": "Тип",
    "utility_clpa_next_update": "Следеће ажурирање у {0}",
    "administration_global_perms_reset": "Глобални дозволе су ресет.",
    "administration_gvc_disabled": "Игра карактеристика Глас канал је онемогућен на овом серверу.",
    "administration_gvc_enabled": "{0} је игра Глас канал сада.",
    "administration_not_in_voice": "Нисте у говорног канала на овом серверу.",
    "gambling_item": "ставка",
    "gambling_out_of_stock": "Нема на залихи.",
    "gambling_random_unique_item": "Рандом уникат.",
    "gambling_shop_buy_error": "Еррор ДМинг ставку. Си враћен.",
    "gambling_shop_item_not_found": "Ниједан предмет на том индексу фоунд.",
    "gambling_shop_item_purchase": "Тачка куповина успешна.",
    "gambling_shop_item_rm": "Схоп ставка уклоњена",
    "gambling_shop_item_wrong_type": "То радња унос не подржава ставка додавање.",
    "gambling_shop_list_item_added": "Ставка успешно додат.",
    "gambling_shop_list_item_not_unique": "Та ставка је већ додат.",
    "gambling_shop_purchase": "Куповина на {0} сервера",
    "gambling_shop_role_not_found": "Улога која се продаје више не постоји.",
    "gambling_shop_role_purchase": "Успешно сте купили {0} улогу.",
    "gambling_shop_role_purchase_error": "Еррор додељивања улога. Ваша куповина је враћен.",
    "gambling_unique_items_left": "{0} уникати лево.",
    "permissions_blocked_commands": "Блокирани Команде",
    "permissions_blocked_modules": "Блокирани Модули",
    "permissions_gcmd_add": "Команда {0} је онемогућена на свим серверима.",
    "permissions_gcmd_remove": "Команда {0} је омогућено на свим серверима.",
    "permissions_gmod_add": "Модул {0} је онемогућена на свим серверима.",
    "permissions_gmod_remove": "Модул {0} је омогућено на свим серверима.",
    "permissions_lgp_none": "Нема блокираних команди или модула.",
    "gambling_animal_race_no_race": "",
    "utility_cant_read_or_send": "",
    "utility_quotes_notfound": ""
}